species,pathway,cor,p_value,celltype
Butyricimonas,KEGG_ABC_TRANSPORTERS,0.051723350547189,0.00494701303494191,Intermediate monocytes
Butyricimonas,KEGG_ACUTE_MYELOID_LEUKEMIA,0.103861862906183,1.55839011923259e-08,Intermediate monocytes
Butyricimonas,KEGG_ADHERENS_JUNCTION,0.0379981469153887,0.039013139469694,Intermediate monocytes
Butyricimonas,KEGG_ADIPOCYTOKINE_SIGNALING_PATHWAY,0.0609304450838952,0.000927621482286759,Intermediate monocytes
Butyricimonas,KEGG_ALANINE_ASPARTATE_AND_GLUTAMATE_METABOLISM,0.0500698579895752,0.00651824270278127,Intermediate monocytes
Butyricimonas,KEGG_ALDOSTERONE_REGULATED_SODIUM_REABSORPTION,0.069339614569673,0.000163453630267451,Intermediate monocytes
Butyricimonas,KEGG_ALLOGRAFT_REJECTION,-0.20790621486406,3.54880085935732e-30,Intermediate monocytes
Butyricimonas,KEGG_ALPHA_LINOLENIC_ACID_METABOLISM,0.0187199895066543,0.309350304897099,Intermediate monocytes
Butyricimonas,KEGG_ALZHEIMERS_DISEASE,-0.195895642054274,6.50626487450176e-27,Intermediate monocytes
Butyricimonas,KEGG_AMINOACYL_TRNA_BIOSYNTHESIS,0.0583748341222459,0.00151151142888583,Intermediate monocytes
Butyricimonas,KEGG_AMINO_SUGAR_AND_NUCLEOTIDE_SUGAR_METABOLISM,0.0153237509738169,0.405335598610398,Intermediate monocytes
Butyricimonas,KEGG_AMYOTROPHIC_LATERAL_SCLEROSIS_ALS,-0.0589347060066421,0.00136030390576514,Intermediate monocytes
Butyricimonas,KEGG_ANTIGEN_PROCESSING_AND_PRESENTATION,-0.160811130576201,1.50469333450801e-18,Intermediate monocytes
Butyricimonas,KEGG_APOPTOSIS,0.114791514751407,4.00398818133712e-10,Intermediate monocytes
Butyricimonas,KEGG_ARACHIDONIC_ACID_METABOLISM,-0.103337323172746,1.84122516453823e-08,Intermediate monocytes
Butyricimonas,KEGG_ARGININE_AND_PROLINE_METABOLISM,-0.0076275910600943,0.67873868155744,Intermediate monocytes
Butyricimonas,KEGG_ARRHYTHMOGENIC_RIGHT_VENTRICULAR_CARDIOMYOPATHY_ARVC,0.0558107867787265,0.00242219986434008,Intermediate monocytes
Butyricimonas,KEGG_ASCORBATE_AND_ALDARATE_METABOLISM,-0.0313676942666047,0.0884394080335085,Intermediate monocytes
Butyricimonas,KEGG_ASTHMA,-0.214901199535858,3.57590863625444e-32,Intermediate monocytes
Butyricimonas,KEGG_AUTOIMMUNE_THYROID_DISEASE,-0.207068530467347,6.08731718783716e-30,Intermediate monocytes
Butyricimonas,KEGG_AXON_GUIDANCE,0.0455476055902361,0.0133414076529633,Intermediate monocytes
Butyricimonas,KEGG_BASAL_CELL_CARCINOMA,0.0680929223744698,0.000214118514492048,Intermediate monocytes
Butyricimonas,KEGG_BASAL_TRANSCRIPTION_FACTORS,0.0457529720910297,0.0129299711129911,Intermediate monocytes
Butyricimonas,KEGG_BASE_EXCISION_REPAIR,-0.019720477660213,0.284201851835145,Intermediate monocytes
Butyricimonas,KEGG_BETA_ALANINE_METABOLISM,0.00919904810697621,0.617413290123361,Intermediate monocytes
Butyricimonas,KEGG_BIOSYNTHESIS_OF_UNSATURATED_FATTY_ACIDS,-0.0278680960199634,0.130144038502501,Intermediate monocytes
Butyricimonas,KEGG_BLADDER_CANCER,0.0813878097517844,9.5680953903102e-06,Intermediate monocytes
Butyricimonas,KEGG_BUTANOATE_METABOLISM,-0.0140404587626039,0.445799953515671,Intermediate monocytes
Butyricimonas,KEGG_B_CELL_RECEPTOR_SIGNALING_PATHWAY,-0.00564288627780155,0.759291211869911,Intermediate monocytes
Butyricimonas,KEGG_CALCIUM_SIGNALING_PATHWAY,0.00990146066226585,0.590809445752134,Intermediate monocytes
Butyricimonas,KEGG_CARDIAC_MUSCLE_CONTRACTION,-0.166631605106871,8.09638073148805e-20,Intermediate monocytes
Butyricimonas,KEGG_CELL_ADHESION_MOLECULES_CAMS,-0.0642777985011455,0.000476012605609972,Intermediate monocytes
Butyricimonas,KEGG_CELL_CYCLE,0.0571287640425614,0.00190515380455079,Intermediate monocytes
Butyricimonas,KEGG_CHEMOKINE_SIGNALING_PATHWAY,0.070252841542269,0.000133746627157957,Intermediate monocytes
Butyricimonas,KEGG_CHRONIC_MYELOID_LEUKEMIA,0.1072833552745,5.14650854461272e-09,Intermediate monocytes
Butyricimonas,KEGG_CIRCADIAN_RHYTHM_MAMMAL,-0.00111977214626891,0.951515503661937,Intermediate monocytes
Butyricimonas,KEGG_CITRATE_CYCLE_TCA_CYCLE,-0.0356275337900686,0.0529666508348536,Intermediate monocytes
Butyricimonas,KEGG_COLORECTAL_CANCER,-0.0366667430373228,0.0464064817592959,Intermediate monocytes
Butyricimonas,KEGG_COMPLEMENT_AND_COAGULATION_CASCADES,-0.0376359427208815,0.0409180520918603,Intermediate monocytes
Butyricimonas,KEGG_CYSTEINE_AND_METHIONINE_METABOLISM,-0.0486241875629207,0.00824519964376027,Intermediate monocytes
Butyricimonas,KEGG_CYTOKINE_CYTOKINE_RECEPTOR_INTERACTION,0.0550768688649038,0.00276294197248165,Intermediate monocytes
Butyricimonas,KEGG_CYTOSOLIC_DNA_SENSING_PATHWAY,-0.0224344827736248,0.223091826437852,Intermediate monocytes
Butyricimonas,KEGG_DILATED_CARDIOMYOPATHY,0.0548244566423064,0.00288989090481671,Intermediate monocytes
Butyricimonas,KEGG_DNA_REPLICATION,0.0499592410437135,0.00663786096870091,Intermediate monocytes
Butyricimonas,KEGG_DORSO_VENTRAL_AXIS_FORMATION,0.0434659427491616,0.0182099772394825,Intermediate monocytes
Butyricimonas,KEGG_DRUG_METABOLISM_CYTOCHROME_P450,-0.0938150241007603,3.30047821635652e-07,Intermediate monocytes
Butyricimonas,KEGG_DRUG_METABOLISM_OTHER_ENZYMES,0.0147335423649962,0.423666686359334,Intermediate monocytes
Butyricimonas,KEGG_ECM_RECEPTOR_INTERACTION,0.0280354777544155,0.127851724522052,Intermediate monocytes
Butyricimonas,KEGG_ENDOCYTOSIS,0.0473273755240611,0.0101311164625188,Intermediate monocytes
Butyricimonas,KEGG_ENDOMETRIAL_CANCER,0.107631301166135,4.5891668438398e-09,Intermediate monocytes
Butyricimonas,KEGG_EPITHELIAL_CELL_SIGNALING_IN_HELICOBACTER_PYLORI_INFECTION,-0.0808620050842524,1.09244119246878e-05,Intermediate monocytes
Butyricimonas,KEGG_ERBB_SIGNALING_PATHWAY,0.0668593050666846,0.000278483949205126,Intermediate monocytes
Butyricimonas,KEGG_ETHER_LIPID_METABOLISM,0.0402606005042437,0.0287395290873139,Intermediate monocytes
Butyricimonas,KEGG_FATTY_ACID_METABOLISM,0.00883481792258992,0.631411718202402,Intermediate monocytes
Butyricimonas,KEGG_FC_EPSILON_RI_SIGNALING_PATHWAY,0.0548995154022223,0.00285159557229007,Intermediate monocytes
Butyricimonas,KEGG_FC_GAMMA_R_MEDIATED_PHAGOCYTOSIS,-0.014407613047423,0.433994030343958,Intermediate monocytes
Butyricimonas,KEGG_FOCAL_ADHESION,0.0277034022776459,0.132430531734835,Intermediate monocytes
Butyricimonas,KEGG_FOLATE_BIOSYNTHESIS,0.0324777857675016,0.0777299420917185,Intermediate monocytes
Butyricimonas,KEGG_FRUCTOSE_AND_MANNOSE_METABOLISM,-0.0410475635581503,0.0257589803033985,Intermediate monocytes
Butyricimonas,KEGG_GALACTOSE_METABOLISM,0.00916380041014028,0.618762015824244,Intermediate monocytes
Butyricimonas,KEGG_GAP_JUNCTION,0.00740233605327974,0.687718587795873,Intermediate monocytes
Butyricimonas,KEGG_GLIOMA,0.0744443576738223,5.16674830387706e-05,Intermediate monocytes
Butyricimonas,KEGG_GLUTATHIONE_METABOLISM,-0.131633361475636,7.02430231546308e-13,Intermediate monocytes
Butyricimonas,KEGG_GLYCEROLIPID_METABOLISM,-0.00784477589257283,0.670123432102215,Intermediate monocytes
Butyricimonas,KEGG_GLYCEROPHOSPHOLIPID_METABOLISM,0.0333920024819234,0.069724759919842,Intermediate monocytes
Butyricimonas,KEGG_GLYCINE_SERINE_AND_THREONINE_METABOLISM,0.052026338323708,0.00469937378222911,Intermediate monocytes
Butyricimonas,KEGG_GLYCOLYSIS_GLUCONEOGENESIS,-0.0873652066481566,2.00391674338123e-06,Intermediate monocytes
Butyricimonas,KEGG_GLYCOSAMINOGLYCAN_BIOSYNTHESIS_CHONDROITIN_SULFATE,0.0766890177081543,3.04114609835088e-05,Intermediate monocytes
Butyricimonas,KEGG_GLYCOSAMINOGLYCAN_BIOSYNTHESIS_HEPARAN_SULFATE,0.0526166242007349,0.00424887621162625,Intermediate monocytes
Butyricimonas,KEGG_GLYCOSAMINOGLYCAN_BIOSYNTHESIS_KERATAN_SULFATE,0.0445044639630075,0.0156148953960522,Intermediate monocytes
Butyricimonas,KEGG_GLYCOSAMINOGLYCAN_DEGRADATION,-0.00604839349574989,0.74258555765252,Intermediate monocytes
Butyricimonas,KEGG_GLYCOSPHINGOLIPID_BIOSYNTHESIS_GANGLIO_SERIES,-0.0194332930232441,0.291274763920103,Intermediate monocytes
Butyricimonas,KEGG_GLYCOSPHINGOLIPID_BIOSYNTHESIS_GLOBO_SERIES,-0.0410232637240019,0.0258468520818439,Intermediate monocytes
Butyricimonas,KEGG_GLYCOSPHINGOLIPID_BIOSYNTHESIS_LACTO_AND_NEOLACTO_SERIES,0.0383515097016478,0.0372278124244033,Intermediate monocytes
Butyricimonas,KEGG_GLYCOSYLPHOSPHATIDYLINOSITOL_GPI_ANCHOR_BIOSYNTHESIS,0.0379476837460562,0.039273936917955,Intermediate monocytes
Butyricimonas,KEGG_GLYOXYLATE_AND_DICARBOXYLATE_METABOLISM,-0.0294112864791787,0.110180779323729,Intermediate monocytes
Butyricimonas,KEGG_GNRH_SIGNALING_PATHWAY,0.0714317492146703,0.000102873635783865,Intermediate monocytes
Butyricimonas,KEGG_GRAFT_VERSUS_HOST_DISEASE,-0.20938485886092,1.36126764574912e-30,Intermediate monocytes
Butyricimonas,KEGG_HEDGEHOG_SIGNALING_PATHWAY,0.043868075571481,0.0171634362088972,Intermediate monocytes
Butyricimonas,KEGG_HEMATOPOIETIC_CELL_LINEAGE,-0.0232373675676168,0.206962605630784,Intermediate monocytes
Butyricimonas,KEGG_HISTIDINE_METABOLISM,-0.0177977320117455,0.333796527753338,Intermediate monocytes
Butyricimonas,KEGG_HOMOLOGOUS_RECOMBINATION,0.0298941849123759,0.104456965928564,Intermediate monocytes
Butyricimonas,KEGG_HUNTINGTONS_DISEASE,-0.228863986761366,2.25362735506567e-36,Intermediate monocytes
Butyricimonas,KEGG_HYPERTROPHIC_CARDIOMYOPATHY_HCM,0.0485958737773676,0.0082827686355811,Intermediate monocytes
Butyricimonas,KEGG_INOSITOL_PHOSPHATE_METABOLISM,0.043202846911669,0.0189245245198097,Intermediate monocytes
Butyricimonas,KEGG_INSULIN_SIGNALING_PATHWAY,0.0999687882716184,5.2700154408783e-08,Intermediate monocytes
Butyricimonas,KEGG_INTESTINAL_IMMUNE_NETWORK_FOR_IGA_PRODUCTION,-0.161107122977179,1.30025500558374e-18,Intermediate monocytes
Butyricimonas,KEGG_JAK_STAT_SIGNALING_PATHWAY,0.103211702107488,1.91602245871652e-08,Intermediate monocytes
Butyricimonas,KEGG_LEISHMANIA_INFECTION,-0.137783366179068,5.58212647654134e-14,Intermediate monocytes
Butyricimonas,KEGG_LEUKOCYTE_TRANSENDOTHELIAL_MIGRATION,0.0163788026273063,0.37377194501015,Intermediate monocytes
Butyricimonas,KEGG_LIMONENE_AND_PINENE_DEGRADATION,-0.0299896714342572,0.103353613849049,Intermediate monocytes
Butyricimonas,KEGG_LINOLEIC_ACID_METABOLISM,0.00576708614452684,0.754162209901848,Intermediate monocytes
Butyricimonas,KEGG_LONG_TERM_DEPRESSION,0.0156629535131346,0.395018265476051,Intermediate monocytes
Butyricimonas,KEGG_LONG_TERM_POTENTIATION,0.0828833967178081,6.53384839995876e-06,Intermediate monocytes
Butyricimonas,KEGG_LYSINE_DEGRADATION,0.0516953942439789,0.00497044660450842,Intermediate monocytes
Butyricimonas,KEGG_LYSOSOME,-0.0961422313839682,1.67090669586464e-07,Intermediate monocytes
Butyricimonas,KEGG_MAPK_SIGNALING_PATHWAY,0.0267281983223329,0.146612036108514,Intermediate monocytes
Butyricimonas,KEGG_MELANOGENESIS,0.0649629214116317,0.000413642947610895,Intermediate monocytes
Butyricimonas,KEGG_MELANOMA,0.106545443374678,6.55486662455585e-09,Intermediate monocytes
Butyricimonas,KEGG_METABOLISM_OF_XENOBIOTICS_BY_CYTOCHROME_P450,-0.0921268500059194,5.35432406736042e-07,Intermediate monocytes
Butyricimonas,KEGG_MISMATCH_REPAIR,0.0396593040455126,0.0312126237627571,Intermediate monocytes
Butyricimonas,KEGG_MTOR_SIGNALING_PATHWAY,0.0571033242875461,0.00191409148676308,Intermediate monocytes
Butyricimonas,KEGG_NATURAL_KILLER_CELL_MEDIATED_CYTOTOXICITY,0.0391157619244158,0.0336030848482326,Intermediate monocytes
Butyricimonas,KEGG_NEUROACTIVE_LIGAND_RECEPTOR_INTERACTION,-0.0323169835900887,0.0792125119886341,Intermediate monocytes
Butyricimonas,KEGG_NEUROTROPHIN_SIGNALING_PATHWAY,0.0215623563153536,0.241609199675107,Intermediate monocytes
Butyricimonas,KEGG_NICOTINATE_AND_NICOTINAMIDE_METABOLISM,0.0379498379507492,0.0392627736699087,Intermediate monocytes
Butyricimonas,KEGG_NITROGEN_METABOLISM,0.0440317399077911,0.0167528397297143,Intermediate monocytes
Butyricimonas,KEGG_NOD_LIKE_RECEPTOR_SIGNALING_PATHWAY,0.00740993817060791,0.687414797876901,Intermediate monocytes
Butyricimonas,KEGG_NON_HOMOLOGOUS_END_JOINING,0.0268778272958906,0.144363687333692,Intermediate monocytes
Butyricimonas,KEGG_NON_SMALL_CELL_LUNG_CANCER,0.114992042441564,3.73136732621622e-10,Intermediate monocytes
Butyricimonas,KEGG_NOTCH_SIGNALING_PATHWAY,0.0810312386990933,1.04690150955955e-05,Intermediate monocytes
Butyricimonas,KEGG_NUCLEOTIDE_EXCISION_REPAIR,0.0420600574381631,0.0223200954022845,Intermediate monocytes
Butyricimonas,KEGG_N_GLYCAN_BIOSYNTHESIS,-0.0426057221870733,0.0206378124520895,Intermediate monocytes
Butyricimonas,KEGG_ONE_CARBON_POOL_BY_FOLATE,0.0412181052689362,0.0251495114147741,Intermediate monocytes
Butyricimonas,KEGG_OOCYTE_MEIOSIS,-0.0066505402449492,0.718003057306535,Intermediate monocytes
Butyricimonas,KEGG_OTHER_GLYCAN_DEGRADATION,0.019841080417003,0.281266524547502,Intermediate monocytes
Butyricimonas,KEGG_OXIDATIVE_PHOSPHORYLATION,-0.246097443354993,5.84013177842772e-42,Intermediate monocytes
Butyricimonas,KEGG_O_GLYCAN_BIOSYNTHESIS,0.0562635875485595,0.00223161822814245,Intermediate monocytes
Butyricimonas,KEGG_P53_SIGNALING_PATHWAY,0.0949827065384599,2.35022986594187e-07,Intermediate monocytes
Butyricimonas,KEGG_PANCREATIC_CANCER,0.0684578227389311,0.000197938927752245,Intermediate monocytes
Butyricimonas,KEGG_PANTOTHENATE_AND_COA_BIOSYNTHESIS,0.0672377628943809,0.000257028163008511,Intermediate monocytes
Butyricimonas,KEGG_PARKINSONS_DISEASE,-0.229095860432068,1.9084700880373e-36,Intermediate monocytes
Butyricimonas,KEGG_PATHOGENIC_ESCHERICHIA_COLI_INFECTION,-0.0935289732325243,3.58457058567015e-07,Intermediate monocytes
Butyricimonas,KEGG_PATHWAYS_IN_CANCER,0.0563132677549037,0.00221156653327543,Intermediate monocytes
Butyricimonas,KEGG_PENTOSE_AND_GLUCURONATE_INTERCONVERSIONS,-0.0441308871854767,0.0165083161598182,Intermediate monocytes
Butyricimonas,KEGG_PENTOSE_PHOSPHATE_PATHWAY,-0.0458772005060107,0.0126865709950708,Intermediate monocytes
Butyricimonas,KEGG_PEROXISOME,-0.08168273921582,8.87933640326363e-06,Intermediate monocytes
Butyricimonas,KEGG_PHENYLALANINE_METABOLISM,-0.0254653899692639,0.166665696065298,Intermediate monocytes
Butyricimonas,KEGG_PHOSPHATIDYLINOSITOL_SIGNALING_SYSTEM,0.0878719095007837,1.746837393281e-06,Intermediate monocytes
Butyricimonas,KEGG_PORPHYRIN_AND_CHLOROPHYLL_METABOLISM,-0.0162839634723315,0.376545433215945,Intermediate monocytes
Butyricimonas,KEGG_PPAR_SIGNALING_PATHWAY,-0.0490024754409028,0.00775767664582998,Intermediate monocytes
Butyricimonas,KEGG_PRIMARY_BILE_ACID_BIOSYNTHESIS,-0.0258501794378586,0.160348117680317,Intermediate monocytes
Butyricimonas,KEGG_PRIMARY_IMMUNODEFICIENCY,0.0209105626553076,0.256136722039127,Intermediate monocytes
Butyricimonas,KEGG_PRION_DISEASES,-0.0238821599292037,0.194635155605602,Intermediate monocytes
Butyricimonas,KEGG_PROGESTERONE_MEDIATED_OOCYTE_MATURATION,0.0478307712360726,0.0093576791976246,Intermediate monocytes
Butyricimonas,KEGG_PROPANOATE_METABOLISM,-0.0235832103716566,0.200281977752799,Intermediate monocytes
Butyricimonas,KEGG_PROSTATE_CANCER,0.0678014707648839,0.000227924501584922,Intermediate monocytes
Butyricimonas,KEGG_PROTEASOME,-0.120436749039449,5.25133576356847e-11,Intermediate monocytes
Butyricimonas,KEGG_PROTEIN_EXPORT,-0.063095805181487,0.000604637773620595,Intermediate monocytes
Butyricimonas,KEGG_PROXIMAL_TUBULE_BICARBONATE_RECLAMATION,0.0196164576775572,0.286750162815104,Intermediate monocytes
Butyricimonas,KEGG_PURINE_METABOLISM,0.00330132707645808,0.857731312581005,Intermediate monocytes
Butyricimonas,KEGG_PYRIMIDINE_METABOLISM,-0.00506106726719017,0.783455929689175,Intermediate monocytes
Butyricimonas,KEGG_PYRUVATE_METABOLISM,-0.0603982897918934,0.00102843656872474,Intermediate monocytes
Butyricimonas,KEGG_REGULATION_OF_ACTIN_CYTOSKELETON,0.00270065073517504,0.883411560186265,Intermediate monocytes
Butyricimonas,KEGG_REGULATION_OF_AUTOPHAGY,-0.0595667386527709,0.00120643583111873,Intermediate monocytes
Butyricimonas,KEGG_RENAL_CELL_CARCINOMA,0.043525458987801,0.0180516496578636,Intermediate monocytes
Butyricimonas,KEGG_RENIN_ANGIOTENSIN_SYSTEM,-0.00472555437082645,0.797487982729821,Intermediate monocytes
Butyricimonas,KEGG_RETINOL_METABOLISM,-0.0117546024567878,0.523279680867055,Intermediate monocytes
Butyricimonas,KEGG_RIBOFLAVIN_METABOLISM,-0.0161327932194246,0.380992430377058,Intermediate monocytes
Butyricimonas,KEGG_RIBOSOME,-0.342694267591317,4.27962505957571e-82,Intermediate monocytes
Butyricimonas,KEGG_RIG_I_LIKE_RECEPTOR_SIGNALING_PATHWAY,0.0755834927036868,3.95538013365173e-05,Intermediate monocytes
Butyricimonas,KEGG_RNA_DEGRADATION,0.0069774133909001,0.70477786486736,Intermediate monocytes
Butyricimonas,KEGG_RNA_POLYMERASE,-0.0495098415439456,0.00714437391442374,Intermediate monocytes
Butyricimonas,KEGG_SELENOAMINO_ACID_METABOLISM,0.0190604093131465,0.30063341446481,Intermediate monocytes
Butyricimonas,KEGG_SMALL_CELL_LUNG_CANCER,0.106007314490388,7.81141256244495e-09,Intermediate monocytes
Butyricimonas,KEGG_SNARE_INTERACTIONS_IN_VESICULAR_TRANSPORT,-0.0290500586720544,0.114622173818897,Intermediate monocytes
Butyricimonas,KEGG_SPHINGOLIPID_METABOLISM,0.0176665847143224,0.337371350548151,Intermediate monocytes
Butyricimonas,KEGG_SPLICEOSOME,-0.0942155889615682,2.93890460964186e-07,Intermediate monocytes
Butyricimonas,KEGG_STARCH_AND_SUCROSE_METABOLISM,0.0403123798264474,0.0285346763206085,Intermediate monocytes
Butyricimonas,KEGG_STEROID_BIOSYNTHESIS,-0.0560212036468201,0.00233185718468239,Intermediate monocytes
Butyricimonas,KEGG_STEROID_HORMONE_BIOSYNTHESIS,-0.0340643395446974,0.0642798698031656,Intermediate monocytes
Butyricimonas,KEGG_SULFUR_METABOLISM,0.0497389677832901,0.0068819505516705,Intermediate monocytes
Butyricimonas,KEGG_SYSTEMIC_LUPUS_ERYTHEMATOSUS,-0.193842801062288,2.24074228149631e-26,Intermediate monocytes
Butyricimonas,KEGG_TASTE_TRANSDUCTION,0.0340879417583245,0.0640952908318004,Intermediate monocytes
Butyricimonas,KEGG_TAURINE_AND_HYPOTAURINE_METABOLISM,0.0317669660496444,0.084458180571152,Intermediate monocytes
Butyricimonas,KEGG_TERPENOID_BACKBONE_BIOSYNTHESIS,0.002559112258819,0.889481552369847,Intermediate monocytes
Butyricimonas,KEGG_TGF_BETA_SIGNALING_PATHWAY,0.0251452249794502,0.172063306316055,Intermediate monocytes
Butyricimonas,KEGG_THYROID_CANCER,0.0902086029523006,9.18481325616095e-07,Intermediate monocytes
Butyricimonas,KEGG_TIGHT_JUNCTION,0.0180127360722296,0.327988971467068,Intermediate monocytes
Butyricimonas,KEGG_TOLL_LIKE_RECEPTOR_SIGNALING_PATHWAY,-0.0313213742187262,0.0889109057660382,Intermediate monocytes
Butyricimonas,KEGG_TRYPTOPHAN_METABOLISM,0.0315525634079119,0.0865776300404856,Intermediate monocytes
Butyricimonas,KEGG_TYPE_II_DIABETES_MELLITUS,0.039911813616567,0.0301526757319463,Intermediate monocytes
Butyricimonas,KEGG_TYPE_I_DIABETES_MELLITUS,-0.209069267368713,1.67119666623219e-30,Intermediate monocytes
Butyricimonas,KEGG_TYROSINE_METABOLISM,-0.0149820453064495,0.415890124309205,Intermediate monocytes
Butyricimonas,KEGG_T_CELL_RECEPTOR_SIGNALING_PATHWAY,0.0554761498622345,0.00257249057248098,Intermediate monocytes
Butyricimonas,KEGG_UBIQUITIN_MEDIATED_PROTEOLYSIS,0.0536579414416041,0.0035485547561343,Intermediate monocytes
Butyricimonas,KEGG_VALINE_LEUCINE_AND_ISOLEUCINE_BIOSYNTHESIS,0.0466105062932554,0.011330693924539,Intermediate monocytes
Butyricimonas,KEGG_VALINE_LEUCINE_AND_ISOLEUCINE_DEGRADATION,0.00718210751091109,0.696540886475812,Intermediate monocytes
Butyricimonas,KEGG_VASCULAR_SMOOTH_MUSCLE_CONTRACTION,0.0411159292202961,0.0255131439379934,Intermediate monocytes
Butyricimonas,KEGG_VASOPRESSIN_REGULATED_WATER_REABSORPTION,-0.00805393731179692,0.661867231815979,Intermediate monocytes
Butyricimonas,KEGG_VEGF_SIGNALING_PATHWAY,0.0580542000661846,0.00160492907266634,Intermediate monocytes
Butyricimonas,KEGG_VIBRIO_CHOLERAE_INFECTION,-0.0749489337695789,4.59221093207618e-05,Intermediate monocytes
Butyricimonas,KEGG_VIRAL_MYOCARDITIS,-0.158998815364207,3.65714036055116e-18,Intermediate monocytes
Butyricimonas,KEGG_WNT_SIGNALING_PATHWAY,0.048665800946351,0.00819026026390347,Intermediate monocytes
Butyricimonas,KEGG_MEDICUS_ENV_FACTOR_ARSENIC_TO_ELECTRON_TRANSFER_IN_COMPLEX_IV,-0.160086643455076,2.14867615459611e-18,Intermediate monocytes
Butyricimonas,KEGG_MEDICUS_ENV_FACTOR_BENZO_A_PYRENRE_TO_CYP_MEDIATED_METABOLISM,-0.0525612249301362,0.00428942695226042,Intermediate monocytes
Butyricimonas,KEGG_MEDICUS_ENV_FACTOR_DCE_TO_DNA_ADDUCTS,-0.0680797807594942,0.000214723746907691,Intermediate monocytes
Butyricimonas,KEGG_MEDICUS_ENV_FACTOR_E2_TO_NUCLEAR_INITIATED_ESTROGEN_SIGNALING_PATHWAY,0.0283378375263037,0.123790562659769,Intermediate monocytes
Butyricimonas,KEGG_MEDICUS_ENV_FACTOR_E2_TO_RAS_ERK_SIGNALING_PATHWAY,-0.0613531500046249,0.000854150188497036,Intermediate monocytes
Butyricimonas,KEGG_MEDICUS_ENV_FACTOR_IRON_TO_ANTEROGRADE_AXONAL_TRANSPORT,-0.0642922075782341,0.000474615159102818,Intermediate monocytes
Butyricimonas,KEGG_MEDICUS_ENV_FACTOR_METALS_TO_JNK_SIGNALING_PATHWAY,-0.105957660473238,7.93850377263701e-09,Intermediate monocytes
Butyricimonas,KEGG_MEDICUS_ENV_FACTOR_METALS_TO_KEAP1_NRF2_SIGNALIG_PATHWAY,-0.00214643678280699,0.907215195671307,Intermediate monocytes
Butyricimonas,KEGG_MEDICUS_ENV_FACTOR_METALS_TO_NFKB_SIGNALING_PATHWAY,0.0306397869391022,0.0960856632505176,Intermediate monocytes
Butyricimonas,KEGG_MEDICUS_ENV_FACTOR_METALS_TO_RAS_ERK_SIGNALING_PATHWAY,-0.0653925529810407,0.000378516243341651,Intermediate monocytes
Butyricimonas,KEGG_MEDICUS_ENV_FACTOR_NICOTINE_NNK_TO_PI3K_SIGNALING_PATHWAY,-0.0154649056916612,0.401022761937426,Intermediate monocytes
Butyricimonas,KEGG_MEDICUS_ENV_FACTOR_NICOTINE_TO_JAK_STAT_SIGNALING_PATHWAY,0.0441965073679963,0.0163482075752724,Intermediate monocytes
Butyricimonas,KEGG_MEDICUS_ENV_FACTOR_NNK_NNN_TO_CHRNA7_E2F_SIGNALING_PATHWAY,0.0544060577497276,0.00311209038445765,Intermediate monocytes
Butyricimonas,KEGG_MEDICUS_ENV_FACTOR_NNK_NNN_TO_PI3K_SIGNALING_PATHWAY_N01339,0.063260215951765,0.000584990242201217,Intermediate monocytes
Butyricimonas,KEGG_MEDICUS_ENV_FACTOR_NNK_NNN_TO_PI3K_SIGNALING_PATHWAY_N01350,-0.0552538791386734,0.00267697581565723,Intermediate monocytes
Butyricimonas,KEGG_MEDICUS_ENV_FACTOR_NNK_NNN_TO_RAS_ERK_SIGNALING_PATHWAY,-0.0644348862983254,0.000460982603843002,Intermediate monocytes
Butyricimonas,KEGG_MEDICUS_ENV_FACTOR_PARAQUAT_TO_FAS_JNK_SIGNALING_PATHWAY,-0.0660728655203441,0.00032854327949239,Intermediate monocytes
Butyricimonas,KEGG_MEDICUS_ENV_FACTOR_PHIP_TO_DNA_ADDUCTS,0.0243829631413389,0.18543861940378,Intermediate monocytes
Butyricimonas,KEGG_MEDICUS_ENV_FACTOR_TCDD_TO_AHR_SIGNALING_PATHWAY,-0.0665547568720618,0.000296955832437222,Intermediate monocytes
Butyricimonas,KEGG_MEDICUS_ENV_FACTOR_ZN_TO_ANTEROGRADE_AXONAL_TRANSPORT,-0.0575729021717674,0.00175516229493079,Intermediate monocytes
Butyricimonas,KEGG_MEDICUS_PATHOGEN_ARSENIC_TO_ELECTRON_TRANSFER_IN_COMPLEX_II,-0.0604682319430749,0.00101463099892549,Intermediate monocytes
Butyricimonas,KEGG_MEDICUS_PATHOGEN_EBV_BARF1_TO_INTRINSIC_APOPTOTIC_PATHWAY,0.0193990096365368,0.292126946244684,Intermediate monocytes
Butyricimonas,KEGG_MEDICUS_PATHOGEN_EBV_EBNA1_TO_P53_MEDIATED_TRANSCRIPTION,0.00520484860672304,0.777463796751266,Intermediate monocytes
Butyricimonas,KEGG_MEDICUS_PATHOGEN_EBV_EBNA2_TO_RBP_JK_MEDIATED_TRANSCRIPTION,0.00311624973397242,0.865629057890219,Intermediate monocytes
Butyricimonas,KEGG_MEDICUS_PATHOGEN_EBV_EBNA3C_TO_CELL_CYCLE_G1_S_N00483,0.111089235262443,1.44045854629973e-09,Intermediate monocytes
Butyricimonas,KEGG_MEDICUS_PATHOGEN_EBV_EBNA3C_TO_CELL_CYCLE_G1_S_N00484,0.0429727304742992,0.0195694721164123,Intermediate monocytes
Butyricimonas,KEGG_MEDICUS_PATHOGEN_EBV_EBNA3C_TO_P27_CELL_CYCLE_G1_S_N00264,0.0376528892253376,0.0408272015758833,Intermediate monocytes
Butyricimonas,KEGG_MEDICUS_PATHOGEN_EBV_EBNA3C_TO_P27_CELL_CYCLE_G1_S_N00482,0.0393799803070288,0.0324222010800219,Intermediate monocytes
Butyricimonas,KEGG_MEDICUS_PATHOGEN_EBV_EBNA3C_TO_P53_MEDIATED_TRANSCRIPTION,0.00714282702970608,0.698118815118328,Intermediate monocytes
Butyricimonas,KEGG_MEDICUS_PATHOGEN_EBV_LMP1_TO_NFKB_SIGNALING_PATHWAY,0.0291394092498676,0.113510688471793,Intermediate monocytes
Butyricimonas,KEGG_MEDICUS_PATHOGEN_EBV_LMP1_TO_PI3K_SIGNALING_PATHWAY,0.0455583711517632,0.0133195557610242,Intermediate monocytes
Butyricimonas,KEGG_MEDICUS_PATHOGEN_EBV_LMP2A_TO_PI3K_SIGNALING_PATHWAY,0.00788638425398485,0.668477814251513,Intermediate monocytes
Butyricimonas,KEGG_MEDICUS_PATHOGEN_ESCHERICHIA_EAE_TIR_TCCP_TO_ACTIN_SIGNALING_PATHWAY,-0.0850037068216326,3.76264597792989e-06,Intermediate monocytes
Butyricimonas,KEGG_MEDICUS_PATHOGEN_ESCHERICHIA_EAE_TIR_TO_ACTIN_SIGNALING_PATHWAY,-0.0764057875744328,3.25407355412334e-05,Intermediate monocytes
Butyricimonas,KEGG_MEDICUS_PATHOGEN_ESCHERICHIA_ESPG_TO_MICROTUBULE_RHOA_SIGNALING_PATHWAY,-0.0630239354963028,0.000613417738941781,Intermediate monocytes
Butyricimonas,KEGG_MEDICUS_PATHOGEN_ESCHERICHIA_ESPJ_TO_IGG_FCGR_RAC_SIGNALING_PATHWAY,0.0315819550502322,0.0862845685895365,Intermediate monocytes
Butyricimonas,KEGG_MEDICUS_PATHOGEN_ESCHERICHIA_ESPT_TO_RAC_SIGNALING_PATHWAY,-0.0881092487486044,1.63761351304505e-06,Intermediate monocytes
Butyricimonas,KEGG_MEDICUS_PATHOGEN_ESCHERICHIA_MAP_TO_CDC42_SIGNALING_PATHWAY,-0.0680312554524511,0.000216972501099499,Intermediate monocytes
Butyricimonas,KEGG_MEDICUS_PATHOGEN_ESCHERICHIA_MAP_TO_LPA_GNA12_13_RHOA_SIGNALING_PATHWAY,0.0124883333721528,0.497680331961338,Intermediate monocytes
Butyricimonas,KEGG_MEDICUS_PATHOGEN_ESCHERICHIA_TIR_TO_TLR2_4_MAPK_SIGNALING_PATHWAY,0.000865209980663313,0.962528377981306,Intermediate monocytes
Butyricimonas,KEGG_MEDICUS_PATHOGEN_HBV_HBX_TO_CREB_MEDIATED_TRANSCRIPTION,0.0467774049307014,0.0110406817832948,Intermediate monocytes
Butyricimonas,KEGG_MEDICUS_PATHOGEN_HBV_HBX_TO_ERK_SIGNALING_PATHWAY,-0.107690163286578,4.50087811001566e-09,Intermediate monocytes
Butyricimonas,KEGG_MEDICUS_PATHOGEN_HBV_HBX_TO_RAS_ERK_SIGNALING_PATHWAY,0.0611348503544586,0.000891391809147965,Intermediate monocytes
Butyricimonas,KEGG_MEDICUS_PATHOGEN_HBV_LHBS_TO_PKC_ERK_SIGNALING_PATHWAY,-0.0766187936999467,3.0926699996193e-05,Intermediate monocytes
Butyricimonas,KEGG_MEDICUS_PATHOGEN_HCMV_GB_TO_PDGFR_RAS_ERK_SIGNALING_PATHWAY,0.0544742240271339,0.00307485906975625,Intermediate monocytes
Butyricimonas,KEGG_MEDICUS_PATHOGEN_HCMV_GH_TO_ITGA_B_RHOA_SIGNALING_PATHWAY,-0.0561776537621761,0.00226669594492301,Intermediate monocytes
Butyricimonas,KEGG_MEDICUS_PATHOGEN_HCMV_UL33_TO_GNAI_AC_PKA_SIGNALING_PATHWAY,0.0243512026129209,0.186012144395116,Intermediate monocytes
Butyricimonas,KEGG_MEDICUS_PATHOGEN_HCMV_UL33_TO_GNAQ_PLCB_G_CALCINEURIN_SIGNALING_PATHWAY,0.0198908089580227,0.280062200635345,Intermediate monocytes
Butyricimonas,KEGG_MEDICUS_PATHOGEN_HCMV_UL33_TO_GNB_G_RHO_SIGNALING_PATHWAY,-0.0117928748148157,0.521927883596374,Intermediate monocytes
Butyricimonas,KEGG_MEDICUS_PATHOGEN_HCMV_US27_TO_CXCR4_GNB_G_PLCB_PKC_SIGNALING_PATHWAY,0.0426715508585358,0.0204425288910862,Intermediate monocytes
Butyricimonas,KEGG_MEDICUS_PATHOGEN_HCMV_US28_TO_GNA12_13_RHO_SIGNALING_PATHWAY,0.0246872963458076,0.180009170838859,Intermediate monocytes
Butyricimonas,KEGG_MEDICUS_PATHOGEN_HCMV_US28_TO_GNAQ_PLCB_G_CALCINEURIN_SIGNALING_PATHWAY,0.0326487342444481,0.0761786766445274,Intermediate monocytes
Butyricimonas,KEGG_MEDICUS_PATHOGEN_HCMV_US28_TO_GNB_G_PI3K_NFKB_SIGNALING_PATHWAY,-0.00415619932053428,0.821447994971586,Intermediate monocytes
Butyricimonas,KEGG_MEDICUS_PATHOGEN_HCV_CORE_TO_ERK_SIGNALING_PATHWAY,-0.0302231615091545,0.100694615591384,Intermediate monocytes
Butyricimonas,KEGG_MEDICUS_PATHOGEN_HCV_CORE_TO_RXRA_LXRA_MEDIATED_TRANSCRIPTION,0.0141424744501009,0.442501399294592,Intermediate monocytes
Butyricimonas,KEGG_MEDICUS_PATHOGEN_HCV_CORE_TO_RXRA_PPARA_MEDIATED_TRANSCRIPTION,0.0163532840599788,0.374516967872713,Intermediate monocytes
Butyricimonas,KEGG_MEDICUS_PATHOGEN_HIV_GP120_TO_CXCR4_GNAI_PI3K_BAD_SIGNALING_PATHWAY,-0.016330822712797,0.375173493044359,Intermediate monocytes
Butyricimonas,KEGG_MEDICUS_PATHOGEN_HIV_GP120_TO_CXCR4_GNAQ_PLCB_G_CALCINEURIN,0.0124922104805801,0.497546854836743,Intermediate monocytes
Butyricimonas,KEGG_MEDICUS_PATHOGEN_HIV_GP120_TO_CXCR4_GNB_G_RAC_SIGNALING_PATHWAY,-0.0751777000147822,4.35217453773708e-05,Intermediate monocytes
Butyricimonas,KEGG_MEDICUS_PATHOGEN_HIV_GP120_TO_TNF_NFKB_SIGNALING_PATHWAY,0.0323716377513987,0.078706052037124,Intermediate monocytes
Butyricimonas,KEGG_MEDICUS_PATHOGEN_HIV_NEF_TO_TNF_NFKB_SIGNALING_PATHWAY,0.0322527267614965,0.079811341006197,Intermediate monocytes
Butyricimonas,KEGG_MEDICUS_PATHOGEN_HIV_TAT_NEF_TO_CROSSTALK_BETWEEN_EXTRINSIC_AND_INTRINSIC_APOPTOTIC_PATHWAYS,0.0159004996271692,0.387888350297728,Intermediate monocytes
Butyricimonas,KEGG_MEDICUS_PATHOGEN_HIV_VPR_TAT_TO_TNF_JNK_SIGNALING_PATHWAY,-0.122107666613067,2.82577800778954e-11,Intermediate monocytes
Butyricimonas,KEGG_MEDICUS_PATHOGEN_HIV_VPR_TO_CDC25_CELL_CYCLE_G2M,0.0481779804049478,0.00885534450491416,Intermediate monocytes
Butyricimonas,KEGG_MEDICUS_PATHOGEN_HIV_VPR_TO_WEE1_CELL_CYCLE_G2M,0.0158223325864408,0.390225824058606,Intermediate monocytes
Butyricimonas,KEGG_MEDICUS_PATHOGEN_HPV_E5_TO_ANTIGEN_PROCESSING_AND_PRESENTATION_BY_MHC_CLASS_I_MOLECULES,-0.0769911721059457,2.82861058175029e-05,Intermediate monocytes
Butyricimonas,KEGG_MEDICUS_PATHOGEN_HPV_E5_TO_EGFR_RAS_ERK_SIGNALING_PATHWAY,0.0548267611214641,0.00288870820104376,Intermediate monocytes
Butyricimonas,KEGG_MEDICUS_PATHOGEN_HPV_E6_TO_NOTCH_SIGNALING_PATHWAY_N00380,0.0644576918836938,0.000458837745968602,Intermediate monocytes
Butyricimonas,KEGG_MEDICUS_PATHOGEN_HPV_E6_TO_NOTCH_SIGNALING_PATHWAY_N00381,0.0575184947279776,0.00177293449513094,Intermediate monocytes
Butyricimonas,KEGG_MEDICUS_PATHOGEN_HPV_E6_TO_NOTCH_SIGNALING_PATHWAY_N00382,0.0666175884926066,0.00029305344314477,Intermediate monocytes
Butyricimonas,KEGG_MEDICUS_PATHOGEN_HPV_E7_TO_CELL_CYCLE_G1_S,0.0551864887084691,0.00270941218626506,Intermediate monocytes
Butyricimonas,KEGG_MEDICUS_PATHOGEN_HPV_E7_TO_P27_CELL_CYCLE_G1_S,0.0399410436478523,0.0300319981956747,Intermediate monocytes
Butyricimonas,KEGG_MEDICUS_PATHOGEN_HSV_GD_TO_HVEM_NFKB_SIGNALING_PATHWAY,0.0111009127046215,0.546642306747573,Intermediate monocytes
Butyricimonas,KEGG_MEDICUS_PATHOGEN_HTLV_1_P12_TO_ANTIGEN_PROCESSING_AND_PRESENTATION_BY_MHC_CLASS_I_MOLECULES,-0.0758706829786436,3.69556507994021e-05,Intermediate monocytes
Butyricimonas,KEGG_MEDICUS_PATHOGEN_HTLV_1_P12_TO_JAK_STAT_SIGNALING_PATHWAY,0.00195977703939684,0.915252158848743,Intermediate monocytes
Butyricimonas,KEGG_MEDICUS_PATHOGEN_HTLV_1_TAX_TO_E47_MEDIATED_TRANSCRIPTION,-0.00488837093155872,0.790670079081061,Intermediate monocytes
Butyricimonas,KEGG_MEDICUS_PATHOGEN_HTLV_1_TAX_TO_NFY_MEDIATED_TRANSCRIPTION,-0.20701948300985,6.28225519829285e-30,Intermediate monocytes
Butyricimonas,KEGG_MEDICUS_PATHOGEN_HTLV_1_TAX_TO_P21_CELL_CYCLE_G1_S_N00497,0.0276852278679933,0.13268474607328,Intermediate monocytes
Butyricimonas,KEGG_MEDICUS_PATHOGEN_HTLV_1_TAX_TO_P21_CELL_CYCLE_G1_S_N00498,0.0224857654672144,0.222035467958649,Intermediate monocytes
Butyricimonas,KEGG_MEDICUS_PATHOGEN_HTLV_1_TAX_TO_SPINDLE_ASSEMBLY_CHECKPOINT_SIGNALING,-0.0228182506074144,0.215273495164485,Intermediate monocytes
Butyricimonas,KEGG_MEDICUS_PATHOGEN_HTLV_1_TAX_TO_SRF_MEDIATED_TRANSCRIPTION,-0.141521121087001,1.13167949273885e-14,Intermediate monocytes
Butyricimonas,KEGG_MEDICUS_PATHOGEN_HTLV_1_TAX_TO_TNF_JNK_SIGNALING_PATHWAY,-0.0633432445882651,0.000575295414321525,Intermediate monocytes
Butyricimonas,KEGG_MEDICUS_PATHOGEN_KSHV_K15_TO_TNF_NFKB_SIGNALING_PATHWAY,0.0189910367335743,0.302396384095638,Intermediate monocytes
Butyricimonas,KEGG_MEDICUS_PATHOGEN_KSHV_LANA_TO_WNT_SIGNALING_PATHWAY,0.0596524278318377,0.00118685885181742,Intermediate monocytes
Butyricimonas,KEGG_MEDICUS_PATHOGEN_KSHV_MIR1_2_TO_ANTIGEN_PROCESSING_AND_PRESENTATION_BY_MHC_CLASS_I_MOLECULES,-0.0753549556835185,4.17441740263638e-05,Intermediate monocytes
Butyricimonas,KEGG_MEDICUS_PATHOGEN_KSHV_MIR2_TO_CELL_SURFACE_MOLECULE_ENDOCYTOSIS,-0.0177199949107311,0.335912533509798,Intermediate monocytes
Butyricimonas,KEGG_MEDICUS_PATHOGEN_KSHV_VCYCLIN_TO_CELL_CYCLE_G1_S,0.0414610959948103,0.0243027011409122,Intermediate monocytes
Butyricimonas,KEGG_MEDICUS_PATHOGEN_KSHV_VFLIP_TO_NFKB_SIGNALING_PATHWAY,0.0132851256737375,0.47065398264894,Intermediate monocytes
Butyricimonas,KEGG_MEDICUS_PATHOGEN_KSHV_VFLIP_TO_TNF_NFKB_SIGNALING_PATHWAY,0.0134365491174866,0.46561100222405,Intermediate monocytes
Butyricimonas,KEGG_MEDICUS_PATHOGEN_KSHV_VGPCR_TO_GNB_G_ERK_SIGNALING_PATHWAY,-0.0716092266884792,9.88544790149314e-05,Intermediate monocytes
Butyricimonas,KEGG_MEDICUS_PATHOGEN_KSHV_VGPCR_TO_GNB_G_PI3K_AKT_SIGNALING_PATHWAY,-0.0142135500797903,0.440211525590007,Intermediate monocytes
Butyricimonas,KEGG_MEDICUS_PATHOGEN_KSHV_VGPCR_TO_GNB_G_PI3K_JNK_SIGNALING_PATHWAY,-0.0454834611742382,0.0134722654583093,Intermediate monocytes
Butyricimonas,KEGG_MEDICUS_PATHOGEN_SALMONELLA_AVRA_TO_BETA_CATENIN_SIGNALING_PATHWAY,0.0559674929442296,0.00235462000799009,Intermediate monocytes
Butyricimonas,KEGG_MEDICUS_PATHOGEN_SALMONELLA_SIFA_TO_MICROTUBULE_PLUS_END_DIRECTED_TRANSPORT,-0.0473588073021287,0.0100812079434761,Intermediate monocytes
Butyricimonas,KEGG_MEDICUS_PATHOGEN_SALMONELLA_SIFA_TO_TETHERING_OF_LATE_ENDOSOMES_AND_LYSOSOMES,-0.0120743035614115,0.512043105018443,Intermediate monocytes
Butyricimonas,KEGG_MEDICUS_PATHOGEN_SALMONELLA_SOPB_TO_ARNO_ARF_ACTB_G_SIGNALING_PATHWAY,-0.0676882746793157,0.000233508345043361,Intermediate monocytes
Butyricimonas,KEGG_MEDICUS_PATHOGEN_SALMONELLA_SOPB_TO_RHOA_SIGNALING_PATHWAY,-0.0962161675142143,1.63473279569129e-07,Intermediate monocytes
Butyricimonas,KEGG_MEDICUS_PATHOGEN_SALMONELLA_SOPB_TO_RHOG_SIGNALING_PATHWAY,-0.0494735452254092,0.00718675883541385,Intermediate monocytes
Butyricimonas,KEGG_MEDICUS_PATHOGEN_SALMONELLA_SOPE_E2_TO_NOD_NFKB_SIGNALING_PATHWAY,0.0278078312823702,0.130977133367286,Intermediate monocytes
Butyricimonas,KEGG_MEDICUS_PATHOGEN_SALMONELLA_SOPE_TO_RAC_SIGNALING_PATHWAY,-0.10333403777372,1.84314476460361e-08,Intermediate monocytes
Butyricimonas,KEGG_MEDICUS_PATHOGEN_SALMONELLA_SPVD_TO_TNF_NFKB_SIGNALING_PATHWAY,0.0539086545027751,0.00339644294975477,Intermediate monocytes
Butyricimonas,KEGG_MEDICUS_PATHOGEN_SARS_COV_2_S_N_TO_LECTIN_PATHWAY_OF_COAGULATION_CASCADE,0.0214650178598361,0.243741119952307,Intermediate monocytes
Butyricimonas,KEGG_MEDICUS_PATHOGEN_SARS_COV_2_S_TO_ANGII_AT1R_NOX2_SIGNALING_PATHWAY,0.0286489636126393,0.119717431298191,Intermediate monocytes
Butyricimonas,KEGG_MEDICUS_PATHOGEN_SARS_COV_2_S_TO_CLASSICAL_PATHWAY_OF_COMPLEMENT_CASCADE,0.0329626174223808,0.0733961103732149,Intermediate monocytes
Butyricimonas,KEGG_MEDICUS_PATHOGEN_SHIGELLA_FIMA_TO_CROSSTALK_BETWEEN_EXTRINSIC_AND_INTRINSIC_APOPTOTIC_PATHWAYS,0.0296379743603064,0.107463726971459,Intermediate monocytes
Butyricimonas,KEGG_MEDICUS_PATHOGEN_SHIGELLA_IPAA_TO_ITGA_B_RHOGEF_RHOA_SIGNALING_PATHWAY,-0.0796236264849803,1.4880703836692e-05,Intermediate monocytes
Butyricimonas,KEGG_MEDICUS_PATHOGEN_SHIGELLA_IPAB_C_D_TO_ITGA_B_TALIN_VINCULIN_SIGNALING_PATHWAY,0.0212870862242405,0.247672268250304,Intermediate monocytes
Butyricimonas,KEGG_MEDICUS_PATHOGEN_SHIGELLA_IPAC_TO_ACTIN_SIGNALING_PATHWAY,-0.0850167149436189,3.74977718658336e-06,Intermediate monocytes
Butyricimonas,KEGG_MEDICUS_PATHOGEN_SHIGELLA_IPAH7.8_TO_NLRP3_INFLAMMASOME_SIGNALING_PATHWAY,-0.0346763977076145,0.0596329077725909,Intermediate monocytes
Butyricimonas,KEGG_MEDICUS_PATHOGEN_SHIGELLA_IPGB1_TO_ITGA_B_RHOG_RAC_SIGNALING_PATHWAY,-0.0562752681996654,0.00222688882214565,Intermediate monocytes
Butyricimonas,KEGG_MEDICUS_PATHOGEN_SHIGELLA_IPGD_TO_ARNO_ARF_ACTB_G_SIGNALING_PATHWAY,-0.0597397914597665,0.00116720168868806,Intermediate monocytes
Butyricimonas,KEGG_MEDICUS_PATHOGEN_SHIGELLA_OSPF_TO_TLR2_4_MAPK_SIGNALING_PATHWAY,0.0289616240848474,0.115730675534495,Intermediate monocytes
Butyricimonas,KEGG_MEDICUS_PATHOGEN_SHIGELLA_OSPG_TO_TNF_NFKB_SIGNALING_PATHWAY,-0.0499565146369523,0.00664083398303699,Intermediate monocytes
Butyricimonas,KEGG_MEDICUS_PATHOGEN_YERSINIA_YOPH_TO_TCR_NFAT_SIGNALING_PATHWAY,0.0894247165439024,1.14155941145808e-06,Intermediate monocytes
Butyricimonas,KEGG_MEDICUS_PATHOGEN_YERSINIA_YOPP_J_TO_TLR2_4_MAPK_SIGNALING_PATHWAY,0.0387050704587353,0.0355115392537926,Intermediate monocytes
Butyricimonas,KEGG_MEDICUS_REFERENCE_26S_PROTEASOME_MEDIATED_PROTEIN_DEGRADATION,-0.129172525259345,1.87326321232019e-12,Intermediate monocytes
Butyricimonas,KEGG_MEDICUS_REFERENCE_ACH_CHRN_PI3K_SIGNALING_PATHWAY,0.0473383967354993,0.0101135916049647,Intermediate monocytes
Butyricimonas,KEGG_MEDICUS_REFERENCE_ACH_CHRN_RAS_ERK_SIGNALING_PATHWAY,0.0825695276256411,7.08218657055654e-06,Intermediate monocytes
Butyricimonas,KEGG_MEDICUS_REFERENCE_ACTH_CORTISOL_SIGNALING_PATHWAY,0.0293295070285286,0.111174188290237,Intermediate monocytes
Butyricimonas,KEGG_MEDICUS_REFERENCE_ACTIVATION_OF_PRC2.2_BY_UBIQUITINATION_OF_H2AK119,-0.0479011356407533,0.0092538711565355,Intermediate monocytes
Butyricimonas,KEGG_MEDICUS_REFERENCE_ACTIVATION_OF_PRC2.2_BY_UBIQUITINATION_OF_H2AK119_IN_GERMLINE_GENES,-0.00843077959917911,0.647095958248031,Intermediate monocytes
Butyricimonas,KEGG_MEDICUS_REFERENCE_ACTIVIN_SIGNALING_PATHWAY,0.0194867964033446,0.289948171120406,Intermediate monocytes
Butyricimonas,KEGG_MEDICUS_REFERENCE_ADRB3_UCP1_SIGNALING_PATHWAY,0.0638355368553086,0.000520817506737308,Intermediate monocytes
Butyricimonas,KEGG_MEDICUS_REFERENCE_AGE_RAGE_SIGNALING_PATHWAY,0.0760730545091674,3.52230101222246e-05,Intermediate monocytes
Butyricimonas,KEGG_MEDICUS_REFERENCE_AHR_SIGNALING_PATHWAY,-0.023006248752085,0.211516326685565,Intermediate monocytes
Butyricimonas,KEGG_MEDICUS_REFERENCE_ALTERNATIVE_PATHWAY_OF_COMPLEMENT_CASCADE_C3B_BREAKDOWN,-0.00967305200707921,0.59940252530129,Intermediate monocytes
Butyricimonas,KEGG_MEDICUS_REFERENCE_AMH_SIGNALING_PATHWAY,0.0336085761545846,0.0679309696892731,Intermediate monocytes
Butyricimonas,KEGG_MEDICUS_REFERENCE_ANGII_AT1R_NOX2_SIGNALING_PATHWAY,0.0523104223237746,0.004477431235208,Intermediate monocytes
Butyricimonas,KEGG_MEDICUS_REFERENCE_ANGIOTENSIN_ALDOSTERONE_SIGNALING_PATHWAY,0.0149429302397335,0.417108561063063,Intermediate monocytes
Butyricimonas,KEGG_MEDICUS_REFERENCE_ANTEROGRADE_AXONAL_TRANSPORT,-0.0504243797791458,0.00614781919112787,Intermediate monocytes
Butyricimonas,KEGG_MEDICUS_REFERENCE_ANTIGEN_PROCESSING_AND_PRESENTATION_BY_MHC_CLASS_II_MOLECULES,-0.206072417950693,1.15283774473721e-29,Intermediate monocytes
Butyricimonas,KEGG_MEDICUS_REFERENCE_ANTIGEN_PROCESSING_AND_PRESENTATION_BY_MHC_CLASS_I_MOLECULES,-0.0451931571250264,0.0140787793458492,Intermediate monocytes
Butyricimonas,KEGG_MEDICUS_REFERENCE_ANXA2_S100A10_REGULATED_ACTIN_CYTOSKELETON,-0.0301760697644832,0.101226466304648,Intermediate monocytes
Butyricimonas,KEGG_MEDICUS_REFERENCE_AREG_EGFR_PI3K_SIGNALING_PATHWAY,0.0645065105294968,0.00045427761701456,Intermediate monocytes
Butyricimonas,KEGG_MEDICUS_REFERENCE_AREG_EGFR_RAS_ERK_SIGNALING_PATHWAY,0.0531064915776058,0.00390514717007957,Intermediate monocytes
Butyricimonas,KEGG_MEDICUS_REFERENCE_ARL8_REGULATED_MICROTUBULE_PLUS_END_DIRECTED_TRANSPORT,-0.0558459588869244,0.00240687921218659,Intermediate monocytes
Butyricimonas,KEGG_MEDICUS_REFERENCE_ARNO_ARF_ACTB_G_SIGNALING_PATHWAY,-0.0754078445455336,4.12272697304679e-05,Intermediate monocytes
Butyricimonas,KEGG_MEDICUS_REFERENCE_ASSEMBLY_AND_TRAFFICKING_OF_TELOMERASE,-0.0486812258288023,0.0081699791502081,Intermediate monocytes
Butyricimonas,KEGG_MEDICUS_REFERENCE_ATR_P21_CELL_CYCLE_G2_M,0.0259096094139305,0.159388726809485,Intermediate monocytes
Butyricimonas,KEGG_MEDICUS_REFERENCE_ATR_SIGNALING,0.037032716474247,0.0442652947552993,Intermediate monocytes
Butyricimonas,KEGG_MEDICUS_REFERENCE_AUTOPHAGOSOME_AND_LYSOSOME_FUSION_TETHERING_FACTOR,-0.0284065440362676,0.12288191096332,Intermediate monocytes
Butyricimonas,KEGG_MEDICUS_REFERENCE_AUTOPHAGOSOME_AND_LYSOSOME_FUSION_TETHERING_FACTOR_GRASP55,-0.0239535641678911,0.193303851125356,Intermediate monocytes
Butyricimonas,KEGG_MEDICUS_REFERENCE_AUTOPHAGOSOME_AND_LYSOSOME_FUSION_TRANS_SNARE,-0.0440045700857561,0.0168204001101524,Intermediate monocytes
Butyricimonas,KEGG_MEDICUS_REFERENCE_AUTOPHAGY_VESICLE_NUCLEATION_ELONGATION_MATURATION_E3_UBIQUITIN_LIGASE_MALIN,0.0266909752644658,0.147175492612389,Intermediate monocytes
Butyricimonas,KEGG_MEDICUS_REFERENCE_AUTOPHAGY_VESICLE_NUCLEATION_ELONGATION_MATURATION_LC3_II_FORMATION,-0.0253228094811296,0.169053514255124,Intermediate monocytes
Butyricimonas,KEGG_MEDICUS_REFERENCE_AUTOPHAGY_VESICLE_NUCLEATION_ELONGATION_MATURATION_MTORC1_PI3KC3_C1,0.04266417468455,0.0204643301899445,Intermediate monocytes
Butyricimonas,KEGG_MEDICUS_REFERENCE_AUTOPHAGY_VESICLE_NUCLEATION_ELONGATION_MATURATION_PACER_RUBCN_PI3KC3_C2,0.0386271796137076,0.0358837322739381,Intermediate monocytes
Butyricimonas,KEGG_MEDICUS_REFERENCE_AUTOPHAGY_VESICLE_NUCLEATION_ELONGATION_MATURATION_PI3P_SYNTHESIS_BY_PI3KC3_C1,0.0461214094608765,0.0122198823668056,Intermediate monocytes
Butyricimonas,KEGG_MEDICUS_REFERENCE_AUTOPHAGY_VESICLE_NUCLEATION_ELONGATION_MATURATION_SEQUESTOSOME_1_LIKE_RECEPTOR,-0.126586398191553,5.14810644943837e-12,Intermediate monocytes
Butyricimonas,KEGG_MEDICUS_REFERENCE_AVP_V2R_PKA_SIGNALING_PATHWAY,0.0060604904245967,0.742089013619081,Intermediate monocytes
Butyricimonas,KEGG_MEDICUS_REFERENCE_BASE_EXCISION_AND_STRAND_CLEAVAGE_BY_BIFUNCTIONAL_GLYCOSYLASE,-0.00560662528542006,0.760790668169098,Intermediate monocytes
Butyricimonas,KEGG_MEDICUS_REFERENCE_BASE_EXCISION_AND_STRAND_CLEAVAGE_BY_MONOFUNCTIONAL_GLYCOSYLASE,-0.0106917776126133,0.561522809123657,Intermediate monocytes
Butyricimonas,KEGG_MEDICUS_REFERENCE_BASE_EXCISION_AND_STRAND_CLEAVAGE_BY_NEIL_GLYCOSYLASE,-0.00635228490402254,0.730144637606348,Intermediate monocytes
Butyricimonas,KEGG_MEDICUS_REFERENCE_BCR_BCAP_CD19_PI3K_SIGNALING_PATHWAY,0.0246206293784625,0.181188324998887,Intermediate monocytes
Butyricimonas,KEGG_MEDICUS_REFERENCE_BCR_PLCG_CALCINEURIN_SIGNALING_PATHWAY,0.00236776051136278,0.897698068058142,Intermediate monocytes
Butyricimonas,KEGG_MEDICUS_REFERENCE_BCR_PLCG_ITPR_SIGNALING_PATHWAY,0.00354897578433818,0.847185840688612,Intermediate monocytes
Butyricimonas,KEGG_MEDICUS_REFERENCE_BETA_OXIDATION,-0.00839111117192799,0.648644462952482,Intermediate monocytes
Butyricimonas,KEGG_MEDICUS_REFERENCE_BETA_OXIDATION_ACYL_COA_SYNTHESIS,0.0591077015968414,0.00131648204036111,Intermediate monocytes
Butyricimonas,KEGG_MEDICUS_REFERENCE_BETA_OXIDATION_PEROXISOME_VLCFA,-0.0552799052304273,0.00266454416659254,Intermediate monocytes
Butyricimonas,KEGG_MEDICUS_REFERENCE_BILE_ACID_BIOSYNTHESIS,-0.0199958394029197,0.277530100757002,Intermediate monocytes
Butyricimonas,KEGG_MEDICUS_REFERENCE_BLOCKING_UBIQUITINATION_OF_H2AK119_BY_CK2,0.0313164588330791,0.0889610586927211,Intermediate monocytes
Butyricimonas,KEGG_MEDICUS_REFERENCE_BLOOD_GROUP_H_O_ANTIGEN_TYPE_1_BIOSYNTHESIS,0.0122215221385244,0.506911424862188,Intermediate monocytes
Butyricimonas,KEGG_MEDICUS_REFERENCE_BLOOD_GROUP_H_O_ANTIGEN_TYPE_2_BIOSYNTHESIS,0.0273690277087109,0.13716828502313,Intermediate monocytes
Butyricimonas,KEGG_MEDICUS_REFERENCE_BMP15_SIGNALING_PATHWAY,0.0656168274901791,0.00036130633106854,Intermediate monocytes
Butyricimonas,KEGG_MEDICUS_REFERENCE_BMP9_10_SIGNALING_PATHWAY,0.0688434166743546,0.000182093648636303,Intermediate monocytes
Butyricimonas,KEGG_MEDICUS_REFERENCE_BMP_HAMP_SIGNALING_PATHWAY,0.0665887127634496,0.000294840876075735,Intermediate monocytes
Butyricimonas,KEGG_MEDICUS_REFERENCE_BMP_HAMP_SIGNALING_PATHWAY_AUXILIARY_FACTOR,0.0635936153872289,0.000546958632711994,Intermediate monocytes
Butyricimonas,KEGG_MEDICUS_REFERENCE_BMP_SIGNALING_PATHWAY,0.07418983984518,5.4817743184022e-05,Intermediate monocytes
Butyricimonas,KEGG_MEDICUS_REFERENCE_BMP_SIGNALING_PATHWAY_BMP_ANTAGONIST,0.0641328848124636,0.000490281759401181,Intermediate monocytes
Butyricimonas,KEGG_MEDICUS_REFERENCE_BRANCHING_MICROTUBULE_NUCLEATION,-0.0440269961743575,0.0167646182943247,Intermediate monocytes
Butyricimonas,KEGG_MEDICUS_REFERENCE_BREAK_INDUCED_REPLICATION,0.0389149539154191,0.0345249816855871,Intermediate monocytes
Butyricimonas,KEGG_MEDICUS_REFERENCE_C9ORF72_MEDIATED_AUTOPHAGY_INITIATION,0.0251151732275708,0.172576578755104,Intermediate monocytes
Butyricimonas,KEGG_MEDICUS_REFERENCE_CA2_CAM_CAMK_SIGNALING_PATHWAY,0.00120855445616984,0.947676669369764,Intermediate monocytes
Butyricimonas,KEGG_MEDICUS_REFERENCE_CA2_CAM_CN_SIGNALING_PATHWAY,0.0157514570853563,0.392352634929217,Intermediate monocytes
Butyricimonas,KEGG_MEDICUS_REFERENCE_CA2_CAM_VGCC_RYR_SIGNALING_PATHWAY,-0.00216073147414049,0.906600093253048,Intermediate monocytes
Butyricimonas,KEGG_MEDICUS_REFERENCE_CA2_ENTRY_LIGAND_GATED_CA2_CHANNEL,0.00766220552323232,0.677362750908275,Intermediate monocytes
Butyricimonas,KEGG_MEDICUS_REFERENCE_CA2_ENTRY_STORE_OPERATED_CA2_CHANNEL,-0.00408338958773533,0.824524575688269,Intermediate monocytes
Butyricimonas,KEGG_MEDICUS_REFERENCE_CA2_ENTRY_VOLTAGE_GATED_CA2_CHANNEL,0.0275017788612155,0.135271927008682,Intermediate monocytes
Butyricimonas,KEGG_MEDICUS_REFERENCE_CA2_PLCD_ITPR_SIGNALING_PATHWAY,0.0308960531165067,0.0933355584976987,Intermediate monocytes
Butyricimonas,KEGG_MEDICUS_REFERENCE_CA2_PYK2_RAS_ERK_SIGNALING_PATHWAY,0.068740807528341,0.000186189612303667,Intermediate monocytes
Butyricimonas,KEGG_MEDICUS_REFERENCE_CARDIAC_TYPE_VGCC_RYR_SIGNALING,0.0196921389008638,0.284894579543775,Intermediate monocytes
Butyricimonas,KEGG_MEDICUS_REFERENCE_CASR_PTH_SIGNALING_PATHWAY,0.0210645618049731,0.252650773209517,Intermediate monocytes
Butyricimonas,KEGG_MEDICUS_REFERENCE_CCR2_GNB_G_PI3K_NFKB_SIGNALING_PATHWAY,-0.00477405372264016,0.795455443251001,Intermediate monocytes
Butyricimonas,KEGG_MEDICUS_REFERENCE_CCR5_GNB_G_PLCB_G_PKC_SIGNALING_PATHWAY,-0.0117442235357608,0.523646578428386,Intermediate monocytes
Butyricimonas,KEGG_MEDICUS_REFERENCE_CCR_CXCR_GNB_G_PI3K_RAC_SIGNALING_PATHWAY,-0.0654250643970562,0.000375974855685896,Intermediate monocytes
Butyricimonas,KEGG_MEDICUS_REFERENCE_CD40_NFKB_SIGNALING_PATHWAY,0.00460163922086844,0.802687297756976,Intermediate monocytes
Butyricimonas,KEGG_MEDICUS_REFERENCE_CD80_CD86_CD28_PI3K_SIGNALING_PATHWAY,0.0366440031212861,0.0465423528510049,Intermediate monocytes
Butyricimonas,KEGG_MEDICUS_REFERENCE_CD80_CD86_CTLA4_PP2A_SIGNALING_PATHWAY,0.044283733135935,0.0161374947697658,Intermediate monocytes
Butyricimonas,KEGG_MEDICUS_REFERENCE_CDC25_CELL_CYCLE_G2_M,0.030911554403656,0.0931712531896215,Intermediate monocytes
Butyricimonas,KEGG_MEDICUS_REFERENCE_CENPE_INTERACTION_WITH_NDC80_COMPLEX,-0.0172647574029298,0.348476850269978,Intermediate monocytes
Butyricimonas,KEGG_MEDICUS_REFERENCE_CGAS_STING_SIGNALING_PATHWAY,0.00150340181412365,0.934937044809137,Intermediate monocytes
Butyricimonas,KEGG_MEDICUS_REFERENCE_CHOLESTEROL_BIOSYNTHESIS,0.0107637224648128,0.558891999042383,Intermediate monocytes
Butyricimonas,KEGG_MEDICUS_REFERENCE_CHONDROITIN_SULFATE_BIOSYNTHESIS,0.0106212567410501,0.564107343702481,Intermediate monocytes
Butyricimonas,KEGG_MEDICUS_REFERENCE_CHRNA7_E2F_SIGNALING_PATHWAY,0.0528913799015071,0.00405285178526037,Intermediate monocytes
Butyricimonas,KEGG_MEDICUS_REFERENCE_CITRATE_CYCLE_FIRST_CARBON_OXIDATION,-0.0169934380442905,0.356105245368389,Intermediate monocytes
Butyricimonas,KEGG_MEDICUS_REFERENCE_CITRATE_CYCLE_SECOND_CARBON_OXIDATION_2,-0.0605501951404222,0.000998670911279249,Intermediate monocytes
Butyricimonas,KEGG_MEDICUS_REFERENCE_CLASSICAL_PATHWAY_OF_COMPLEMENT_CASCADE_C4_C2_TO_C3_CONVERTASE_FORMATION,0.0352493176754518,0.0555389174028591,Intermediate monocytes
Butyricimonas,KEGG_MEDICUS_REFERENCE_COHESIN_ACETYLATION,0.0185616023890127,0.313462355493035,Intermediate monocytes
Butyricimonas,KEGG_MEDICUS_REFERENCE_COHESIN_DISSOCIATION_IN_ANAPHASE,-0.00307233811242254,0.86750488513531,Intermediate monocytes
Butyricimonas,KEGG_MEDICUS_REFERENCE_COHESIN_DISSOCIATION_IN_PROPHASE,0.0317795751265293,0.0843348532559028,Intermediate monocytes
Butyricimonas,KEGG_MEDICUS_REFERENCE_COHESIN_LOADING,0.0781433323679801,2.14067039183161e-05,Intermediate monocytes
Butyricimonas,KEGG_MEDICUS_REFERENCE_COMMON_PATHWAY_OF_COMPLEMENT_CASCADE_MAC_FORMATION,-0.0161132001729132,0.381571152058655,Intermediate monocytes
Butyricimonas,KEGG_MEDICUS_REFERENCE_CONDENSIN_LOADING,0.0372583430057734,0.0429872203556312,Intermediate monocytes
Butyricimonas,KEGG_MEDICUS_REFERENCE_COPII_VESICLE_FORMATION,0.0597452576567117,0.00116598182511564,Intermediate monocytes
Butyricimonas,KEGG_MEDICUS_REFERENCE_COPI_VESICLE_FORMATION,-0.0166740325748582,0.36521938374722,Intermediate monocytes
Butyricimonas,KEGG_MEDICUS_REFERENCE_CORE_NER_REACTION,0.0368448344231408,0.0453538841460707,Intermediate monocytes
Butyricimonas,KEGG_MEDICUS_REFERENCE_CREATINE_PATHWAY,0.00907879710379089,0.622019878290874,Intermediate monocytes
Butyricimonas,KEGG_MEDICUS_REFERENCE_CRHR_PKA_ACTH_SIGNALING_PATHWAY,0.0296544742372102,0.107268050821629,Intermediate monocytes
Butyricimonas,KEGG_MEDICUS_REFERENCE_CROSSTALK_BETWEEN_EXTRINSIC_AND_INTRINSIC_APOPTOTIC_PATHWAYS,0.0435588870674948,0.0179632524390688,Intermediate monocytes
Butyricimonas,KEGG_MEDICUS_REFERENCE_CX3CR1_GNAI_AC_PKA_SIGNALING_PATHWAY,0.0484572547612587,0.00846891771191481,Intermediate monocytes
Butyricimonas,KEGG_MEDICUS_REFERENCE_CXCL12_CXCR4_PKC_ERK_SIGNALING_PATHAWAY,0.0443353354566008,0.0160139646191165,Intermediate monocytes
Butyricimonas,KEGG_MEDICUS_REFERENCE_CXCR4_GNA12_13_RHO_SIGNALING_PATHWAY,0.0227954062323387,0.215733297645205,Intermediate monocytes
Butyricimonas,KEGG_MEDICUS_REFERENCE_CXCR4_GNAI_PI3K_BAD_SIGNALING_PATHWAY,-0.0178241407059083,0.333079642282979,Intermediate monocytes
Butyricimonas,KEGG_MEDICUS_REFERENCE_CXCR4_GNAQ_PLCB_G_CALCINEURIN_SIGNALING_PATHWAY,0.0264636346390795,0.150652793896775,Intermediate monocytes
Butyricimonas,KEGG_MEDICUS_REFERENCE_CXCR4_GNB_G_PLCB_PKC_SIGNALING_PATHWAY,0.00659261399819493,0.720355706692515,Intermediate monocytes
Butyricimonas,KEGG_MEDICUS_REFERENCE_CXCR4_GNB_G_RAC_SIGNALING_PATHWAY,-0.076383134661188,3.27170155868005e-05,Intermediate monocytes
Butyricimonas,KEGG_MEDICUS_REFERENCE_CXCR_GNB_G_ERK_SIGNALING_PATHWAY,0.00804951343108286,0.662041434828781,Intermediate monocytes
Butyricimonas,KEGG_MEDICUS_REFERENCE_CXCR_GNB_G_PI3K_AKT_SIGNALING_PATHWAY,-0.0100851862040884,0.583938795585932,Intermediate monocytes
Butyricimonas,KEGG_MEDICUS_REFERENCE_CYTOKINE_JAK_STAT_SIGNALING_PATHWAY,0.0628829263115123,0.000630989706269757,Intermediate monocytes
Butyricimonas,KEGG_MEDICUS_REFERENCE_DEPHOSPHORYLATION_OF_KINETOCHORE,-0.0229863977472289,0.211910799731289,Intermediate monocytes
Butyricimonas,KEGG_MEDICUS_REFERENCE_DERMATAN_SULFATE_DEGRADATION,0.0302035579008063,0.100915746262087,Intermediate monocytes
Butyricimonas,KEGG_MEDICUS_REFERENCE_DEUBIQUITINATION_OF_H2AK119,0.0421672691461686,0.0219804560860051,Intermediate monocytes
Butyricimonas,KEGG_MEDICUS_REFERENCE_DISASSEMBLY_OF_MCC,-0.0196770327448513,0.285264308504016,Intermediate monocytes
Butyricimonas,KEGG_MEDICUS_REFERENCE_DNA_DEGRADATION_BY_EXTRACELLULAR_ENDOLYSOSOMAL_DNASE,-0.00101401392425254,0.956089815482997,Intermediate monocytes
Butyricimonas,KEGG_MEDICUS_REFERENCE_DNA_END_RESECTION_AND_RPA_LOADING,0.0440427211932348,0.0167256013461444,Intermediate monocytes
Butyricimonas,KEGG_MEDICUS_REFERENCE_DNA_REPLICATION_LICENSING,0.038025911606373,0.0388702774858923,Intermediate monocytes
Butyricimonas,KEGG_MEDICUS_REFERENCE_DNA_REPLICATION_TERMINATION,-0.0705378515283993,0.000125569776602483,Intermediate monocytes
Butyricimonas,KEGG_MEDICUS_REFERENCE_DOUBLE_HOLLIDAY_JUNCTION_RESOLUTION,0.00990573151125048,0.59064931071367,Intermediate monocytes
Butyricimonas,KEGG_MEDICUS_REFERENCE_DOUBLE_STRAND_BREAK_SIGNALING,0.0244553147408032,0.184136991704673,Intermediate monocytes
Butyricimonas,KEGG_MEDICUS_REFERENCE_DRD1_GNAS_AC_PKA_SIGNALING_PATHWAY,0.0173684903405031,0.345587935808826,Intermediate monocytes
Butyricimonas,KEGG_MEDICUS_REFERENCE_DYNEIN_RECRUITMENT_TO_THE_KINETOCHORE,0.0207216482089647,0.260458443208858,Intermediate monocytes
Butyricimonas,KEGG_MEDICUS_REFERENCE_E2_ER_RAS_ERK_SIGNALING_PATHWAY,0.0869364891695098,2.24944912307324e-06,Intermediate monocytes
Butyricimonas,KEGG_MEDICUS_REFERENCE_EARLY_ENDOSOMAL_FUSION,0.0111159825289837,0.546097957346628,Intermediate monocytes
Butyricimonas,KEGG_MEDICUS_REFERENCE_EGF_EGFR_ACTIN_SIGNALING_PATHWAY,-0.0746781165702596,4.89259142950692e-05,Intermediate monocytes
Butyricimonas,KEGG_MEDICUS_REFERENCE_EGF_EGFR_PI3K_NFKB_SIGNALING_PATHWAY,0.0301686190622954,0.101310818527681,Intermediate monocytes
Butyricimonas,KEGG_MEDICUS_REFERENCE_EGF_EGFR_PI3K_SIGNALING_PATHWAY,0.046871623246603,0.0108798904019358,Intermediate monocytes
Butyricimonas,KEGG_MEDICUS_REFERENCE_EGF_EGFR_PLCG_CALCINEURIN_SIGNALING_PATHWAY,0.0173365285878348,0.346476425225921,Intermediate monocytes
Butyricimonas,KEGG_MEDICUS_REFERENCE_EGF_EGFR_PLCG_CAMK_SIGNALING_PATHWAY,-0.0106865751372325,0.561713280059625,Intermediate monocytes
Butyricimonas,KEGG_MEDICUS_REFERENCE_EGF_EGFR_PLCG_ERK_SIGNALING_PATHWAY,0.0344016511806999,0.0616832341808041,Intermediate monocytes
Butyricimonas,KEGG_MEDICUS_REFERENCE_EGF_EGFR_RAS_ERK_SIGNALING_PATHWAY,0.0544742240271339,0.00307485906975625,Intermediate monocytes
Butyricimonas,KEGG_MEDICUS_REFERENCE_EGF_EGFR_RAS_JNK_SIGNALING_PATHWAY,0.0547074235045815,0.00295053870494173,Intermediate monocytes
Butyricimonas,KEGG_MEDICUS_REFERENCE_EGF_EGFR_RAS_PI3K_SIGNALING_PATHWAY,0.0455928830583505,0.0132497166580902,Intermediate monocytes
Butyricimonas,KEGG_MEDICUS_REFERENCE_EGF_EGFR_RAS_RALGDS_SIGNALING_PATHWAY,0.0320816368986588,0.0814237271431523,Intermediate monocytes
Butyricimonas,KEGG_MEDICUS_REFERENCE_EGF_EGFR_RAS_RASSF1_SIGNALING_PATHWAY,0.0433415281058153,0.018544880485798,Intermediate monocytes
Butyricimonas,KEGG_MEDICUS_REFERENCE_EGF_ERBB2_RAS_ERK_SIGNALING_PATHWAY,0.0546652953126697,0.00297265257495993,Intermediate monocytes
Butyricimonas,KEGG_MEDICUS_REFERENCE_EGF_JAK_STAT_SIGNALING_PATHWAY,0.0287197400794665,0.118805669386111,Intermediate monocytes
Butyricimonas,KEGG_MEDICUS_REFERENCE_ELECTRON_TRANSFER_IN_COMPLEX_I,-0.184922637363283,4.11709869841254e-24,Intermediate monocytes
Butyricimonas,KEGG_MEDICUS_REFERENCE_ELECTRON_TRANSFER_IN_COMPLEX_III,-0.136283470840903,1.04633268031515e-13,Intermediate monocytes
Butyricimonas,KEGG_MEDICUS_REFERENCE_ELECTRON_TRANSFER_IN_COMPLEX_IV,-0.161465769402952,1.08899035484215e-18,Intermediate monocytes
Butyricimonas,KEGG_MEDICUS_REFERENCE_EP_NE_ADRB_CAMP_SIGNALING_PATHWAY,0.0214349266978248,0.244402845460882,Intermediate monocytes
Butyricimonas,KEGG_MEDICUS_REFERENCE_EREG_EGFR_PI3K_SIGNALING_PATHWAY,0.0645634295099912,0.000449014223745274,Intermediate monocytes
Butyricimonas,KEGG_MEDICUS_REFERENCE_EREG_EGFR_RAS_ERK_SIGNALING_PATHWAY,0.0546219400722326,0.00299556826355287,Intermediate monocytes
Butyricimonas,KEGG_MEDICUS_REFERENCE_ERK_RSK_SIGNALING,0.0244877433899888,0.183555789519056,Intermediate monocytes
Butyricimonas,KEGG_MEDICUS_REFERENCE_ESTABLISHMENT_OF_COHESION,0.0561945610738776,0.00225975482957339,Intermediate monocytes
Butyricimonas,KEGG_MEDICUS_REFERENCE_EXTRINSIC_APOPTOTIC_PATHWAY,0.0141982518832945,0.440703819526393,Intermediate monocytes
Butyricimonas,KEGG_MEDICUS_REFERENCE_FANCONI_ANEMIA_PATHWAY,-0.0524323650072821,0.00438510899503371,Intermediate monocytes
Butyricimonas,KEGG_MEDICUS_REFERENCE_FASLG_RIPK1_3_SIGNALING_PATHWAY,0.0514447252476721,0.00518508831575931,Intermediate monocytes
Butyricimonas,KEGG_MEDICUS_REFERENCE_FAS_JNK_SIGNALING_PATHWAY,0.0308640259508463,0.0936757652199899,Intermediate monocytes
Butyricimonas,KEGG_MEDICUS_REFERENCE_FE3_FERRITIN_TRANSPORT,-0.00470648664735501,0.798287460969471,Intermediate monocytes
Butyricimonas,KEGG_MEDICUS_REFERENCE_FE_TF_TRANSPORT,0.0235703701614573,0.200527164804074,Intermediate monocytes
Butyricimonas,KEGG_MEDICUS_REFERENCE_FGF_FGFR_PI3K_SIGNALING_PATHWAY,0.0657790483953975,0.000349316991059124,Intermediate monocytes
Butyricimonas,KEGG_MEDICUS_REFERENCE_FGF_FGFR_RAS_ERK_SIGNALING_PATHWAY,0.0547854202068457,0.00290999240740551,Intermediate monocytes
Butyricimonas,KEGG_MEDICUS_REFERENCE_FLCN_MTORC1_SIGNALING_PATHWAY,0.0323973336043996,0.0784688498016076,Intermediate monocytes
Butyricimonas,KEGG_MEDICUS_REFERENCE_FLT3LG_FLT3_RAS_ERK_SIGNALING_PATHWAY,0.0559246512760567,0.00237292208180817,Intermediate monocytes
Butyricimonas,KEGG_MEDICUS_REFERENCE_FLT3LG_FLT3_RAS_PI3K_SIGNALING_PATHWAY,0.0513970402074691,0.00522685513970023,Intermediate monocytes
Butyricimonas,KEGG_MEDICUS_REFERENCE_FSHR_GNAS_PKA_SIGNALING_PATHWAY,0.0197585337884829,0.283273381536643,Intermediate monocytes
Butyricimonas,KEGG_MEDICUS_REFERENCE_GATOR1_MTORC1_SIGNALING_PATHWAY,0.0371004264760039,0.0438784237730455,Intermediate monocytes
Butyricimonas,KEGG_MEDICUS_REFERENCE_GENE_SILENCING_BY_METHYLATION_OF_H3K27_AND_UBIQUITINATION_OF_H2AK119,-0.0829953649614631,6.34824869728352e-06,Intermediate monocytes
Butyricimonas,KEGG_MEDICUS_REFERENCE_GF_RTK_PI3K_SIGNALING_PATHWAY,0.0745694611235985,5.01826439474685e-05,Intermediate monocytes
Butyricimonas,KEGG_MEDICUS_REFERENCE_GF_RTK_RAS_ERK_SIGNALING_PATHWAY,0.0704048436726903,0.000129325308700793,Intermediate monocytes
Butyricimonas,KEGG_MEDICUS_REFERENCE_GF_RTK_RAS_PI3K_SIGNALING_PATHWAY,0.0747058629233848,4.86098074950298e-05,Intermediate monocytes
Butyricimonas,KEGG_MEDICUS_REFERENCE_GHRHR_PKA_GH_SIGNALING_PATHWAY,0.0310130204124685,0.0921014896382232,Intermediate monocytes
Butyricimonas,KEGG_MEDICUS_REFERENCE_GH_JAK_STAT_SIGNALING_PATHWAY,0.0582550480844481,0.00154580941259033,Intermediate monocytes
Butyricimonas,KEGG_MEDICUS_REFERENCE_GLOBAL_GENOME_NER,0.0315841104860788,0.086263108487711,Intermediate monocytes
Butyricimonas,KEGG_MEDICUS_REFERENCE_GLUCONEOGENESIS,-0.0509850517356923,0.00560055822545152,Intermediate monocytes
Butyricimonas,KEGG_MEDICUS_REFERENCE_GLUTATHIONE_BIOSYNTHESIS,-0.111610429137285,1.20588563163057e-09,Intermediate monocytes
Butyricimonas,KEGG_MEDICUS_REFERENCE_GLYCOGEN_BIOSYNTHESIS,-0.00727251478253722,0.692914146003499,Intermediate monocytes
Butyricimonas,KEGG_MEDICUS_REFERENCE_GLYCOGEN_DEGRADATION,0.0182231903003854,0.322368160690815,Intermediate monocytes
Butyricimonas,KEGG_MEDICUS_REFERENCE_GLYCOGEN_DEGRADATION_AMYLASE_,-0.0061571187987985,0.738126564289969,Intermediate monocytes
Butyricimonas,KEGG_MEDICUS_REFERENCE_GLYCOLYSIS,-0.0964851804386961,1.50939466100449e-07,Intermediate monocytes
Butyricimonas,KEGG_MEDICUS_REFERENCE_GLYCOSAMINOGLYCAN_BIOSYNTHESIS_LINKAGE_TETRASACCHARIDE,0.0397651269770866,0.0307645873380559,Intermediate monocytes
Butyricimonas,KEGG_MEDICUS_REFERENCE_GNRH_GNRHR_PLCB_PKC_SIGNALING_PATHWAY,0.0368557745108155,0.0452898845510398,Intermediate monocytes
Butyricimonas,KEGG_MEDICUS_REFERENCE_GPCR_PI3K_SIGNALING_PATHWAY,-0.010198280302092,0.579728073594028,Intermediate monocytes
Butyricimonas,KEGG_MEDICUS_REFERENCE_GPCR_PLCB_ITPR_SIGNALING_PATHWAY,-0.0033716200023856,0.854735406542252,Intermediate monocytes
Butyricimonas,KEGG_MEDICUS_REFERENCE_GPI_ANCHOR_BIOSYNTHESIS,0.0355410240933669,0.0535460579382953,Intermediate monocytes
Butyricimonas,KEGG_MEDICUS_REFERENCE_HEDGEHOG_SIGNALING_PATHWAY,0.0318346526624828,0.083797855575691,Intermediate monocytes
Butyricimonas,KEGG_MEDICUS_REFERENCE_HEDGEHOG_SIGNALING_PATHWAY_HH_LIGAND_SECRETION,-0.0152312031064555,0.40817828069123,Intermediate monocytes
Butyricimonas,KEGG_MEDICUS_REFERENCE_HEDGEHOG_SIGNALING_PATHWAY_PTCH_CORECEPTOR,0.0363262651180021,0.0484761092671328,Intermediate monocytes
Butyricimonas,KEGG_MEDICUS_REFERENCE_HEME_BIOSYNTHESIS,0.0204059062945694,0.267793596468403,Intermediate monocytes
Butyricimonas,KEGG_MEDICUS_REFERENCE_HEPARAN_SULFATE_BIOSYNTHESIS,0.0316167068896217,0.0859390949117227,Intermediate monocytes
Butyricimonas,KEGG_MEDICUS_REFERENCE_HEPARAN_SULFATE_DEGRADATION,0.020450513856079,0.266748775539277,Intermediate monocytes
Butyricimonas,KEGG_MEDICUS_REFERENCE_HGF_MET_PI3K_SIGNALING_PATHWAY,0.039881072472727,0.0302800410960838,Intermediate monocytes
Butyricimonas,KEGG_MEDICUS_REFERENCE_HGF_MET_RAS_ERK_SIGNALING_PATHWAY,0.0515142957280968,0.0051246928418843,Intermediate monocytes
Butyricimonas,KEGG_MEDICUS_REFERENCE_HIF_1_SIGNALING_PATHWAY,0.00922180124330089,0.616543343040496,Intermediate monocytes
Butyricimonas,KEGG_MEDICUS_REFERENCE_HOMOLOGOUS_RECOMBINATION,0.0221602514722303,0.22880165809483,Intermediate monocytes
Butyricimonas,KEGG_MEDICUS_REFERENCE_HOMOLOGOUS_RECOMBINATION_IN_ICLR,-0.0853399951583076,3.44317780005679e-06,Intermediate monocytes
Butyricimonas,KEGG_MEDICUS_REFERENCE_HORMONE_LIKE_CYTOKINE_TO_JAK_STAT_SIGNALING_PATHWAY,0.0329390127414839,0.073602434594692,Intermediate monocytes
Butyricimonas,KEGG_MEDICUS_REFERENCE_HYDROLYSIS_OF_SPHINGOMYELIN,-0.00804436955705305,0.662244012635543,Intermediate monocytes
Butyricimonas,KEGG_MEDICUS_REFERENCE_ICOSLG_ICOS_PI3K_SIGNALING_PATHWAY,0.0552483320658612,0.00267963227568874,Intermediate monocytes
Butyricimonas,KEGG_MEDICUS_REFERENCE_IFN_RIPK1_3_SIGNALING_PATHWAY,0.049403994965026,0.00726860672020231,Intermediate monocytes
Butyricimonas,KEGG_MEDICUS_REFERENCE_IGF2_IGF1R_PI3K_SIGNALING_PATHWAY,0.0649247529731354,0.000416906507833311,Intermediate monocytes
Butyricimonas,KEGG_MEDICUS_REFERENCE_IGF_IGF1R_PI3K_SIGNALING_PATHWAY,0.0240653662358411,0.191232792425188,Intermediate monocytes
Butyricimonas,KEGG_MEDICUS_REFERENCE_IGF_IGF1R_RAS_ERK_SIGNALING_PATHWAY,0.0549101556538508,0.00284620450143516,Intermediate monocytes
Butyricimonas,KEGG_MEDICUS_REFERENCE_IGF_IGFR_PI3K_NFKB_SIGNALING_PATHWAY,0.0308438403896773,0.0938906954400769,Intermediate monocytes
Butyricimonas,KEGG_MEDICUS_REFERENCE_IGG_FCGR_RAC_SIGNALING_PATHWAY,-0.0155345631668235,0.398904638830101,Intermediate monocytes
Butyricimonas,KEGG_MEDICUS_REFERENCE_II_BLOOD_GROUP_ANTIGEN_BIOSYNTHESIS,0.0192378256667209,0.296155918424352,Intermediate monocytes
Butyricimonas,KEGG_MEDICUS_REFERENCE_IL10_FAMILY_TO_JAK_STAT_SIGNALING_PATHWAY,0.00809191574539762,0.660372475289227,Intermediate monocytes
Butyricimonas,KEGG_MEDICUS_REFERENCE_IL12_23_TO_JAK_STAT_SIGNALING_PATHWAY,0.0446706702169402,0.0152312680924481,Intermediate monocytes
Butyricimonas,KEGG_MEDICUS_REFERENCE_IL1_IL1R_JNK_SIGNALING_PATHWAY,-0.0904396304054919,8.61175460289704e-07,Intermediate monocytes
Butyricimonas,KEGG_MEDICUS_REFERENCE_IL1_IL1R_P38_SIGNALING_PATHWAY,-0.0513532706002282,0.00526545963195126,Intermediate monocytes
Butyricimonas,KEGG_MEDICUS_REFERENCE_IL2_FAMILY_TO_JAK_STAT_SIGNALING_PATHWAY,0.0386272947910782,0.0358831794660477,Intermediate monocytes
Butyricimonas,KEGG_MEDICUS_REFERENCE_IL6_FAMILY_TO_JAK_STAT_SIGNALING_PATHWAY,0.0669562703527178,0.000272832307775195,Intermediate monocytes
Butyricimonas,KEGG_MEDICUS_REFERENCE_INACTIVATION_OF_CONDENSIN_I,0.0314920835704201,0.0871831964076994,Intermediate monocytes
Butyricimonas,KEGG_MEDICUS_REFERENCE_INTRINSIC_APOPTOTIC_PATHWAY,0.0253846330486069,0.168015014089353,Intermediate monocytes
Butyricimonas,KEGG_MEDICUS_REFERENCE_IRE1A_JNK_SIGNALING_PATHWAY,0.0239693238934691,0.193010919827205,Intermediate monocytes
Butyricimonas,KEGG_MEDICUS_REFERENCE_ISOLEUCINE_DEGRADATION,-0.0116173242246918,0.528143141304447,Intermediate monocytes
Butyricimonas,KEGG_MEDICUS_REFERENCE_ITGA_B_FAK_CDC42_SIGNALING_PATHWAY,0.0700495438923503,0.000139882793918494,Intermediate monocytes
Butyricimonas,KEGG_MEDICUS_REFERENCE_ITGA_B_FAK_RAC_SIGNALING_PATHWAY,-0.00154288091572167,0.933232442042454,Intermediate monocytes
Butyricimonas,KEGG_MEDICUS_REFERENCE_ITGA_B_RHOGAP_RHOA_SIGNALING_PATHWAY,0.0320531046417467,0.0816951740129708,Intermediate monocytes
Butyricimonas,KEGG_MEDICUS_REFERENCE_ITGA_B_RHOGEF_RHOA_SIGNALING_PATHWAY,0.0280495276346651,0.127660746409989,Intermediate monocytes
Butyricimonas,KEGG_MEDICUS_REFERENCE_ITGA_B_RHOG_RAC_SIGNALING_PATHWAY,-0.0363784531755228,0.0481539390451017,Intermediate monocytes
Butyricimonas,KEGG_MEDICUS_REFERENCE_ITGA_B_TALIN_VINCULIN_SIGNALING_PATHWAY,0.0169219014991757,0.358133961749403,Intermediate monocytes
Butyricimonas,KEGG_MEDICUS_REFERENCE_KEAP1_NRF2_SIGNALING_PATHWAY,-0.0431299928039067,0.0191266733132639,Intermediate monocytes
Butyricimonas,KEGG_MEDICUS_REFERENCE_KERATAN_SULFATE_DEGRADATION,-0.0208868629515862,0.25667614302045,Intermediate monocytes
Butyricimonas,KEGG_MEDICUS_REFERENCE_KINETOCHORE_FIBER_ORGANIZATION,-0.0733921439709666,6.59112032484496e-05,Intermediate monocytes
Butyricimonas,KEGG_MEDICUS_REFERENCE_KINETOCHORE_MICROTUBULE_ATTACHMENT,-0.0613629984406785,0.00085250455376854,Intermediate monocytes
Butyricimonas,KEGG_MEDICUS_REFERENCE_KISS1_KISS1R_PLCB_PKC_SIGNALING_PATHWAY,0.0191246166009504,0.299007822644665,Intermediate monocytes
Butyricimonas,KEGG_MEDICUS_REFERENCE_KITLG_KIT_PI3K_SIGNALING_PATHWAY,0.0649932230175178,0.000411069032933378,Intermediate monocytes
Butyricimonas,KEGG_MEDICUS_REFERENCE_KITLG_KIT_RAS_ERK_SIGNALING_PATHWAY,0.0544742240271339,0.00307485906975625,Intermediate monocytes
Butyricimonas,KEGG_MEDICUS_REFERENCE_LECTIN_PATHWAY_OF_COAGULATION_CASCADE_PROTHROMBIN_TO_THROMBIN,0.0214650178598361,0.243741119952307,Intermediate monocytes
Butyricimonas,KEGG_MEDICUS_REFERENCE_LECTIN_PATHWAY_OF_COMPLEMENT_CASCADE_C4_C2_TO_C3_CONVERTASE_FORMATION,0.0270225607514807,0.14221412327599,Intermediate monocytes
Butyricimonas,KEGG_MEDICUS_REFERENCE_LESION_BYPASS_BY_TLS_AND_DSB_FORMATION,-0.0783519841016483,2.03449007027411e-05,Intermediate monocytes
Butyricimonas,KEGG_MEDICUS_REFERENCE_LEUCINE_DEGRADATION,0.00084787179844386,0.963278746634137,Intermediate monocytes
Butyricimonas,KEGG_MEDICUS_REFERENCE_LHCGR_GNAS_PKA_SIGNALING_PATHWAY,0.0197585337884829,0.283273381536643,Intermediate monocytes
Butyricimonas,KEGG_MEDICUS_REFERENCE_LIGHT_HVEM_NFKB_SIGNALING_PATHWAY,0.00516444533999958,0.77914629663111,Intermediate monocytes
Butyricimonas,KEGG_MEDICUS_REFERENCE_LOADING_OF_THE_SMC5_SMC6_COMPLEX,-0.0484609288339849,0.0084639360159687,Intermediate monocytes
Butyricimonas,KEGG_MEDICUS_REFERENCE_LONG_PATCH_BER,0.0199050393970818,0.279718213822781,Intermediate monocytes
Butyricimonas,KEGG_MEDICUS_REFERENCE_LPAR_GNB_G_RHO_SIGNALING_PATHWAY,-0.0336692174983052,0.0674355565108868,Intermediate monocytes
Butyricimonas,KEGG_MEDICUS_REFERENCE_LPA_GNA12_13_RHOA_SIGNALING_PATHWAY,0.0403087628092825,0.0285489452521942,Intermediate monocytes
Butyricimonas,KEGG_MEDICUS_REFERENCE_LPA_GNAQ_11_RHOA_SIGNALING_PATHWAY,-0.00120429770739841,0.947860698786267,Intermediate monocytes
Butyricimonas,KEGG_MEDICUS_REFERENCE_LYSOSOMAL_CA2_RELEASE,0.0134165342792454,0.466275847066995,Intermediate monocytes
Butyricimonas,KEGG_MEDICUS_REFERENCE_MACHR_CA2_APOPTOTIC_PATHWAY,-0.0896132143139478,1.08358493646274e-06,Intermediate monocytes
Butyricimonas,KEGG_MEDICUS_REFERENCE_MAGI_PTEN_SIGNALING_PATHWAY,0.0103962978399748,0.572389958821168,Intermediate monocytes
Butyricimonas,KEGG_MEDICUS_REFERENCE_MANNOSE_TYPE_O_GLYCAN_BIOSYNTHESIS_FKTN_TO_LARGE,0.0279026297044065,0.12966850359065,Intermediate monocytes
Butyricimonas,KEGG_MEDICUS_REFERENCE_MANNOSE_TYPE_O_GLYCAN_BIOSYNTHESIS_POMT_TO_POMK,-0.00460725950798553,0.802451286999181,Intermediate monocytes
Butyricimonas,KEGG_MEDICUS_REFERENCE_MDA5_IRF7_3_SIGNALING_PATHWAY,0.038248028357764,0.037743296869484,Intermediate monocytes
Butyricimonas,KEGG_MEDICUS_REFERENCE_MDM2_P21_CELL_CYCLE_G1_S_N00066,0.0952969516830336,2.14351877840476e-07,Intermediate monocytes
Butyricimonas,KEGG_MEDICUS_REFERENCE_MDM2_P21_CELL_CYCLE_G1_S_N00536,0.0327863800458727,0.0749480394840315,Intermediate monocytes
Butyricimonas,KEGG_MEDICUS_REFERENCE_MEMBRANE_INITIATED_PROGESTERONE_SIGNALING_PATHWAY,0.0576555715172771,0.00172847150114151,Intermediate monocytes
Butyricimonas,KEGG_MEDICUS_REFERENCE_METHIONINE_DEGRADATION,-0.014024525329111,0.4463164030198,Intermediate monocytes
Butyricimonas,KEGG_MEDICUS_REFERENCE_MEVALONATE_PATHWAY,-0.00671298032623165,0.715470070791138,Intermediate monocytes
Butyricimonas,KEGG_MEDICUS_REFERENCE_MGLUR1_TRPC3_SIGNALING_PATHWAY,0.0276734554476864,0.132849614112235,Intermediate monocytes
Butyricimonas,KEGG_MEDICUS_REFERENCE_MGLUR5_CA2_APOPTOTIC_PATHWAY,-0.0751976112319862,4.33185489006399e-05,Intermediate monocytes
Butyricimonas,KEGG_MEDICUS_REFERENCE_MICROTUBULE_DEPOLYMERIZATION,-0.0663071162472764,0.000312815131112628,Intermediate monocytes
Butyricimonas,KEGG_MEDICUS_REFERENCE_MICROTUBULE_DEPOLYMERIZATION_AT_THE_MINUS_ENDS,-0.0555076861094676,0.00255797174831338,Intermediate monocytes
Butyricimonas,KEGG_MEDICUS_REFERENCE_MICROTUBULE_NUCLEATION,-0.0494507158642351,0.00721353318436715,Intermediate monocytes
Butyricimonas,KEGG_MEDICUS_REFERENCE_MICROTUBULE_RHOA_SIGNALING_PATHWAY,-0.0378635119559883,0.0397122350484351,Intermediate monocytes
Butyricimonas,KEGG_MEDICUS_REFERENCE_MISMATCH_REPAIR,0.0336394193850888,0.0676786214402462,Intermediate monocytes
Butyricimonas,KEGG_MEDICUS_REFERENCE_MITOCHONDRIAL_COMPLEX_UCP1_IN_THERMOGENESIS,-0.200601291967302,3.62681631200931e-28,Intermediate monocytes
Butyricimonas,KEGG_MEDICUS_REFERENCE_MLK_JNK_SIGNALING_PATHWAY,0.0511142852032034,0.00548081922676929,Intermediate monocytes
Butyricimonas,KEGG_MEDICUS_REFERENCE_MODIFYING_OF_CONDENSIN_II_SUBUNITS,0.0148060309253554,0.421389515658077,Intermediate monocytes
Butyricimonas,KEGG_MEDICUS_REFERENCE_MODIFYING_OF_CONDENSIN_I_SUBUNITS,0.040581649171394,0.0274895235134414,Intermediate monocytes
Butyricimonas,KEGG_MEDICUS_REFERENCE_MYOSTATIN_SIGNALING_PATHWAY,0.0445620225707451,0.0154810909856546,Intermediate monocytes
Butyricimonas,KEGG_MEDICUS_REFERENCE_NAD_BIOSYNTHESIS,0.105167074036421,1.02543382593597e-08,Intermediate monocytes
Butyricimonas,KEGG_MEDICUS_REFERENCE_NALP12_INFLAMMASOME_SIGNALING_PATHWAY,-0.050248895660567,0.00632873814827468,Intermediate monocytes
Butyricimonas,KEGG_MEDICUS_REFERENCE_NLRC4_INFLAMMASOME_SIGNALING_PATHWAY,-0.0449414827945588,0.0146239474615266,Intermediate monocytes
Butyricimonas,KEGG_MEDICUS_REFERENCE_NLRP1_INFLAMMASOME_SIGNALING_PATHWAY,-0.0459005574565465,0.0126412632709724,Intermediate monocytes
Butyricimonas,KEGG_MEDICUS_REFERENCE_NLRP3_INFLAMMASOME_SIGNALING_PATHWAY,-0.0425002598645989,0.0209540599607345,Intermediate monocytes
Butyricimonas,KEGG_MEDICUS_REFERENCE_NODAL_SIGNALING_PATHWAY,0.0194867964033446,0.289948171120406,Intermediate monocytes
Butyricimonas,KEGG_MEDICUS_REFERENCE_NOD_NFKB_SIGNALING_PATHWAY,0.0203566661219291,0.268950185036087,Intermediate monocytes
Butyricimonas,KEGG_MEDICUS_REFERENCE_NON_CANONICAL_INFLAMMASOME_SIGNALING_PATHWAY,-0.0344665991885696,0.0611933621751509,Intermediate monocytes
Butyricimonas,KEGG_MEDICUS_REFERENCE_NON_HOMOLOGOUS_END_JOINING,0.0366082258910667,0.046756799357792,Intermediate monocytes
Butyricimonas,KEGG_MEDICUS_REFERENCE_NOTCH_LIGAND_UBIQUITYLATION,0.0319721706186344,0.0824691494940971,Intermediate monocytes
Butyricimonas,KEGG_MEDICUS_REFERENCE_NOTCH_MESP2_SIGNALING,0.0215539371549015,0.241793077390684,Intermediate monocytes
Butyricimonas,KEGG_MEDICUS_REFERENCE_NOTCH_PROTEOLYTIC_ACTIVATION,0.0320720217665352,0.0815151206276063,Intermediate monocytes
Butyricimonas,KEGG_MEDICUS_REFERENCE_NOTCH_SIGNALING_PATHWAY,0.05541213514377,0.00260219387521484,Intermediate monocytes
Butyricimonas,KEGG_MEDICUS_REFERENCE_NRG_ERBB4_PI3K_SIGNALING_PATHWAY,0.0793759776477159,1.58210422312288e-05,Intermediate monocytes
Butyricimonas,KEGG_MEDICUS_REFERENCE_NUCLEAR_EXPORT_OF_MRNA,-0.00460693319740954,0.802464989153197,Intermediate monocytes
Butyricimonas,KEGG_MEDICUS_REFERENCE_NUCLEAR_INITIATED_ESTROGEN_SIGNALING_PATHWAY,0.00184640910735537,0.920137697883158,Intermediate monocytes
Butyricimonas,KEGG_MEDICUS_REFERENCE_NUCLEAR_INITIATED_PROGESTERONE_SIGNALING_PATHWAY,NA,NA,Intermediate monocytes
Butyricimonas,KEGG_MEDICUS_REFERENCE_N_GLYCAN_BIOSYNTHESIS,-0.0237467716143315,0.197177855721337,Intermediate monocytes
Butyricimonas,KEGG_MEDICUS_REFERENCE_N_GLYCAN_PRECURSOR_BIOSYNTHESIS_ALG6_TO_OST,-0.0427864102773251,0.0201056492011923,Intermediate monocytes
Butyricimonas,KEGG_MEDICUS_REFERENCE_N_GLYCAN_PRECURSOR_BIOSYNTHESIS_ALG7_TO_ALG11,0.00848204483297675,0.645097018783621,Intermediate monocytes
Butyricimonas,KEGG_MEDICUS_REFERENCE_N_GLYCAN_PRECURSOR_BIOSYNTHESIS_GLC_6P_TO_MAN_P_DOL,0.0228158445451446,0.215321890149534,Intermediate monocytes
Butyricimonas,KEGG_MEDICUS_REFERENCE_OKAZAKI_FRAGMENT_MATURATION,0.0185439025320137,0.313924103044848,Intermediate monocytes
Butyricimonas,KEGG_MEDICUS_REFERENCE_ORGANIZATION_OF_THE_INNER_KINETOCHORE,0.0233019937722739,0.205702096646019,Intermediate monocytes
Butyricimonas,KEGG_MEDICUS_REFERENCE_ORGANIZATION_OF_THE_OUTER_KINETOCHORE,0.0124994559978502,0.497297464653404,Intermediate monocytes
Butyricimonas,KEGG_MEDICUS_REFERENCE_ORIGIN_UNWINDING_AND_ELONGATION,0.0332612706189038,0.070826244076402,Intermediate monocytes
Butyricimonas,KEGG_MEDICUS_REFERENCE_P15_CELL_CYCLE_G1_S,0.106889705836934,5.85654281256587e-09,Intermediate monocytes
Butyricimonas,KEGG_MEDICUS_REFERENCE_P16_CELL_CYCLE_G1_S,0.112229827266432,9.75230561011326e-10,Intermediate monocytes
Butyricimonas,KEGG_MEDICUS_REFERENCE_P27_CELL_CYCLE_G1_S,-0.0271315687877135,0.140611432166714,Intermediate monocytes
Butyricimonas,KEGG_MEDICUS_REFERENCE_P300_P21_CELL_CYCLE_G1_S,0.111980274157382,1.06246305194188e-09,Intermediate monocytes
Butyricimonas,KEGG_MEDICUS_REFERENCE_P4_PR_PI3K_SIGNALING_PATHWAY,0.0496320182047593,0.007003345644902,Intermediate monocytes
Butyricimonas,KEGG_MEDICUS_REFERENCE_P4_PR_RAS_ERK_SIGNALING_PATHWAY,0.0583394538768966,0.00152156812122541,Intermediate monocytes
Butyricimonas,KEGG_MEDICUS_REFERENCE_PDGF_PDGFR_PI3K_SIGNALING_PATHWAY,0.0649932230175178,0.000411069032933378,Intermediate monocytes
Butyricimonas,KEGG_MEDICUS_REFERENCE_PDGF_PDGFR_PLCG_CAMK_SIGNALING_PATHWAY,-0.0106865751372325,0.561713280059625,Intermediate monocytes
Butyricimonas,KEGG_MEDICUS_REFERENCE_PDGF_PDGFR_RAS_ERK_SIGNALING_PATHWAY,0.0544742240271339,0.00307485906975625,Intermediate monocytes
Butyricimonas,KEGG_MEDICUS_REFERENCE_PDL_PD1_SHP_PI3K_SIGNALING_PATHWAY,-0.000140144235957647,0.993928280759069,Intermediate monocytes
Butyricimonas,KEGG_MEDICUS_REFERENCE_PINK_PARKIN_MEDIATED_AUTOPHAGOSOME_FORMATION,0.001348180477392,0.941641907128048,Intermediate monocytes
Butyricimonas,KEGG_MEDICUS_REFERENCE_PKA_HOLOENZYME,0.025691557412877,0.162930143980693,Intermediate monocytes
Butyricimonas,KEGG_MEDICUS_REFERENCE_PKR_EIF2ALPHA_SIGNALING_PATHWAY,0.034934836086479,0.0577561755783953,Intermediate monocytes
Butyricimonas,KEGG_MEDICUS_REFERENCE_PLASMIN_MEDIATED_ACTIVATION_OF_LATENT_TGF_BETA,-0.00610702254361438,0.740180005994364,Intermediate monocytes
Butyricimonas,KEGG_MEDICUS_REFERENCE_PP2A_AKT_SIGNALING_PATHWAY,0.0443877521767139,0.0158893363432497,Intermediate monocytes
Butyricimonas,KEGG_MEDICUS_REFERENCE_PRE_IC_FORMATION,0.061799356316081,0.000782472918540558,Intermediate monocytes
Butyricimonas,KEGG_MEDICUS_REFERENCE_PRL_JAK_STAT_SIGNALING_PATHWAY,0.0588172756173338,0.00139081250372753,Intermediate monocytes
Butyricimonas,KEGG_MEDICUS_REFERENCE_PRNP_PI3K_NOX2_SIGNALING_PATHWAY,-0.0326239669684759,0.0764018503626016,Intermediate monocytes
Butyricimonas,KEGG_MEDICUS_REFERENCE_PROK_PRKR_GI_ERK_SIGNALING_PATHWAY,-0.0209504153068052,0.255231424786888,Intermediate monocytes
Butyricimonas,KEGG_MEDICUS_REFERENCE_PROMOTION_OF_MICROTUBULE_GROWTH,-0.0449649953363688,0.0145722392442608,Intermediate monocytes
Butyricimonas,KEGG_MEDICUS_REFERENCE_PTH_PTH1R_PKA_SIGNALING_PATHWAY,0.0197585337884829,0.283273381536643,Intermediate monocytes
Butyricimonas,KEGG_MEDICUS_REFERENCE_PURINE_SALVAGE_PATHWAY_ADENINE_TO_AMP,-0.016608476296249,0.36710786575268,Intermediate monocytes
Butyricimonas,KEGG_MEDICUS_REFERENCE_PURINE_SALVAGE_PATHWAY_HYPOXANTHINE_GUANINE_TO_IMP_GMP,0.0549456298023308,0.00282829802586395,Intermediate monocytes
Butyricimonas,KEGG_MEDICUS_REFERENCE_PYRIN_INFLAMMASOME_SIGNALING_PATHWAY,-0.0315949627910434,0.0861551254628412,Intermediate monocytes
Butyricimonas,KEGG_MEDICUS_REFERENCE_RAB7_REGULATED_MICROTUBULE_MINUS_END_DIRECTED_TRANSPORT,-0.0400001092111509,0.0297894091425423,Intermediate monocytes
Butyricimonas,KEGG_MEDICUS_REFERENCE_RAC_CDC42_PAK_ERK_SIGNALING_PATHWAY,0.000703112972194469,0.969544881238502,Intermediate monocytes
Butyricimonas,KEGG_MEDICUS_REFERENCE_RAD51_DSDNA_DESTABILIZATION,0.0175525467948538,0.340499719214589,Intermediate monocytes
Butyricimonas,KEGG_MEDICUS_REFERENCE_RECRUITMENT_AND_FORMATION_OF_THE_MCC,0.0241954534837149,0.188843609172728,Intermediate monocytes
Butyricimonas,KEGG_MEDICUS_REFERENCE_REGULATION_OF_COMPLEMENT_CASCADE_MAC_INHIBITION,-0.00769139103783182,0.676203457085093,Intermediate monocytes
Butyricimonas,KEGG_MEDICUS_REFERENCE_REGULATION_OF_EXTRINSIC_APOPTOTIC_PATHWAY_XIAP,0.0445340912311399,0.0155458954777939,Intermediate monocytes
Butyricimonas,KEGG_MEDICUS_REFERENCE_REGULATION_OF_FIBRINOLYTIC_SYSTEM_C1INH,0.00772386289821283,0.674914525689051,Intermediate monocytes
Butyricimonas,KEGG_MEDICUS_REFERENCE_REGULATION_OF_FIBRINOLYTIC_SYSTEM_PAI,0.0108903753220637,0.554275268404316,Intermediate monocytes
Butyricimonas,KEGG_MEDICUS_REFERENCE_REGULATION_OF_GF_RTK_RAS_ERK_SIGNALING_MRAS_SHOC2_PP1_HOLOPHOSPHATASE,0.0111299143577777,0.545594953431224,Intermediate monocytes
Butyricimonas,KEGG_MEDICUS_REFERENCE_REGULATION_OF_GF_RTK_RAS_ERK_SIGNALING_PATHWAY_ADAPTOR_PROTEINS,0.0132529788694618,0.471728459199964,Intermediate monocytes
Butyricimonas,KEGG_MEDICUS_REFERENCE_REGULATION_OF_GF_RTK_RAS_ERK_SIGNALING_PTP,-0.0573748292796853,0.00182066054448376,Intermediate monocytes
Butyricimonas,KEGG_MEDICUS_REFERENCE_REGULATION_OF_GF_RTK_RAS_ERK_SIGNALING_RASGAP,0.0825638254225128,7.09254415311602e-06,Intermediate monocytes
Butyricimonas,KEGG_MEDICUS_REFERENCE_REGULATION_OF_GF_RTK_RAS_ERK_SIGNALING_RAS_UBIQUITINATION_BY_CUL3_COMPLEX,0.0817150038848659,8.80692845372839e-06,Intermediate monocytes
Butyricimonas,KEGG_MEDICUS_REFERENCE_REGULATION_OF_GF_RTK_RAS_ERK_SIGNALING_SPRED_AND_NF1,0.0687876288312202,0.00018430997181576,Intermediate monocytes
Butyricimonas,KEGG_MEDICUS_REFERENCE_REGULATION_OF_GF_RTK_RAS_ERK_SIGNALING_UBIQUITINATION_OF_RTK_BY_CBL,0.0433081709473419,0.0186355831116426,Intermediate monocytes
Butyricimonas,KEGG_MEDICUS_REFERENCE_REGULATION_OF_NLRP3_INFLAMMASOME_SIGNALING_PATHWAY_NLRP3_INHIBITION,-0.0397988694150982,0.0306228929981339,Intermediate monocytes
Butyricimonas,KEGG_MEDICUS_REFERENCE_REGULATION_OF_SERCA,-0.0624231014784625,0.000691595911870006,Intermediate monocytes
Butyricimonas,KEGG_MEDICUS_REFERENCE_REGULATION_OF_TNF_NFKB_SIGNALING_PATHWAY_LUBAC_MEDIATED_LINEAR_UBIQUITINATION,-0.00825692641739676,0.653893758307022,Intermediate monocytes
Butyricimonas,KEGG_MEDICUS_REFERENCE_RELN_VLDLR_PI3K_SIGNALING_PATHWAY,0.0693562686019127,0.000162860279898097,Intermediate monocytes
Butyricimonas,KEGG_MEDICUS_REFERENCE_RETROGRADE_AXONAL_TRANSPORT,-0.0251392091741564,0.172165962474367,Intermediate monocytes
Butyricimonas,KEGG_MEDICUS_REFERENCE_RIG_I_IRF7_3_SIGNALING_PATHWAY,0.027294733350215,0.138238492550535,Intermediate monocytes
Butyricimonas,KEGG_MEDICUS_REFERENCE_RIG_I_NFKB_SIGNALING_PATHWAY,0.0193618547795484,0.293052393218404,Intermediate monocytes
Butyricimonas,KEGG_MEDICUS_REFERENCE_RORA_MEDIATED_TRANSCRIPTION,0.024570543586875,0.182077966997507,Intermediate monocytes
Butyricimonas,KEGG_MEDICUS_REFERENCE_RTK_PLCG_ITPR_SIGNALING_PATHWAY,0.0489428470555013,0.00783276741415849,Intermediate monocytes
Butyricimonas,KEGG_MEDICUS_REFERENCE_SIALYL_LEWIS_X_ANTIGEN_BIOSYNTHESIS,0.0269533370756979,0.1432391401363,Intermediate monocytes
Butyricimonas,KEGG_MEDICUS_REFERENCE_SKELETAL_TYPE_VGCC_RYR_SIGNALING,0.0236288079895536,0.199413047544493,Intermediate monocytes
Butyricimonas,KEGG_MEDICUS_REFERENCE_SPINDLE_ASSEMBLY_CHECKPOINT_SIGNALING,-0.0245264475937295,0.182863893060981,Intermediate monocytes
Butyricimonas,KEGG_MEDICUS_REFERENCE_STRAD_STK11_TSC_SIGNALING_PATHWAY,0.0457829895627858,0.0128707827363772,Intermediate monocytes
Butyricimonas,KEGG_MEDICUS_REFERENCE_TAC3_TACR3_PLC_PKC_SIGNALING_PATHWAY,0.0198484324422184,0.281088252517063,Intermediate monocytes
Butyricimonas,KEGG_MEDICUS_REFERENCE_TBK1_MEDIATED_AUTOPHAGOSOME_FORMATION,-0.022359487032196,0.224643107641546,Intermediate monocytes
Butyricimonas,KEGG_MEDICUS_REFERENCE_TCR_PLCG_ITPR_SIGNALING_PATHWAY,0.0744066328342707,5.21233397049501e-05,Intermediate monocytes
Butyricimonas,KEGG_MEDICUS_REFERENCE_TELOMERASE_RNA_MATURATION,0.0272136456548157,0.139413885459199,Intermediate monocytes
Butyricimonas,KEGG_MEDICUS_REFERENCE_TELOMERE_ELONGATION,-0.0346905180553936,0.0595290783784925,Intermediate monocytes
Butyricimonas,KEGG_MEDICUS_REFERENCE_TESTOSTERONE_BIOSYNTHESIS,0.0138663500249986,0.451461760258736,Intermediate monocytes
Butyricimonas,KEGG_MEDICUS_REFERENCE_TETHERING_OF_LATE_ENDOSOMES_AND_LYSOSOMES,-0.00882867666209846,0.631648900126111,Intermediate monocytes
Butyricimonas,KEGG_MEDICUS_REFERENCE_TGFA_EGFR_PI3K_SIGNALING_PATHWAY,0.0559830570934229,0.00234800301817376,Intermediate monocytes
Butyricimonas,KEGG_MEDICUS_REFERENCE_TGFA_EGFR_PLCG_PKC_SIGNALING_PATHWAY,0.00627955174471245,0.733115926456969,Intermediate monocytes
Butyricimonas,KEGG_MEDICUS_REFERENCE_TGFA_EGFR_RAS_ERK_SIGNALING_PATHWAY,0.0552372733118493,0.00268493543339016,Intermediate monocytes
Butyricimonas,KEGG_MEDICUS_REFERENCE_TGF_BETA_SIGNALING_PATHWAY,0.00956669835797379,0.603422924481924,Intermediate monocytes
Butyricimonas,KEGG_MEDICUS_REFERENCE_THYROID_HORMONE_SIGNALING_PATHWAY,0.0271552700255051,0.140264808983128,Intermediate monocytes
Butyricimonas,KEGG_MEDICUS_REFERENCE_TIGHT_JUNCTION_ACTIN_SIGNALING_PATHWAY,-0.0854664271756726,3.32993087831287e-06,Intermediate monocytes
Butyricimonas,KEGG_MEDICUS_REFERENCE_TLR1_2_4_NFKB_SIGNALING_PATHWAY,0.0204383372142998,0.267033704492897,Intermediate monocytes
Butyricimonas,KEGG_MEDICUS_REFERENCE_TLR2_4_MAPK_SIGNALING_PATHWAY,-0.0527480835264956,0.00415403870606134,Intermediate monocytes
Butyricimonas,KEGG_MEDICUS_REFERENCE_TLR3_IRF3_SIGNALING_PATHWAY,0.0308925173875046,0.09337306785011,Intermediate monocytes
Butyricimonas,KEGG_MEDICUS_REFERENCE_TLR3_IRF7_SIGNALING_PATHWAY,0.0066163658567123,0.719390713664775,Intermediate monocytes
Butyricimonas,KEGG_MEDICUS_REFERENCE_TLR3_NFKB_SIGNALING_PATHWAY,0.0253540455639878,0.168528216699622,Intermediate monocytes
Butyricimonas,KEGG_MEDICUS_REFERENCE_TLR4_IRF3_7_SIGNALING_PATHWAY,-0.00558540224606301,0.761668695709599,Intermediate monocytes
Butyricimonas,KEGG_MEDICUS_REFERENCE_TLR5_NFKB_SIGNALING_PATHWAY,0.0235597761499796,0.200729624932768,Intermediate monocytes
Butyricimonas,KEGG_MEDICUS_REFERENCE_TLR7_8_9_IRF5_SIGNALING_PATHWAY,0.049333282750001,0.00735267815242971,Intermediate monocytes
Butyricimonas,KEGG_MEDICUS_REFERENCE_TLR7_9_IRF7_SIGNALING_PATHWAY,0.0253765295932399,0.168150861060066,Intermediate monocytes
Butyricimonas,KEGG_MEDICUS_REFERENCE_TNFSF10_RIPK1_3_SIGNALING_PATHWAY,0.0395789415637779,0.0315565928410293,Intermediate monocytes
Butyricimonas,KEGG_MEDICUS_REFERENCE_TNF_JNK_SIGNALING_PATHWAY,-0.0917031137605675,6.03778814327403e-07,Intermediate monocytes
Butyricimonas,KEGG_MEDICUS_REFERENCE_TNF_NFKB_SIGNALING_PATHWAY,0.0287887547708255,0.117921851391654,Intermediate monocytes
Butyricimonas,KEGG_MEDICUS_REFERENCE_TNF_P38_SIGNALING_PATHWAY,0.0554120567828835,0.00260223042651898,Intermediate monocytes
Butyricimonas,KEGG_MEDICUS_REFERENCE_TNF_RIPK1_3_SIGNALING_PATHWAY,0.00366451479432851,0.842275135129824,Intermediate monocytes
Butyricimonas,KEGG_MEDICUS_REFERENCE_TRAIP_DEPENDENT_REPLISOME_DISASSEMBLY,-0.0783063897275304,2.05725549342079e-05,Intermediate monocytes
Butyricimonas,KEGG_MEDICUS_REFERENCE_TRANSCRIPTIONAL_ACTIVATION_BY_ACETYLATION_OF_H3K27,-0.0334267323888709,0.069434517152555,Intermediate monocytes
Butyricimonas,KEGG_MEDICUS_REFERENCE_TRANSCRIPTION_COUPLED_NER,-0.0136031134142732,0.460098605104721,Intermediate monocytes
Butyricimonas,KEGG_MEDICUS_REFERENCE_TRANSLATION_INITIATION,-0.340855680310926,3.50721853867046e-81,Intermediate monocytes
Butyricimonas,KEGG_MEDICUS_REFERENCE_TRAPPI_RAB1_SIGNALING_PATHWAY,-0.0336581964550736,0.0675253719997087,Intermediate monocytes
Butyricimonas,KEGG_MEDICUS_REFERENCE_TRH_TRHR_PLCB_PKC_SIGNALING_PATHWAY,0.0191246166009504,0.299007822644665,Intermediate monocytes
Butyricimonas,KEGG_MEDICUS_REFERENCE_TSC1_2_MTORC1_SIGNALING_PATHWAY,0.0320976760291208,0.0812714574181277,Intermediate monocytes
Butyricimonas,KEGG_MEDICUS_REFERENCE_TSH_DUOX2_TG_SIGNALING_PATHWAY,0.0188868318246703,0.305057442825798,Intermediate monocytes
Butyricimonas,KEGG_MEDICUS_REFERENCE_TSH_TG_SIGNALING_PATHWAY,0.0317396208640569,0.08472614050808,Intermediate monocytes
Butyricimonas,KEGG_MEDICUS_REFERENCE_TYPE_II_INTERFERON_TO_JAK_STAT_SIGNALING_PATHWAY,0.0273883233794262,0.136891379165862,Intermediate monocytes
Butyricimonas,KEGG_MEDICUS_REFERENCE_TYPE_I_IFN_SIGNALING_PATHWAY,0.0233940064642286,0.203917058664564,Intermediate monocytes
Butyricimonas,KEGG_MEDICUS_REFERENCE_TYPE_I_INTERFERON_TO_JAK_STAT_SIGNALING_PATHWAY,0.0206173356927591,0.262866249743069,Intermediate monocytes
Butyricimonas,KEGG_MEDICUS_REFERENCE_TYROSINE_DEGRADATION,-0.0134340678442037,0.465693395562995,Intermediate monocytes
Butyricimonas,KEGG_MEDICUS_REFERENCE_UCHL1_MEDIATED_HYDROLYSIS,-0.162610454044336,6.16696143898713e-19,Intermediate monocytes
Butyricimonas,KEGG_MEDICUS_REFERENCE_UREA_CYCLE,-0.0142358957067992,0.439493013166054,Intermediate monocytes
Butyricimonas,KEGG_MEDICUS_REFERENCE_VALINE_DEGRADATION,-0.0126111599443438,0.493461058945125,Intermediate monocytes
Butyricimonas,KEGG_MEDICUS_REFERENCE_VGCC_CA2_APOPTOTIC_PATHWAY,-0.104232620342761,1.3844156900055e-08,Intermediate monocytes
Butyricimonas,KEGG_MEDICUS_REFERENCE_V_D_J_RECOMBINATION,0.0225413626807713,0.220894286397081,Intermediate monocytes
Butyricimonas,KEGG_MEDICUS_REFERENCE_WEE1_CELL_CYCLE_G2_M,0.0386638350571941,0.0357081660377515,Intermediate monocytes
Butyricimonas,KEGG_MEDICUS_REFERENCE_WNT5A_ROR_SIGNALING_PATHWAY,-0.00083836766797859,0.963690083957906,Intermediate monocytes
Butyricimonas,KEGG_MEDICUS_REFERENCE_WNT_SIGNALING_MODULATION_LGR_RSPO,-0.00219791094337281,0.905000518971749,Intermediate monocytes
Butyricimonas,KEGG_MEDICUS_REFERENCE_WNT_SIGNALING_MODULATION_SOST_LRP4,-0.00789535851852342,0.668123088852471,Intermediate monocytes
Butyricimonas,KEGG_MEDICUS_REFERENCE_WNT_SIGNALING_MODULATION_WNT_ACYLATION,-0.0106821733380167,0.561874461339707,Intermediate monocytes
Butyricimonas,KEGG_MEDICUS_REFERENCE_WNT_SIGNALING_MODULATION_WNT_INHIBITOR,-0.0128748793836798,0.48446696991964,Intermediate monocytes
Butyricimonas,KEGG_MEDICUS_REFERENCE_WNT_SIGNALING_PATHWAY,0.0592592153253252,0.00127917524408472,Intermediate monocytes
Butyricimonas,KEGG_MEDICUS_VARIANT_AML1_ETO_FUSION_TO_PU.1_MEDIATED_TRANSCRIPTION,-0.0520789830983935,0.00465750805809507,Intermediate monocytes
Butyricimonas,KEGG_MEDICUS_VARIANT_AMPLIFIED_CCND1_TO_CELL_CYCLE_G1_S,0.0396199881863566,0.0313805004131963,Intermediate monocytes
Butyricimonas,KEGG_MEDICUS_VARIANT_AMPLIFIED_CCNE_TO_CELL_CYCLE_G1_S,0.0405620699746953,0.0275643903653203,Intermediate monocytes
Butyricimonas,KEGG_MEDICUS_VARIANT_AMPLIFIED_CDK4_TO_CELL_CYCLE_G1_S,0.108458904388474,3.48901877562908e-09,Intermediate monocytes
Butyricimonas,KEGG_MEDICUS_VARIANT_AMPLIFIED_EGFR_TO_PI3K_SIGNALING_PATHWAY,0.0552868655425353,0.00266122844661369,Intermediate monocytes
Butyricimonas,KEGG_MEDICUS_VARIANT_AMPLIFIED_EGFR_TO_PLCG_CAMK_SIGNALING_PATHWAY,-0.0106865751372325,0.561713280059625,Intermediate monocytes
Butyricimonas,KEGG_MEDICUS_VARIANT_AMPLIFIED_FGFR_TO_PI3K_SIGNALING_PATHWAY,0.0566526919880949,0.0020789259252904,Intermediate monocytes
Butyricimonas,KEGG_MEDICUS_VARIANT_AMPLIFIED_FGFR_TO_RAS_ERK_SIGNALING_PATHWAY,0.0547854202068457,0.00290999240740551,Intermediate monocytes
Butyricimonas,KEGG_MEDICUS_VARIANT_AMPLIFIED_MDM2_TO_P21_CELL_CYCLE_G1_S,0.0942398737938938,2.91825919114124e-07,Intermediate monocytes
Butyricimonas,KEGG_MEDICUS_VARIANT_AMPLIFIED_MET_TO_PI3K_SIGNALING_PATHWAY,0.0523517544018417,0.00444594354461076,Intermediate monocytes
Butyricimonas,KEGG_MEDICUS_VARIANT_AMPLIFIED_MYCN_TO_TRANSCRIPTIONAL_ACTIVATION,0.0288862242728384,0.116682427149852,Intermediate monocytes
Butyricimonas,KEGG_MEDICUS_VARIANT_AMPLIFIED_MYCN_TO_TRANSCRIPTIONAL_REPRESSION,0.0219250427758268,0.233781209318655,Intermediate monocytes
Butyricimonas,KEGG_MEDICUS_VARIANT_AMPLIFIED_MYC_TO_CELL_CYCLE_G1_S,0.105982675053236,7.87422891979721e-09,Intermediate monocytes
Butyricimonas,KEGG_MEDICUS_VARIANT_AMPLIFIED_MYC_TO_P27_CELL_CYCLE_G1_S,-0.0199731460401431,0.278075873779722,Intermediate monocytes
Butyricimonas,KEGG_MEDICUS_VARIANT_AMPLIFIED_PDGFR_TO_PI3K_SIGNALING_PATHWAY,0.0552868655425353,0.00266122844661369,Intermediate monocytes
Butyricimonas,KEGG_MEDICUS_VARIANT_AMPLIFIED_PDGFR_TO_PLCG_CAMK_SIGNALING_PATHWAY,-0.0106865751372325,0.561713280059625,Intermediate monocytes
Butyricimonas,KEGG_MEDICUS_VARIANT_AMPLIFIED_PDGFR_TO_RAS_ERK_SIGNALING_PATHWAY,0.0544742240271339,0.00307485906975625,Intermediate monocytes
Butyricimonas,KEGG_MEDICUS_VARIANT_AMPLIFIED_REL_TO_TRANSCRIPTION,0.0403453663804278,0.0284048292751605,Intermediate monocytes
Butyricimonas,KEGG_MEDICUS_VARIANT_BCL2_OVEREXPRESSION_TO_INTRINSIC_APOPTOTIC_PATHWAY,0.0266863445158288,0.147245705217266,Intermediate monocytes
Butyricimonas,KEGG_MEDICUS_VARIANT_BCR_ABL_FUSION_KINASE_TO_PI3K_SIGNALING_PATHWAY,0.0651524134589065,0.000397790748987751,Intermediate monocytes
Butyricimonas,KEGG_MEDICUS_VARIANT_BCR_ABL_FUSION_KINASE_TO_RAS_ERK_SIGNALING_PATHWAY,0.055794559051441,0.00242929854715317,Intermediate monocytes
Butyricimonas,KEGG_MEDICUS_VARIANT_CDH1_REDUCED_EXPRESSION_TO_BETA_CATENIN_SIGNALING_PATHWAY,0.0559674929442296,0.00235462000799009,Intermediate monocytes
Butyricimonas,KEGG_MEDICUS_VARIANT_CDX2_OVEREXPRESSION_TO_TRANSCRIPTIONAL_ACTIVATION,0.0086136946560085,0.639975472656047,Intermediate monocytes
Butyricimonas,KEGG_MEDICUS_VARIANT_CYP11B1_CYP11B2_FUSION_TO_ACTH_CORTISOL_SIGNALING_PATHWAY,0.0293295070285286,0.111174188290237,Intermediate monocytes
Butyricimonas,KEGG_MEDICUS_VARIANT_DELETED_DMD_TO_DYSTROPHIN_ASSOCIATED_PROTEIN_COMPLEX,0.0102297035346401,0.578560655109829,Intermediate monocytes
Butyricimonas,KEGG_MEDICUS_VARIANT_DUPLICATION_OR_MUTATION_ACTIVATED_FLT3_TO_JAK_STAT_SIGNALING_PATHWAY,0.0429882113805109,0.0195254893683421,Intermediate monocytes
Butyricimonas,KEGG_MEDICUS_VARIANT_DUPLICATION_OR_MUTATION_ACTIVATED_FLT3_TO_RAS_ERK_SIGNALING_PATHWAY,0.0551803444189617,0.00271238733959954,Intermediate monocytes
Butyricimonas,KEGG_MEDICUS_VARIANT_DUPLICATION_OR_MUTATION_ACTIVATED_FLT3_TO_RAS_PI3K_SIGNALING_PATHWAY,0.0451438194596178,0.0141842180367555,Intermediate monocytes
Butyricimonas,KEGG_MEDICUS_VARIANT_EGFR_OVEREXPRESSION_TO_PI3K_SIGNALING_PATHWAY,0.0649932230175178,0.000411069032933378,Intermediate monocytes
Butyricimonas,KEGG_MEDICUS_VARIANT_EGF_OVEREXPRESSION_TO_PI3K_SIGNALING_PATHWAY,0.0473383967354993,0.0101135916049647,Intermediate monocytes
Butyricimonas,KEGG_MEDICUS_VARIANT_EGF_OVEREXPRESSION_TO_RAS_ERK_SIGNALING_PATHWAY,0.0544742240271339,0.00307485906975625,Intermediate monocytes
Butyricimonas,KEGG_MEDICUS_VARIANT_EML4_ALK_FUSION_KINASE_TO_JAK_STAT_SIGNALING_PATHWAY,0.0356145520335337,0.053053262040023,Intermediate monocytes
Butyricimonas,KEGG_MEDICUS_VARIANT_EML4_ALK_FUSION_KINASE_TO_PI3K_SIGNALING_PATHWAY,0.046871623246603,0.0108798904019358,Intermediate monocytes
Butyricimonas,KEGG_MEDICUS_VARIANT_EML4_ALK_FUSION_KINASE_TO_PLCG_ERK_SIGNALING_PATHWAY,0.0344016511806999,0.0616832341808041,Intermediate monocytes
Butyricimonas,KEGG_MEDICUS_VARIANT_EML4_ALK_FUSION_KINASE_TO_RAS_ERK_SIGNALING_PATHWAY,0.0695636059102538,0.000155640845276114,Intermediate monocytes
Butyricimonas,KEGG_MEDICUS_VARIANT_ERBB2_OVEREXPRESSION_TO_EGF_JAK_STAT_SIGNALING_PATHWAY,0.0190639277994883,0.300544181729623,Intermediate monocytes
Butyricimonas,KEGG_MEDICUS_VARIANT_ERBB2_OVEREXPRESSION_TO_PI3K_SIGNALING_PATHWAY,0.0656422267264916,0.000359404083084139,Intermediate monocytes
Butyricimonas,KEGG_MEDICUS_VARIANT_ESR1_POSITIVE_TO_NUCLEAR_INITIATED_ESTROGEN_SIGNALING_PATHWAY,0.0498448184763703,0.00676366666330957,Intermediate monocytes
Butyricimonas,KEGG_MEDICUS_VARIANT_EWSR1_WT1_FUSION_TO_TRANSCRIPTIONAL_ACTIVATION,0.0104713768656382,0.569619262110484,Intermediate monocytes
Butyricimonas,KEGG_MEDICUS_VARIANT_FUS_DDIT3_FUSION_TO_NFKB_MEDIATED_TRANSCRIPTION,0.0059144383065947,0.74809114695921,Intermediate monocytes
Butyricimonas,KEGG_MEDICUS_VARIANT_FZD7_OVEREXPRESSION_TO_WNT_SIGNALING_PATHWAY,0.0650157184562955,0.000409167877739992,Intermediate monocytes
Butyricimonas,KEGG_MEDICUS_VARIANT_HRAS_OVEREXPRESSION_TO_ERK_SIGNALING_PATHWAY,0.0577134630068316,0.00171000318698953,Intermediate monocytes
Butyricimonas,KEGG_MEDICUS_VARIANT_IGF2_OVEREXPRESSION_TO_RAS_ERK_SIGNALING_PATHWAY,0.0547802780664221,0.00291264979822878,Intermediate monocytes
Butyricimonas,KEGG_MEDICUS_VARIANT_IGH_MMSET_FUSION_TO_TRANSCRIPTIONAL_ACTIVATION,-0.0991686949669729,6.73203245599451e-08,Intermediate monocytes
Butyricimonas,KEGG_MEDICUS_VARIANT_LMO2_REARRANGEMENT_TO_TRANSCRIPTIONAL_ACTIVATION,-0.0121510902698073,0.509363132726564,Intermediate monocytes
Butyricimonas,KEGG_MEDICUS_VARIANT_LMO2_REARRANGEMENT_TO_TRANSCRIPTIONAL_REPRESSION,-0.00466774572273409,0.799912454587166,Intermediate monocytes
Butyricimonas,KEGG_MEDICUS_VARIANT_LOSS_OF_CDKN1B_TO_P27_CELL_CYCLE_G1_S,0.0352160995737055,0.0557697225069334,Intermediate monocytes
Butyricimonas,KEGG_MEDICUS_VARIANT_LOSS_OF_NKX3_1_TO_PI3K_SIGNALING_PATHWAY,0.0113532040822279,0.537564638687021,Intermediate monocytes
Butyricimonas,KEGG_MEDICUS_VARIANT_LOSS_OF_RASSF1_TO_RAS_RASSF1_SIGNALING_PATHWAY,0.0576879135348559,0.00171813140133997,Intermediate monocytes
Butyricimonas,KEGG_MEDICUS_VARIANT_LOSS_OF_VHL_TO_HIF_1_SIGNALING_PATHWAY,-0.00571485901249099,0.75631769453114,Intermediate monocytes
Butyricimonas,KEGG_MEDICUS_VARIANT_LRP6_OVEREXPRESSION_TO_WNT_SIGNALING_PATHWAY,0.0592592153253252,0.00127917524408472,Intermediate monocytes
Butyricimonas,KEGG_MEDICUS_VARIANT_MET_OVEREXPRESSION_TO_RAS_ERK_SIGNALING_PATHWAY,0.0543741415755369,0.00312966328857727,Intermediate monocytes
Butyricimonas,KEGG_MEDICUS_VARIANT_MLL_AF4_FUSION_TO_TRANSCRIPTIONAL_ACTIVATION,0.0532876654834663,0.00378455556740946,Intermediate monocytes
Butyricimonas,KEGG_MEDICUS_VARIANT_MLL_ENL_FUSION_TO_TRANSCRIPTIONAL_ACTIVATION,0.0535784963907247,0.00359803235778958,Intermediate monocytes
Butyricimonas,KEGG_MEDICUS_VARIANT_MUTATION_ACTIVATED_BRAF_TO_ERK_SIGNALING_PATHWAY,0.021160058844796,0.250505759707226,Intermediate monocytes
Butyricimonas,KEGG_MEDICUS_VARIANT_MUTATION_ACTIVATED_CACNA1D_H_TO_ANGIOTENSIN_ALDOSTERONE_SIGNALING_PATHWAY,-0.000977049811490971,0.957688955963216,Intermediate monocytes
Butyricimonas,KEGG_MEDICUS_VARIANT_MUTATION_ACTIVATED_EGFR_TO_PI3K_SIGNALING_PATHWAY,0.046871623246603,0.0108798904019358,Intermediate monocytes
Butyricimonas,KEGG_MEDICUS_VARIANT_MUTATION_ACTIVATED_EGFR_TO_PLCG_ERK_SIGNALING_PATHWAY,0.0344016511806999,0.0616832341808041,Intermediate monocytes
Butyricimonas,KEGG_MEDICUS_VARIANT_MUTATION_ACTIVATED_EGFR_TO_RAS_ERK_SIGNALING_PATHWAY,0.0544742240271339,0.00307485906975625,Intermediate monocytes
Butyricimonas,KEGG_MEDICUS_VARIANT_MUTATION_ACTIVATED_FGFR3_TO_RAS_ERK_SIGNALING_PATHWAY,0.056377765025537,0.00218578065964594,Intermediate monocytes
Butyricimonas,KEGG_MEDICUS_VARIANT_MUTATION_ACTIVATED_GNAS_TO_ACTH_CORTISOL_SIGNALING_PATHWAY,0.030571277381313,0.0968317460920256,Intermediate monocytes
Butyricimonas,KEGG_MEDICUS_VARIANT_MUTATION_ACTIVATED_GNAS_TO_CRHR_PKA_ACTH_SIGNALING_PATHWAY,0.0296544742372102,0.107268050821629,Intermediate monocytes
Butyricimonas,KEGG_MEDICUS_VARIANT_MUTATION_ACTIVATED_KCNJ5_TO_ANGIOTENSIN_ALDOSTERONE_SIGNALING_PATHWAY,-0.000977049811490971,0.957688955963216,Intermediate monocytes
Butyricimonas,KEGG_MEDICUS_VARIANT_MUTATION_ACTIVATED_KIT_TO_PI3K_SIGNALING_PATHWAY,0.046871623246603,0.0108798904019358,Intermediate monocytes
Butyricimonas,KEGG_MEDICUS_VARIANT_MUTATION_ACTIVATED_KIT_TO_RAS_ERK_SIGNALING_PATHWAY,0.0544742240271339,0.00307485906975625,Intermediate monocytes
Butyricimonas,KEGG_MEDICUS_VARIANT_MUTATION_ACTIVATED_KRAS_NRAS_TO_ERK_SIGNALING_PATHWAY,0.062734542256219,0.000649985292447463,Intermediate monocytes
Butyricimonas,KEGG_MEDICUS_VARIANT_MUTATION_ACTIVATED_KRAS_NRAS_TO_PI3K_SIGNALING_PATHWAY,0.0677495854405006,0.000230468218186788,Intermediate monocytes
Butyricimonas,KEGG_MEDICUS_VARIANT_MUTATION_ACTIVATED_LRRK2_TO_INTRINSIC_APOPTOTIC_PATHWAY,0.0947788645802362,2.49447310943984e-07,Intermediate monocytes
Butyricimonas,KEGG_MEDICUS_VARIANT_MUTATION_ACTIVATED_MET_TO_PI3K_SIGNALING_PATHWAY,0.0441892598921232,0.0163658236600384,Intermediate monocytes
Butyricimonas,KEGG_MEDICUS_VARIANT_MUTATION_ACTIVATED_MET_TO_RAS_ERK_SIGNALING_PATHWAY,0.0543741415755369,0.00312966328857727,Intermediate monocytes
Butyricimonas,KEGG_MEDICUS_VARIANT_MUTATION_ACTIVATED_PI3K_TO_PI3K_SIGNALING_PATHWAY,0.0394315887554333,0.0321957410059233,Intermediate monocytes
Butyricimonas,KEGG_MEDICUS_VARIANT_MUTATION_ACTIVATED_PRKACA_TO_ACTH_CORTISOL_SIGNALING_PATHWAY,0.0452659347209699,0.0139245096746345,Intermediate monocytes
Butyricimonas,KEGG_MEDICUS_VARIANT_MUTATION_ACTIVATED_PRKCG_TO_MGLUR1_TRPC3_SIGNALING_PATHWAY,0.0312747446679891,0.0893875964992783,Intermediate monocytes
Butyricimonas,KEGG_MEDICUS_VARIANT_MUTATION_ACTIVATED_RET_TO_PI3K_SIGNALING_PATHWAY,0.0552868655425353,0.00266122844661369,Intermediate monocytes
Butyricimonas,KEGG_MEDICUS_VARIANT_MUTATION_ACTIVATED_SMO_TO_HEDGEHOG_SIGNALING_PATHWAY,0.0218828915435485,0.234681634920648,Intermediate monocytes
Butyricimonas,KEGG_MEDICUS_VARIANT_MUTATION_ACTIVATED_USP8_TO_EGFR_ERK_ACTH_SIGNALING_PATHWAY,0.0514984852418162,0.00513836215628329,Intermediate monocytes
Butyricimonas,KEGG_MEDICUS_VARIANT_MUTATION_CAUSED_ABBERANT_ATXN2_3_TO_MGLUR5_CA2_APOPTOTIC_PATHWAY,-0.0938537150781877,3.26376167421028e-07,Intermediate monocytes
Butyricimonas,KEGG_MEDICUS_VARIANT_MUTATION_CAUSED_ABERRANT_ABETA_TO_26S_PROTEASOME_MEDIATED_PROTEIN_DEGRADATION,-0.055510923660984,0.0025564854744867,Intermediate monocytes
Butyricimonas,KEGG_MEDICUS_VARIANT_MUTATION_CAUSED_ABERRANT_ABETA_TO_AGE_RAGE_SIGNALING_PATHWAY,0.0826348154889657,6.96462237880675e-06,Intermediate monocytes
Butyricimonas,KEGG_MEDICUS_VARIANT_MUTATION_CAUSED_ABERRANT_ABETA_TO_ANTEROGRADE_AXONAL_TRANSPORT,-0.0541398776901249,0.00326144069022329,Intermediate monocytes
Butyricimonas,KEGG_MEDICUS_VARIANT_MUTATION_CAUSED_ABERRANT_ABETA_TO_CROSSTALK_BETWEEN_EXTRINSIC_AND_INTRINSIC_APOPTOTIC_PATHWAYS,0.0271448199965539,0.140417556329328,Intermediate monocytes
Butyricimonas,KEGG_MEDICUS_VARIANT_MUTATION_CAUSED_ABERRANT_ABETA_TO_ELECTRON_TRANSFER_IN_COMPLEX_I,-0.182062371992168,2.07410227562954e-23,Intermediate monocytes
Butyricimonas,KEGG_MEDICUS_VARIANT_MUTATION_CAUSED_ABERRANT_ABETA_TO_ELECTRON_TRANSFER_IN_COMPLEX_IV,-0.160100126284535,2.13450954553444e-18,Intermediate monocytes
Butyricimonas,KEGG_MEDICUS_VARIANT_MUTATION_CAUSED_ABERRANT_ABETA_TO_IRE1A_JNK_SIGNALING_PATHWAY,0.0331552677238289,0.0717298087057078,Intermediate monocytes
Butyricimonas,KEGG_MEDICUS_VARIANT_MUTATION_CAUSED_ABERRANT_ABETA_TO_MACHR_CA2_APOPTOTIC_PATHWAY,-0.086179959426987,2.75478670196854e-06,Intermediate monocytes
Butyricimonas,KEGG_MEDICUS_VARIANT_MUTATION_CAUSED_ABERRANT_ABETA_TO_MGLUR5_CA2_APOPTOTIC_PATHWAY,-0.0725300447927236,8.02732995815754e-05,Intermediate monocytes
Butyricimonas,KEGG_MEDICUS_VARIANT_MUTATION_CAUSED_ABERRANT_ABETA_TO_TRANSPORT_OF_CALCIUM,-0.117883562376076,1.33179484231457e-10,Intermediate monocytes
Butyricimonas,KEGG_MEDICUS_VARIANT_MUTATION_CAUSED_ABERRANT_ABETA_TO_VGCC_CA2_APOPTOTIC_PATHWAY_N01004,-0.118664469371271,1.00398328947668e-10,Intermediate monocytes
Butyricimonas,KEGG_MEDICUS_VARIANT_MUTATION_CAUSED_ABERRANT_ABETA_TO_VGCC_CA2_APOPTOTIC_PATHWAY_N01006,-0.121028078563584,4.2212815316418e-11,Intermediate monocytes
Butyricimonas,KEGG_MEDICUS_VARIANT_MUTATION_CAUSED_ABERRANT_ATXN1_TO_RORA_MEDIATED_TRANSCRIPTION,0.0284934695468592,0.121739781975737,Intermediate monocytes
Butyricimonas,KEGG_MEDICUS_VARIANT_MUTATION_CAUSED_ABERRANT_DCTN1_TO_RETROGRADE_AXONAL_TRANSPORT,-0.0550223885324754,0.00278990353553254,Intermediate monocytes
Butyricimonas,KEGG_MEDICUS_VARIANT_MUTATION_CAUSED_ABERRANT_HTT_TO_26S_PROTEASOME_MEDIATED_PROTEIN_DEGRADATION,-0.0569076224897463,0.0019841442868041,Intermediate monocytes
Butyricimonas,KEGG_MEDICUS_VARIANT_MUTATION_CAUSED_ABERRANT_HTT_TO_ANTEROGRADE_AXONAL_TRANSPORT,-0.0509417391256163,0.00564121345307059,Intermediate monocytes
Butyricimonas,KEGG_MEDICUS_VARIANT_MUTATION_CAUSED_ABERRANT_HTT_TO_AUTOPHAGY_VESICLE_NUCLEATION,0.0355046983098403,0.0537909255770782,Intermediate monocytes
Butyricimonas,KEGG_MEDICUS_VARIANT_MUTATION_CAUSED_ABERRANT_HTT_TO_CREB_MEDIATED_TRANSCRIPTION,0.0278317237596537,0.130646352485229,Intermediate monocytes
Butyricimonas,KEGG_MEDICUS_VARIANT_MUTATION_CAUSED_ABERRANT_HTT_TO_ELECTRON_TRANSFER_IN_COMPLEX_II,-0.0551793401013588,0.00271287392822021,Intermediate monocytes
Butyricimonas,KEGG_MEDICUS_VARIANT_MUTATION_CAUSED_ABERRANT_HTT_TO_ELECTRON_TRANSFER_IN_COMPLEX_III,-0.136452683519533,9.75069950908475e-14,Intermediate monocytes
Butyricimonas,KEGG_MEDICUS_VARIANT_MUTATION_CAUSED_ABERRANT_HTT_TO_EXTRINSIC_APOPTOTIC_PATHWAY,0.0455905277308388,0.0132544726455819,Intermediate monocytes
Butyricimonas,KEGG_MEDICUS_VARIANT_MUTATION_CAUSED_ABERRANT_HTT_TO_MGLUR5_CA2_APOPTOTIC_PATHWAY,-0.0755443331424608,3.99212120965135e-05,Intermediate monocytes
Butyricimonas,KEGG_MEDICUS_VARIANT_MUTATION_CAUSED_ABERRANT_HTT_TO_REST_MEDIATED_TRANSCRIPTIONAL_REPRESSION,0.0603144652283456,0.00104521117708998,Intermediate monocytes
Butyricimonas,KEGG_MEDICUS_VARIANT_MUTATION_CAUSED_ABERRANT_HTT_TO_RETROGRADE_AXONAL_TRANSPORT,-0.0263358644520672,0.152634395766472,Intermediate monocytes
Butyricimonas,KEGG_MEDICUS_VARIANT_MUTATION_CAUSED_ABERRANT_HTT_TO_TNF_JNK_SIGNALING_PATHWAY,0.0200190524899836,0.276972583323664,Intermediate monocytes
Butyricimonas,KEGG_MEDICUS_VARIANT_MUTATION_CAUSED_ABERRANT_HTT_TO_TRANSPORT_OF_CALCIUM,-0.104718649756853,1.18468975991987e-08,Intermediate monocytes
Butyricimonas,KEGG_MEDICUS_VARIANT_MUTATION_CAUSED_ABERRANT_PSEN1_TO_ANTEROGRADE_AXONAL_TRANSPORT,0.0278214502086624,0.130788505834246,Intermediate monocytes
Butyricimonas,KEGG_MEDICUS_VARIANT_MUTATION_CAUSED_ABERRANT_PSEN1_TO_MGLUR5_CA2_APOPTOTIC_PATHWAY,-0.110997137791481,1.48629407877116e-09,Intermediate monocytes
Butyricimonas,KEGG_MEDICUS_VARIANT_MUTATION_CAUSED_ABERRANT_PSEN1_TO_PERK_ATF4_SIGNALING_PATHWAY,-0.0126718445495452,0.491383541139254,Intermediate monocytes
Butyricimonas,KEGG_MEDICUS_VARIANT_MUTATION_CAUSED_ABERRANT_PSEN_TO_MGLUR5_CA2_APOPTOTIC_PATHWAY,-0.100114256961796,5.03953554973588e-08,Intermediate monocytes
Butyricimonas,KEGG_MEDICUS_VARIANT_MUTATION_CAUSED_ABERRANT_SNCA_TO_26S_PROTEASOME_MEDIATED_PROTEIN_DEGRADATION,-0.0558139590472932,0.00242081440141201,Intermediate monocytes
Butyricimonas,KEGG_MEDICUS_VARIANT_MUTATION_CAUSED_ABERRANT_SNCA_TO_ANTEROGRADE_AXONAL_TRANSPORT,-0.0481151961963143,0.00894435590412058,Intermediate monocytes
Butyricimonas,KEGG_MEDICUS_VARIANT_MUTATION_CAUSED_ABERRANT_SNCA_TO_ELECTRON_TRANSFER_IN_COMPLEX_I,-0.183770106029073,7.92389487949299e-24,Intermediate monocytes
Butyricimonas,KEGG_MEDICUS_VARIANT_MUTATION_CAUSED_ABERRANT_SNCA_TO_PERK_ATF4_SIGNALING_PATHWAY,-0.0172094859151267,0.350022381168703,Intermediate monocytes
Butyricimonas,KEGG_MEDICUS_VARIANT_MUTATION_CAUSED_ABERRANT_SNCA_TO_VGCC_CA2_APOPTOTIC_PATHWAY,-0.100959035583545,3.8821114696333e-08,Intermediate monocytes
Butyricimonas,KEGG_MEDICUS_VARIANT_MUTATION_CAUSED_ABERRANT_SOD1_TO_26S_PROTEASOME_MEDIATED_PROTEIN_DEGRADATION,-0.13505480797702,1.74164901875426e-13,Intermediate monocytes
Butyricimonas,KEGG_MEDICUS_VARIANT_MUTATION_CAUSED_ABERRANT_SOD1_TO_INTRINSIC_APOPTOTIC_PATHWAY,-0.00687247657605973,0.709014093320606,Intermediate monocytes
Butyricimonas,KEGG_MEDICUS_VARIANT_MUTATION_CAUSED_ABERRANT_SOD1_TO_PERK_ATF4_SIGNALING_PATHWAY,-0.0386459344849339,0.0357938115638175,Intermediate monocytes
Butyricimonas,KEGG_MEDICUS_VARIANT_MUTATION_CAUSED_ABERRANT_SOD1_TO_RETROGRADE_AXONAL_TRANSPORT,0.0165056441933373,0.370082382253,Intermediate monocytes
Butyricimonas,KEGG_MEDICUS_VARIANT_MUTATION_CAUSED_ABERRANT_SPTBN2_TO_MGLUR1_TRPC3_SIGNALING_PATHWAY,0.0312747446679891,0.0893875964992783,Intermediate monocytes
Butyricimonas,KEGG_MEDICUS_VARIANT_MUTATION_CAUSED_ABERRANT_TDP43_TO_ELECTRON_TRANSFER_IN_COMPLEX_I,-0.183687359789496,8.30389028800694e-24,Intermediate monocytes
Butyricimonas,KEGG_MEDICUS_VARIANT_MUTATION_INACTIVATED_APC_TO_WNT_SIGNALING_PATHWAY,0.0621241977488722,0.000733846520121025,Intermediate monocytes
Butyricimonas,KEGG_MEDICUS_VARIANT_MUTATION_INACTIVATED_ATP1A1_TO_ANGIOTENSIN_ALDOSTERONE_SIGNALING_PATHWAY,0.00906695277462374,0.622474417685173,Intermediate monocytes
Butyricimonas,KEGG_MEDICUS_VARIANT_MUTATION_INACTIVATED_ATP2B3_TO_ANGIOTENSIN_ALDOSTERONE_SIGNALING_PATHWAY,-0.000329049928973987,0.985744602342828,Intermediate monocytes
Butyricimonas,KEGG_MEDICUS_VARIANT_MUTATION_INACTIVATED_ATXN3_TO_AUTOPHAGY_VESICLE_NUCLEATION,0.0360464299798125,0.0502346176688094,Intermediate monocytes
Butyricimonas,KEGG_MEDICUS_VARIANT_MUTATION_INACTIVATED_AXIN_TO_WNT_SIGNALING_PATHWAY,0.062401617182187,0.000694555709673307,Intermediate monocytes
Butyricimonas,KEGG_MEDICUS_VARIANT_MUTATION_INACTIVATED_DJ1_TO_FAS_JNK_SIGNALING_PATWHAY,-0.0227838688144497,0.215965786698256,Intermediate monocytes
Butyricimonas,KEGG_MEDICUS_VARIANT_MUTATION_INACTIVATED_ERBB4_TO_NRG_ERBB4_PI3K_SIGNALING_PATHWAY,0.0789410057576773,1.76112441123331e-05,Intermediate monocytes
Butyricimonas,KEGG_MEDICUS_VARIANT_MUTATION_INACTIVATED_FGF17_TO_RAS_ERK_SIGNALING_PATHWAY,0.0547854202068457,0.00290999240740551,Intermediate monocytes
Butyricimonas,KEGG_MEDICUS_VARIANT_MUTATION_INACTIVATED_OPTN_TO_PINK_PARKIN_MEDIATED_AUTOPHAGOSOME_FORMATION,0.0335837150466976,0.0681349368860189,Intermediate monocytes
Butyricimonas,KEGG_MEDICUS_VARIANT_MUTATION_INACTIVATED_P62_TO_PINK_PARKIN_MEDIATED_AUTOPHAGOSOME_FORMATION,-0.00208008630644596,0.910070987705106,Intermediate monocytes
Butyricimonas,KEGG_MEDICUS_VARIANT_MUTATION_INACTIVATED_PDE11A_PDE8B_TO_ACTH_CORTISOL_SIGNALING_PATHWAY,0.0359021058768162,0.0511622553975952,Intermediate monocytes
Butyricimonas,KEGG_MEDICUS_VARIANT_MUTATION_INACTIVATED_PINK1_TO_ELECTRON_TRANSFER_IN_COMPLEX_I,-0.183356424056168,1.0012553869362e-23,Intermediate monocytes
Butyricimonas,KEGG_MEDICUS_VARIANT_MUTATION_INACTIVATED_PINK1_TO_INTRINSIC_APOPTOTIC_PATHWAY_N01048,0.0530272248300787,0.0039589967457974,Intermediate monocytes
Butyricimonas,KEGG_MEDICUS_VARIANT_MUTATION_INACTIVATED_PINK1_TO_INTRINSIC_APOPTOTIC_PATHWAY_N01050,0.0345793089919161,0.0603508908585163,Intermediate monocytes
Butyricimonas,KEGG_MEDICUS_VARIANT_MUTATION_INACTIVATED_PRKAR1A_TO_ACTH_CORTISOL_SIGNALING_PATHWAY,0.0357808406373026,0.0519527259227081,Intermediate monocytes
Butyricimonas,KEGG_MEDICUS_VARIANT_MUTATION_INACTIVATED_PRKN_TO_INTRINSIC_APOPTOTIC_PATHWAY,0.0253536347986458,0.168535116591058,Intermediate monocytes
Butyricimonas,KEGG_MEDICUS_VARIANT_MUTATION_INACTIVATED_PRKN_TO_MGLUR1_SIGNALING_PATHWAY,0.0299358433565511,0.103974455956697,Intermediate monocytes
Butyricimonas,KEGG_MEDICUS_VARIANT_MUTATION_INACTIVATED_PROK2_TO_PROK_PRKR_GI_ERK_SIGNALING_PATHWAY,-0.0209504153068052,0.255231424786888,Intermediate monocytes
Butyricimonas,KEGG_MEDICUS_VARIANT_MUTATION_INACTIVATED_PROKR2_TO_PROK_PRKR_GI_ERK_SIGNALING_PATHWAY,-0.0209504153068052,0.255231424786888,Intermediate monocytes
Butyricimonas,KEGG_MEDICUS_VARIANT_MUTATION_INACTIVATED_PTCH1_TO_HEDGEHOG_SIGNALING_PATHWAY,0.0218828915435485,0.234681634920648,Intermediate monocytes
Butyricimonas,KEGG_MEDICUS_VARIANT_MUTATION_INACTIVATED_RASD1_TO_CRHR_PKA_ACTH_SIGNALING_PATHWAY,0.0228535472106678,0.214564447516814,Intermediate monocytes
Butyricimonas,KEGG_MEDICUS_VARIANT_MUTATION_INACTIVATED_RUNX1_TO_TRANSCRIPTION,0.0484555250851461,0.00847126389670988,Intermediate monocytes
Butyricimonas,KEGG_MEDICUS_VARIANT_MUTATION_INACTIVATED_SIGMAR1_TO_CA2_APOPTOTIC_PATHWAY,-0.11829095589883,1.14952792470805e-10,Intermediate monocytes
Butyricimonas,KEGG_MEDICUS_VARIANT_MUTATION_INACTIVATED_TP53_TO_TRANSCRIPTION,5.42907810646514e-05,0.997647844162489,Intermediate monocytes
Butyricimonas,KEGG_MEDICUS_VARIANT_MUTATION_INACTIVATED_UBQLN2_TO_26S_PROTEASOME_MEDIATED_PROTEIN_DEGRADATION,-0.130151851109255,1.2706582993139e-12,Intermediate monocytes
Butyricimonas,KEGG_MEDICUS_VARIANT_MUTATION_INACTIVATED_VCP_TO_26S_PROTEASOME_MEDIATED_PROTEIN_DEGRADATION,-0.130035140920717,1.33102006297195e-12,Intermediate monocytes
Butyricimonas,KEGG_MEDICUS_VARIANT_NOTCH_OVEREXPRESSION_TO_NOTCH_SIGNALING_PATHWAY,0.015566039797638,0.397949719326626,Intermediate monocytes
Butyricimonas,KEGG_MEDICUS_VARIANT_OLIGOMERIC_CONFORMATION_PRPC_TO_ANTEROGRADE_AXONAL_TRANSPORT,0.0190820696536649,0.300084364104844,Intermediate monocytes
Butyricimonas,KEGG_MEDICUS_VARIANT_PAX8_PPARG_FUSION_TO_PPARG_MEDIATED_TRANSCRIPTION,0.0139083841054663,0.450091151701709,Intermediate monocytes
Butyricimonas,KEGG_MEDICUS_VARIANT_RET_FUSION_KINASE_TO_RAS_ERK_SIGNALING_PATHWAY,0.0695636059102538,0.000155640845276114,Intermediate monocytes
Butyricimonas,KEGG_MEDICUS_VARIANT_SCRAPIE_CONFORMATION_PRPSC_TO_26S_PROTEASOME_MEDIATED_PROTEIN_DEGRADATION,-0.0576882327743539,0.00171802962093985,Intermediate monocytes
Butyricimonas,KEGG_MEDICUS_VARIANT_SCRAPIE_CONFORMATION_PRPSC_TO_MGLUR5_CA2_APOPTOTIC_PATHWAY,-0.0962700826228086,1.60883276489706e-07,Intermediate monocytes
Butyricimonas,KEGG_MEDICUS_VARIANT_SCRAPIE_CONFORMATION_PRPSC_TO_PERK_ATF4_SIGNALING_PATHWAY,-0.0211661588411949,0.250369177332684,Intermediate monocytes
Butyricimonas,KEGG_MEDICUS_VARIANT_SCRAPIE_CONFORMATION_PRPSC_TO_TRANSPORT_OF_CALCIUM,-0.103494301210283,1.75173280622894e-08,Intermediate monocytes
Butyricimonas,KEGG_MEDICUS_VARIANT_SCRAPIE_CONFORMATION_PRPSC_TO_VGCC_CA2_APOPTOTIC_PATHWAY,-0.00947896086729978,0.606748685580867,Intermediate monocytes
Butyricimonas,KEGG_MEDICUS_VARIANT_TEL_AML1_FUSION_TO_TRANSCRIPTIONAL_REPRESSION,0.0394512098584532,0.0321099989255783,Intermediate monocytes
Butyricimonas,KEGG_MEDICUS_VARIANT_TGFA_OVEREXPRESSION_TO_PI3K_SIGNALING_PATHWAY,0.048045003756502,0.00904481507829772,Intermediate monocytes
Butyricimonas,KEGG_MEDICUS_VARIANT_TMPRSS2_ERG_FUSION_TO_TRANSCRIPTIONAL_ACTIVATION,0.000139041920349103,0.993976037438001,Intermediate monocytes
Butyricimonas,KEGG_MEDICUS_VARIANT_TRK_FUSION_KINASE_TO_RAS_ERK_SIGNALING_PATHWAY,0.0695636059102538,0.000155640845276114,Intermediate monocytes
