species,pathway,cor,p_value,celltype
Bacteroides_BPS,KEGG_ABC_TRANSPORTERS,-0.0347674640046413,9.40493947259316e-10,classical Monocyte
Bacteroides_BPS,KEGG_ACUTE_MYELOID_LEUKEMIA,0.0364429143608178,1.41497949652637e-10,classical Monocyte
Bacteroides_BPS,KEGG_ADHERENS_JUNCTION,0.075738318927278,1.26079436259206e-40,classical Monocyte
Bacteroides_BPS,KEGG_ADIPOCYTOKINE_SIGNALING_PATHWAY,0.0480478873373665,2.69854762097038e-17,classical Monocyte
Bacteroides_BPS,KEGG_ALANINE_ASPARTATE_AND_GLUTAMATE_METABOLISM,-0.0175028260770806,0.00207095833693629,classical Monocyte
Bacteroides_BPS,KEGG_ALDOSTERONE_REGULATED_SODIUM_REABSORPTION,0.0421556372534229,1.16595733203866e-13,classical Monocyte
Bacteroides_BPS,KEGG_ALLOGRAFT_REJECTION,-0.0775845176197192,1.50002754462352e-42,classical Monocyte
Bacteroides_BPS,KEGG_ALPHA_LINOLENIC_ACID_METABOLISM,0.00485174992842124,0.393286881077243,classical Monocyte
Bacteroides_BPS,KEGG_ALZHEIMERS_DISEASE,-0.0149087648758441,0.00870705183768875,classical Monocyte
Bacteroides_BPS,KEGG_AMINOACYL_TRNA_BIOSYNTHESIS,-0.0562132544173107,4.2229223906421e-23,classical Monocyte
Bacteroides_BPS,KEGG_AMINO_SUGAR_AND_NUCLEOTIDE_SUGAR_METABOLISM,-0.0223598838419883,8.32938692309856e-05,classical Monocyte
Bacteroides_BPS,KEGG_AMYOTROPHIC_LATERAL_SCLEROSIS_ALS,0.00894745517481193,0.115409161070916,classical Monocyte
Bacteroides_BPS,KEGG_ANTIGEN_PROCESSING_AND_PRESENTATION,-0.0753779461293025,2.95732401287474e-40,classical Monocyte
Bacteroides_BPS,KEGG_APOPTOSIS,0.0164134894690113,0.0038751187853665,classical Monocyte
Bacteroides_BPS,KEGG_ARACHIDONIC_ACID_METABOLISM,0.0289203732036492,3.58796583593804e-07,classical Monocyte
Bacteroides_BPS,KEGG_ARGININE_AND_PROLINE_METABOLISM,-0.0285852885959712,4.88903036889945e-07,classical Monocyte
Bacteroides_BPS,KEGG_ARRHYTHMOGENIC_RIGHT_VENTRICULAR_CARDIOMYOPATHY_ARVC,0.0562002365755725,4.32096471212743e-23,classical Monocyte
Bacteroides_BPS,KEGG_ASCORBATE_AND_ALDARATE_METABOLISM,8.37021589698212e-06,0.998824922475488,classical Monocyte
Bacteroides_BPS,KEGG_ASTHMA,-0.0908571234581542,9.34337924145576e-58,classical Monocyte
Bacteroides_BPS,KEGG_AUTOIMMUNE_THYROID_DISEASE,-0.0771998218875275,3.81019699070097e-42,classical Monocyte
Bacteroides_BPS,KEGG_AXON_GUIDANCE,0.0625512971394549,3.17462696559087e-28,classical Monocyte
Bacteroides_BPS,KEGG_BASAL_CELL_CARCINOMA,0.00904571035887594,0.111468359005335,classical Monocyte
Bacteroides_BPS,KEGG_BASAL_TRANSCRIPTION_FACTORS,-0.0411414437000107,4.4239508625947e-13,classical Monocyte
Bacteroides_BPS,KEGG_BASE_EXCISION_REPAIR,-0.0213064962167018,0.000177322145946846,classical Monocyte
Bacteroides_BPS,KEGG_BETA_ALANINE_METABOLISM,0.203692005482059,2.94797245573443e-287,classical Monocyte
Bacteroides_BPS,KEGG_BIOSYNTHESIS_OF_UNSATURATED_FATTY_ACIDS,-0.0175751014126129,0.00198422872709759,classical Monocyte
Bacteroides_BPS,KEGG_BLADDER_CANCER,0.0324645208230673,1.10580024276629e-08,classical Monocyte
Bacteroides_BPS,KEGG_BUTANOATE_METABOLISM,-0.0212219065113115,0.000188147646062164,classical Monocyte
Bacteroides_BPS,KEGG_B_CELL_RECEPTOR_SIGNALING_PATHWAY,0.0784047349512133,2.02387308303226e-43,classical Monocyte
Bacteroides_BPS,KEGG_CALCIUM_SIGNALING_PATHWAY,0.100484031536608,2.68585995925257e-70,classical Monocyte
Bacteroides_BPS,KEGG_CARDIAC_MUSCLE_CONTRACTION,0.00272211545635799,0.631968610419716,classical Monocyte
Bacteroides_BPS,KEGG_CELL_ADHESION_MOLECULES_CAMS,-0.0217301794989728,0.000131366496458643,classical Monocyte
Bacteroides_BPS,KEGG_CELL_CYCLE,-0.00397017778659788,0.484829152859489,classical Monocyte
Bacteroides_BPS,KEGG_CHEMOKINE_SIGNALING_PATHWAY,0.0971745498187392,7.66537980212871e-66,classical Monocyte
Bacteroides_BPS,KEGG_CHRONIC_MYELOID_LEUKEMIA,0.0343237670111058,1.53108627342682e-09,classical Monocyte
Bacteroides_BPS,KEGG_CIRCADIAN_RHYTHM_MAMMAL,-0.00770963732502808,0.174929648890924,classical Monocyte
Bacteroides_BPS,KEGG_CITRATE_CYCLE_TCA_CYCLE,-0.0738398366654722,1.07480406802002e-38,classical Monocyte
Bacteroides_BPS,KEGG_COLORECTAL_CANCER,0.0414399684742161,2.99754253620901e-13,classical Monocyte
Bacteroides_BPS,KEGG_COMPLEMENT_AND_COAGULATION_CASCADES,0.000760713797730366,0.893522910230267,classical Monocyte
Bacteroides_BPS,KEGG_CYSTEINE_AND_METHIONINE_METABOLISM,-0.0306266847873617,7.04427949414587e-08,classical Monocyte
Bacteroides_BPS,KEGG_CYTOKINE_CYTOKINE_RECEPTOR_INTERACTION,-0.0103963303821603,0.0673566787028535,classical Monocyte
Bacteroides_BPS,KEGG_CYTOSOLIC_DNA_SENSING_PATHWAY,-0.0576513649401646,3.23918173307824e-24,classical Monocyte
Bacteroides_BPS,KEGG_DILATED_CARDIOMYOPATHY,0.060717994011183,1.09508897733079e-26,classical Monocyte
Bacteroides_BPS,KEGG_DNA_REPLICATION,-0.0523922714450982,2.84169698100343e-20,classical Monocyte
Bacteroides_BPS,KEGG_DORSO_VENTRAL_AXIS_FORMATION,0.0742473617869392,4.17851748482704e-39,classical Monocyte
Bacteroides_BPS,KEGG_DRUG_METABOLISM_CYTOCHROME_P450,-0.0113805335907395,0.0452338970892261,classical Monocyte
Bacteroides_BPS,KEGG_DRUG_METABOLISM_OTHER_ENZYMES,0.181085074075942,1.79718321197262e-226,classical Monocyte
Bacteroides_BPS,KEGG_ECM_RECEPTOR_INTERACTION,0.0943964089743276,3.22148550573963e-62,classical Monocyte
Bacteroides_BPS,KEGG_ENDOCYTOSIS,0.027394508193984,1.42857549914295e-06,classical Monocyte
Bacteroides_BPS,KEGG_ENDOMETRIAL_CANCER,0.0548899389456101,4.2384733883999e-22,classical Monocyte
Bacteroides_BPS,KEGG_EPITHELIAL_CELL_SIGNALING_IN_HELICOBACTER_PYLORI_INFECTION,0.0219027616734265,0.000116080518514608,classical Monocyte
Bacteroides_BPS,KEGG_ERBB_SIGNALING_PATHWAY,0.059549701177064,9.90280334921228e-26,classical Monocyte
Bacteroides_BPS,KEGG_ETHER_LIPID_METABOLISM,0.0104340653782751,0.0663685033644849,classical Monocyte
Bacteroides_BPS,KEGG_FATTY_ACID_METABOLISM,-0.0203456310999961,0.000343344493080019,classical Monocyte
Bacteroides_BPS,KEGG_FC_EPSILON_RI_SIGNALING_PATHWAY,0.115792568817389,7.00174027469028e-93,classical Monocyte
Bacteroides_BPS,KEGG_FC_GAMMA_R_MEDIATED_PHAGOCYTOSIS,0.0704534381550041,2.25732511861774e-35,classical Monocyte
Bacteroides_BPS,KEGG_FOCAL_ADHESION,0.10816814464768,3.16235633175445e-81,classical Monocyte
Bacteroides_BPS,KEGG_FOLATE_BIOSYNTHESIS,-0.0285897411223922,4.86907878256836e-07,classical Monocyte
Bacteroides_BPS,KEGG_FRUCTOSE_AND_MANNOSE_METABOLISM,-0.00413244161055221,0.46716019615665,classical Monocyte
Bacteroides_BPS,KEGG_GALACTOSE_METABOLISM,-0.017402346262497,0.0021973163825396,classical Monocyte
Bacteroides_BPS,KEGG_GAP_JUNCTION,0.085905439217831,8.41717366502072e-52,classical Monocyte
Bacteroides_BPS,KEGG_GLIOMA,0.0733478660458037,3.33926867361642e-38,classical Monocyte
Bacteroides_BPS,KEGG_GLUTATHIONE_METABOLISM,-0.00756914012062836,0.182922178374543,classical Monocyte
Bacteroides_BPS,KEGG_GLYCEROLIPID_METABOLISM,-0.00778536736274673,0.170731138142411,classical Monocyte
Bacteroides_BPS,KEGG_GLYCEROPHOSPHOLIPID_METABOLISM,0.00302264087338828,0.594839784914982,classical Monocyte
Bacteroides_BPS,KEGG_GLYCINE_SERINE_AND_THREONINE_METABOLISM,-0.0410276211713773,5.12805400859398e-13,classical Monocyte
Bacteroides_BPS,KEGG_GLYCOLYSIS_GLUCONEOGENESIS,0.0141875164174249,0.0125452875165974,classical Monocyte
Bacteroides_BPS,KEGG_GLYCOSAMINOGLYCAN_BIOSYNTHESIS_CHONDROITIN_SULFATE,0.0292722569435268,2.58320905349611e-07,classical Monocyte
Bacteroides_BPS,KEGG_GLYCOSAMINOGLYCAN_BIOSYNTHESIS_HEPARAN_SULFATE,-0.0042859288848761,0.450780868850925,classical Monocyte
Bacteroides_BPS,KEGG_GLYCOSAMINOGLYCAN_BIOSYNTHESIS_KERATAN_SULFATE,-0.00971899943533521,0.0872471926683902,classical Monocyte
Bacteroides_BPS,KEGG_GLYCOSAMINOGLYCAN_DEGRADATION,-0.0199711651232315,0.000440943613272885,classical Monocyte
Bacteroides_BPS,KEGG_GLYCOSPHINGOLIPID_BIOSYNTHESIS_GANGLIO_SERIES,0.00315134374669852,0.579249580704087,classical Monocyte
Bacteroides_BPS,KEGG_GLYCOSPHINGOLIPID_BIOSYNTHESIS_GLOBO_SERIES,-0.0127057487441316,0.0253733794337934,classical Monocyte
Bacteroides_BPS,KEGG_GLYCOSPHINGOLIPID_BIOSYNTHESIS_LACTO_AND_NEOLACTO_SERIES,4.62043278557221e-05,0.993513537826293,classical Monocyte
Bacteroides_BPS,KEGG_GLYCOSYLPHOSPHATIDYLINOSITOL_GPI_ANCHOR_BIOSYNTHESIS,-0.0256231076256886,6.50930503620403e-06,classical Monocyte
Bacteroides_BPS,KEGG_GLYOXYLATE_AND_DICARBOXYLATE_METABOLISM,-0.0458684488194373,6.75784274648397e-16,classical Monocyte
Bacteroides_BPS,KEGG_GNRH_SIGNALING_PATHWAY,0.128120499894059,1.90891743054556e-113,classical Monocyte
Bacteroides_BPS,KEGG_GRAFT_VERSUS_HOST_DISEASE,-0.0793945028154621,1.75483591700274e-44,classical Monocyte
Bacteroides_BPS,KEGG_HEDGEHOG_SIGNALING_PATHWAY,-0.00075962576511596,0.89367429683024,classical Monocyte
Bacteroides_BPS,KEGG_HEMATOPOIETIC_CELL_LINEAGE,0.0493562388883199,3.6391091034522e-18,classical Monocyte
Bacteroides_BPS,KEGG_HISTIDINE_METABOLISM,0.0102985063201854,0.0699749039090354,classical Monocyte
Bacteroides_BPS,KEGG_HOMOLOGOUS_RECOMBINATION,-0.027367781086108,1.46266062896721e-06,classical Monocyte
Bacteroides_BPS,KEGG_HUNTINGTONS_DISEASE,-0.0224523434772417,7.78272556206182e-05,classical Monocyte
Bacteroides_BPS,KEGG_HYPERTROPHIC_CARDIOMYOPATHY_HCM,0.0500237615929265,1.28300919026207e-18,classical Monocyte
Bacteroides_BPS,KEGG_INOSITOL_PHOSPHATE_METABOLISM,0.0753404810424639,3.23065031682807e-40,classical Monocyte
Bacteroides_BPS,KEGG_INSULIN_SIGNALING_PATHWAY,0.0474759107571987,6.37296685426002e-17,classical Monocyte
Bacteroides_BPS,KEGG_INTESTINAL_IMMUNE_NETWORK_FOR_IGA_PRODUCTION,-0.0786244836593113,1.17913246992795e-43,classical Monocyte
Bacteroides_BPS,KEGG_JAK_STAT_SIGNALING_PATHWAY,0.0907498035686509,1.26802421557557e-57,classical Monocyte
Bacteroides_BPS,KEGG_LEISHMANIA_INFECTION,-0.0271431429005346,1.78174483663336e-06,classical Monocyte
Bacteroides_BPS,KEGG_LEUKOCYTE_TRANSENDOTHELIAL_MIGRATION,0.098299587393182,2.43718956040947e-67,classical Monocyte
Bacteroides_BPS,KEGG_LIMONENE_AND_PINENE_DEGRADATION,-0.00452960613318182,0.425457104920797,classical Monocyte
Bacteroides_BPS,KEGG_LINOLEIC_ACID_METABOLISM,0.00686016825090939,0.22740799575163,classical Monocyte
Bacteroides_BPS,KEGG_LONG_TERM_DEPRESSION,0.109822714300148,1.09537495243064e-83,classical Monocyte
Bacteroides_BPS,KEGG_LONG_TERM_POTENTIATION,0.0977788913529952,1.20839062941399e-66,classical Monocyte
Bacteroides_BPS,KEGG_LYSINE_DEGRADATION,0.023183300886814,4.5102302958432e-05,classical Monocyte
Bacteroides_BPS,KEGG_LYSOSOME,0.0247016519771029,1.38058946165774e-05,classical Monocyte
Bacteroides_BPS,KEGG_MAPK_SIGNALING_PATHWAY,0.0801509039345263,2.65259137469484e-45,classical Monocyte
Bacteroides_BPS,KEGG_MELANOGENESIS,0.0982718401409287,2.65482746555982e-67,classical Monocyte
Bacteroides_BPS,KEGG_MELANOMA,0.0357937201726646,2.97773186407504e-10,classical Monocyte
Bacteroides_BPS,KEGG_METABOLISM_OF_XENOBIOTICS_BY_CYTOCHROME_P450,0.00947059813275958,0.0956354164604792,classical Monocyte
Bacteroides_BPS,KEGG_MISMATCH_REPAIR,-0.0190794619568684,0.00078695651953113,classical Monocyte
Bacteroides_BPS,KEGG_MTOR_SIGNALING_PATHWAY,0.050917598141794,3.10899626891966e-19,classical Monocyte
Bacteroides_BPS,KEGG_NATURAL_KILLER_CELL_MEDIATED_CYTOTOXICITY,0.0564193519288497,2.93428918219202e-23,classical Monocyte
Bacteroides_BPS,KEGG_NEUROACTIVE_LIGAND_RECEPTOR_INTERACTION,-0.020468814119084,0.000315935340592067,classical Monocyte
Bacteroides_BPS,KEGG_NEUROTROPHIN_SIGNALING_PATHWAY,0.0965119412429101,5.73361488263303e-65,classical Monocyte
Bacteroides_BPS,KEGG_NICOTINATE_AND_NICOTINAMIDE_METABOLISM,0.026106954147957,4.34185991850143e-06,classical Monocyte
Bacteroides_BPS,KEGG_NITROGEN_METABOLISM,-0.010151318115109,0.074071210449063,classical Monocyte
Bacteroides_BPS,KEGG_NOD_LIKE_RECEPTOR_SIGNALING_PATHWAY,0.012334598335918,0.0299796943306495,classical Monocyte
Bacteroides_BPS,KEGG_NON_HOMOLOGOUS_END_JOINING,0.00863251498215213,0.128782205824349,classical Monocyte
Bacteroides_BPS,KEGG_NON_SMALL_CELL_LUNG_CANCER,0.0644915533400899,6.6804944320016e-30,classical Monocyte
Bacteroides_BPS,KEGG_NOTCH_SIGNALING_PATHWAY,0.0194232642819643,0.000631176211786207,classical Monocyte
Bacteroides_BPS,KEGG_NUCLEOTIDE_EXCISION_REPAIR,-0.0511896834420472,2.00957143923749e-19,classical Monocyte
Bacteroides_BPS,KEGG_N_GLYCAN_BIOSYNTHESIS,-0.0358329670429501,2.84779398508762e-10,classical Monocyte
Bacteroides_BPS,KEGG_ONE_CARBON_POOL_BY_FOLATE,-0.0336515998295302,3.16725964513893e-09,classical Monocyte
Bacteroides_BPS,KEGG_OOCYTE_MEIOSIS,-0.0119357553318437,0.0357135147690479,classical Monocyte
Bacteroides_BPS,KEGG_OTHER_GLYCAN_DEGRADATION,0.0149253486574334,0.0086327452034097,classical Monocyte
Bacteroides_BPS,KEGG_OXIDATIVE_PHOSPHORYLATION,-0.00747594150294873,0.188371354224979,classical Monocyte
Bacteroides_BPS,KEGG_O_GLYCAN_BIOSYNTHESIS,-0.00101086740348046,0.858831004932665,classical Monocyte
Bacteroides_BPS,KEGG_P53_SIGNALING_PATHWAY,-0.00267482307499462,0.637900192780601,classical Monocyte
Bacteroides_BPS,KEGG_PANCREATIC_CANCER,0.028650677667452,4.60379187636654e-07,classical Monocyte
Bacteroides_BPS,KEGG_PANTOTHENATE_AND_COA_BIOSYNTHESIS,0.223926350314122,0,classical Monocyte
Bacteroides_BPS,KEGG_PARKINSONS_DISEASE,-0.00534399919200982,0.347071467590319,classical Monocyte
Bacteroides_BPS,KEGG_PATHOGENIC_ESCHERICHIA_COLI_INFECTION,0.029803234081158,1.56237996151761e-07,classical Monocyte
Bacteroides_BPS,KEGG_PATHWAYS_IN_CANCER,0.086921767960276,5.37510429256743e-53,classical Monocyte
Bacteroides_BPS,KEGG_PENTOSE_AND_GLUCURONATE_INTERCONVERSIONS,-0.0421911439033266,1.11214099483949e-13,classical Monocyte
Bacteroides_BPS,KEGG_PENTOSE_PHOSPHATE_PATHWAY,0.0248910824246629,1.18531562376404e-05,classical Monocyte
Bacteroides_BPS,KEGG_PEROXISOME,-0.0456913363302723,8.72340977844618e-16,classical Monocyte
Bacteroides_BPS,KEGG_PHENYLALANINE_METABOLISM,-0.0555259670407701,1.40846805073125e-22,classical Monocyte
Bacteroides_BPS,KEGG_PHOSPHATIDYLINOSITOL_SIGNALING_SYSTEM,0.0928966560892853,2.6303874435528e-60,classical Monocyte
Bacteroides_BPS,KEGG_PORPHYRIN_AND_CHLOROPHYLL_METABOLISM,-0.066471785924882,1.15057453552864e-31,classical Monocyte
Bacteroides_BPS,KEGG_PPAR_SIGNALING_PATHWAY,0.0279221912424544,8.92935648778306e-07,classical Monocyte
Bacteroides_BPS,KEGG_PRIMARY_BILE_ACID_BIOSYNTHESIS,-0.0109459748071252,0.0541037503834724,classical Monocyte
Bacteroides_BPS,KEGG_PRIMARY_IMMUNODEFICIENCY,-0.0190353518145248,0.000809345059258149,classical Monocyte
Bacteroides_BPS,KEGG_PRION_DISEASES,-0.0396066755335057,3.134882884064e-12,classical Monocyte
Bacteroides_BPS,KEGG_PROGESTERONE_MEDIATED_OOCYTE_MATURATION,0.0461510789058155,4.48751242847667e-16,classical Monocyte
Bacteroides_BPS,KEGG_PROPANOATE_METABOLISM,-0.0181548970846014,0.0014001388170401,classical Monocyte
Bacteroides_BPS,KEGG_PROSTATE_CANCER,0.0819364460384756,2.85560099406631e-47,classical Monocyte
Bacteroides_BPS,KEGG_PROTEASOME,-0.109578744809281,2.53952463007349e-83,classical Monocyte
Bacteroides_BPS,KEGG_PROTEIN_EXPORT,-0.0438646881062711,1.14769860463514e-14,classical Monocyte
Bacteroides_BPS,KEGG_PROXIMAL_TUBULE_BICARBONATE_RECLAMATION,-0.0314604997530125,3.07952891501989e-08,classical Monocyte
Bacteroides_BPS,KEGG_PURINE_METABOLISM,-0.0591217967655813,2.1949185450171e-25,classical Monocyte
Bacteroides_BPS,KEGG_PYRIMIDINE_METABOLISM,0.0512611940411961,1.79113897886603e-19,classical Monocyte
Bacteroides_BPS,KEGG_PYRUVATE_METABOLISM,-0.0169100293185752,0.00292475993929992,classical Monocyte
Bacteroides_BPS,KEGG_REGULATION_OF_ACTIN_CYTOSKELETON,0.113149646540818,9.48257032450099e-89,classical Monocyte
Bacteroides_BPS,KEGG_REGULATION_OF_AUTOPHAGY,-0.0090920542861003,0.109646834940661,classical Monocyte
Bacteroides_BPS,KEGG_RENAL_CELL_CARCINOMA,0.0764810388621653,2.14775206132933e-41,classical Monocyte
Bacteroides_BPS,KEGG_RENIN_ANGIOTENSIN_SYSTEM,0.0159500174847804,0.00500691551388883,classical Monocyte
Bacteroides_BPS,KEGG_RETINOL_METABOLISM,-0.040062466280303,1.76576146468691e-12,classical Monocyte
Bacteroides_BPS,KEGG_RIBOFLAVIN_METABOLISM,-0.0301343420298459,1.13696559862015e-07,classical Monocyte
Bacteroides_BPS,KEGG_RIBOSOME,0.0830372351972639,1.66244730711058e-48,classical Monocyte
Bacteroides_BPS,KEGG_RIG_I_LIKE_RECEPTOR_SIGNALING_PATHWAY,-0.01070879965323,0.0595284240787809,classical Monocyte
Bacteroides_BPS,KEGG_RNA_DEGRADATION,-0.0170563712636063,0.00268837028480032,classical Monocyte
Bacteroides_BPS,KEGG_RNA_POLYMERASE,-0.0725970996132497,1.85616412687859e-37,classical Monocyte
Bacteroides_BPS,KEGG_SELENOAMINO_ACID_METABOLISM,-0.0109114483650457,0.0548668035875768,classical Monocyte
Bacteroides_BPS,KEGG_SMALL_CELL_LUNG_CANCER,0.0348833936749333,8.27236996920755e-10,classical Monocyte
Bacteroides_BPS,KEGG_SNARE_INTERACTIONS_IN_VESICULAR_TRANSPORT,-0.0367481516216074,9.92874905693286e-11,classical Monocyte
Bacteroides_BPS,KEGG_SPHINGOLIPID_METABOLISM,0.0152913023948882,0.00713095075578031,classical Monocyte
Bacteroides_BPS,KEGG_SPLICEOSOME,-0.0457131909898052,8.45331740099872e-16,classical Monocyte
Bacteroides_BPS,KEGG_STARCH_AND_SUCROSE_METABOLISM,-6.48811842038437e-06,0.999089146167111,classical Monocyte
Bacteroides_BPS,KEGG_STEROID_BIOSYNTHESIS,-0.0176820384728454,0.00186200768375589,classical Monocyte
Bacteroides_BPS,KEGG_STEROID_HORMONE_BIOSYNTHESIS,0.0247461414187842,1.33214462377728e-05,classical Monocyte
Bacteroides_BPS,KEGG_SULFUR_METABOLISM,0.0543089953201997,1.14679442722418e-21,classical Monocyte
Bacteroides_BPS,KEGG_SYSTEMIC_LUPUS_ERYTHEMATOSUS,-0.102872061739162,1.31878723624632e-73,classical Monocyte
Bacteroides_BPS,KEGG_TASTE_TRANSDUCTION,0.0476040637080353,5.26141477371033e-17,classical Monocyte
Bacteroides_BPS,KEGG_TAURINE_AND_HYPOTAURINE_METABOLISM,-0.0135117153626414,0.0174305100517915,classical Monocyte
Bacteroides_BPS,KEGG_TERPENOID_BACKBONE_BIOSYNTHESIS,-0.029470997352525,2.1421791508819e-07,classical Monocyte
Bacteroides_BPS,KEGG_TGF_BETA_SIGNALING_PATHWAY,0.0198258325201365,0.000485369051442175,classical Monocyte
Bacteroides_BPS,KEGG_THYROID_CANCER,0.0511542599868222,2.12732210862344e-19,classical Monocyte
Bacteroides_BPS,KEGG_TIGHT_JUNCTION,0.0581234896632477,1.37486834393299e-24,classical Monocyte
Bacteroides_BPS,KEGG_TOLL_LIKE_RECEPTOR_SIGNALING_PATHWAY,0.00054429248453392,0.923704498789153,classical Monocyte
Bacteroides_BPS,KEGG_TRYPTOPHAN_METABOLISM,0.0115601873959108,0.0419429115555688,classical Monocyte
Bacteroides_BPS,KEGG_TYPE_II_DIABETES_MELLITUS,0.0703590937392444,2.77922278561836e-35,classical Monocyte
Bacteroides_BPS,KEGG_TYPE_I_DIABETES_MELLITUS,-0.0792150152174496,2.74034070889416e-44,classical Monocyte
Bacteroides_BPS,KEGG_TYROSINE_METABOLISM,-0.0514662489512089,1.28661814185732e-19,classical Monocyte
Bacteroides_BPS,KEGG_T_CELL_RECEPTOR_SIGNALING_PATHWAY,0.0912602078751319,2.95779762127136e-58,classical Monocyte
Bacteroides_BPS,KEGG_UBIQUITIN_MEDIATED_PROTEOLYSIS,0.00860177136249086,0.130149642241091,classical Monocyte
Bacteroides_BPS,KEGG_VALINE_LEUCINE_AND_ISOLEUCINE_BIOSYNTHESIS,-0.0293591992928245,2.38042958377474e-07,classical Monocyte
Bacteroides_BPS,KEGG_VALINE_LEUCINE_AND_ISOLEUCINE_DEGRADATION,-0.0287142012465002,4.34210207655884e-07,classical Monocyte
Bacteroides_BPS,KEGG_VASCULAR_SMOOTH_MUSCLE_CONTRACTION,0.0944103433984357,3.09133985289567e-62,classical Monocyte
Bacteroides_BPS,KEGG_VASOPRESSIN_REGULATED_WATER_REABSORPTION,-0.0224835214586639,7.60616438601731e-05,classical Monocyte
Bacteroides_BPS,KEGG_VEGF_SIGNALING_PATHWAY,0.0545825019189947,7.18680425902571e-22,classical Monocyte
Bacteroides_BPS,KEGG_VIBRIO_CHOLERAE_INFECTION,0.0175536395553233,0.00200962819923414,classical Monocyte
Bacteroides_BPS,KEGG_VIRAL_MYOCARDITIS,-0.0303264231371922,9.44085027231269e-08,classical Monocyte
Bacteroides_BPS,KEGG_WNT_SIGNALING_PATHWAY,0.0661649255135882,2.17632256266207e-31,classical Monocyte
Bacteroides_BPS,KEGG_MEDICUS_ENV_FACTOR_ARSENIC_TO_ELECTRON_TRANSFER_IN_COMPLEX_IV,0.000632044656648638,0.911451056167369,classical Monocyte
Bacteroides_BPS,KEGG_MEDICUS_ENV_FACTOR_BENZO_A_PYRENRE_TO_CYP_MEDIATED_METABOLISM,0.0275454744729801,1.24993270093936e-06,classical Monocyte
Bacteroides_BPS,KEGG_MEDICUS_ENV_FACTOR_DCE_TO_DNA_ADDUCTS,-0.00158740875198671,0.78001062697546,classical Monocyte
Bacteroides_BPS,KEGG_MEDICUS_ENV_FACTOR_E2_TO_NUCLEAR_INITIATED_ESTROGEN_SIGNALING_PATHWAY,-0.0128961606941522,0.0232575400626518,classical Monocyte
Bacteroides_BPS,KEGG_MEDICUS_ENV_FACTOR_E2_TO_RAS_ERK_SIGNALING_PATHWAY,0.0274172159977014,1.40021749845937e-06,classical Monocyte
Bacteroides_BPS,KEGG_MEDICUS_ENV_FACTOR_IRON_TO_ANTEROGRADE_AXONAL_TRANSPORT,-0.0671326858421647,2.88676681273908e-32,classical Monocyte
Bacteroides_BPS,KEGG_MEDICUS_ENV_FACTOR_METALS_TO_JNK_SIGNALING_PATHWAY,0.0419740679391855,1.48377320624733e-13,classical Monocyte
Bacteroides_BPS,KEGG_MEDICUS_ENV_FACTOR_METALS_TO_KEAP1_NRF2_SIGNALIG_PATHWAY,-0.0293869150566002,2.3190837558301e-07,classical Monocyte
Bacteroides_BPS,KEGG_MEDICUS_ENV_FACTOR_METALS_TO_NFKB_SIGNALING_PATHWAY,-0.000111728877505405,0.98431561548102,classical Monocyte
Bacteroides_BPS,KEGG_MEDICUS_ENV_FACTOR_METALS_TO_RAS_ERK_SIGNALING_PATHWAY,0.0283096871490864,6.28992972692453e-07,classical Monocyte
Bacteroides_BPS,KEGG_MEDICUS_ENV_FACTOR_NICOTINE_NNK_TO_PI3K_SIGNALING_PATHWAY,0.0246090506783704,1.48686667254896e-05,classical Monocyte
Bacteroides_BPS,KEGG_MEDICUS_ENV_FACTOR_NICOTINE_TO_JAK_STAT_SIGNALING_PATHWAY,0.0462701497222529,3.77380250840718e-16,classical Monocyte
Bacteroides_BPS,KEGG_MEDICUS_ENV_FACTOR_NNK_NNN_TO_CHRNA7_E2F_SIGNALING_PATHWAY,0.0271691039234303,1.74170512061225e-06,classical Monocyte
Bacteroides_BPS,KEGG_MEDICUS_ENV_FACTOR_NNK_NNN_TO_PI3K_SIGNALING_PATHWAY_N01339,0.0079002726597112,0.164505540963676,classical Monocyte
Bacteroides_BPS,KEGG_MEDICUS_ENV_FACTOR_NNK_NNN_TO_PI3K_SIGNALING_PATHWAY_N01350,0.030120330702241,1.15243840645834e-07,classical Monocyte
Bacteroides_BPS,KEGG_MEDICUS_ENV_FACTOR_NNK_NNN_TO_RAS_ERK_SIGNALING_PATHWAY,0.025535232331088,7.00081035842158e-06,classical Monocyte
Bacteroides_BPS,KEGG_MEDICUS_ENV_FACTOR_PARAQUAT_TO_FAS_JNK_SIGNALING_PATHWAY,0.0159438248241483,0.00502387836358925,classical Monocyte
Bacteroides_BPS,KEGG_MEDICUS_ENV_FACTOR_PHIP_TO_DNA_ADDUCTS,0.0331818195721455,5.22138692028808e-09,classical Monocyte
Bacteroides_BPS,KEGG_MEDICUS_ENV_FACTOR_TCDD_TO_AHR_SIGNALING_PATHWAY,0.027813165662905,9.84653070065871e-07,classical Monocyte
Bacteroides_BPS,KEGG_MEDICUS_ENV_FACTOR_ZN_TO_ANTEROGRADE_AXONAL_TRANSPORT,-0.0546654143386776,6.23467762221402e-22,classical Monocyte
Bacteroides_BPS,KEGG_MEDICUS_PATHOGEN_ARSENIC_TO_ELECTRON_TRANSFER_IN_COMPLEX_II,-0.0338718499875883,2.49975955006393e-09,classical Monocyte
Bacteroides_BPS,KEGG_MEDICUS_PATHOGEN_EBV_BARF1_TO_INTRINSIC_APOPTOTIC_PATHWAY,-0.0137300536129324,0.0156954833875999,classical Monocyte
Bacteroides_BPS,KEGG_MEDICUS_PATHOGEN_EBV_EBNA1_TO_P53_MEDIATED_TRANSCRIPTION,-0.0380025669669225,2.24734112221622e-11,classical Monocyte
Bacteroides_BPS,KEGG_MEDICUS_PATHOGEN_EBV_EBNA2_TO_RBP_JK_MEDIATED_TRANSCRIPTION,0.00225796852603484,0.691153108885455,classical Monocyte
Bacteroides_BPS,KEGG_MEDICUS_PATHOGEN_EBV_EBNA3C_TO_CELL_CYCLE_G1_S_N00483,0.0187583911384893,0.000963977200072872,classical Monocyte
Bacteroides_BPS,KEGG_MEDICUS_PATHOGEN_EBV_EBNA3C_TO_CELL_CYCLE_G1_S_N00484,0.0298345616317939,1.51630851802571e-07,classical Monocyte
Bacteroides_BPS,KEGG_MEDICUS_PATHOGEN_EBV_EBNA3C_TO_P27_CELL_CYCLE_G1_S_N00264,0.0110055175613102,0.052808633364395,classical Monocyte
Bacteroides_BPS,KEGG_MEDICUS_PATHOGEN_EBV_EBNA3C_TO_P27_CELL_CYCLE_G1_S_N00482,0.0265481811685266,2.98305343174972e-06,classical Monocyte
Bacteroides_BPS,KEGG_MEDICUS_PATHOGEN_EBV_EBNA3C_TO_P53_MEDIATED_TRANSCRIPTION,-0.0330747235872792,5.8461830983936e-09,classical Monocyte
Bacteroides_BPS,KEGG_MEDICUS_PATHOGEN_EBV_LMP1_TO_NFKB_SIGNALING_PATHWAY,-0.00214515233355017,0.70584621334143,classical Monocyte
Bacteroides_BPS,KEGG_MEDICUS_PATHOGEN_EBV_LMP1_TO_PI3K_SIGNALING_PATHWAY,0.0322020432764841,1.44956828248795e-08,classical Monocyte
Bacteroides_BPS,KEGG_MEDICUS_PATHOGEN_EBV_LMP2A_TO_PI3K_SIGNALING_PATHWAY,0.0903634592250433,3.79537006841155e-57,classical Monocyte
Bacteroides_BPS,KEGG_MEDICUS_PATHOGEN_ESCHERICHIA_EAE_TIR_TCCP_TO_ACTIN_SIGNALING_PATHWAY,0.0586191584194316,5.5500724002801e-25,classical Monocyte
Bacteroides_BPS,KEGG_MEDICUS_PATHOGEN_ESCHERICHIA_EAE_TIR_TO_ACTIN_SIGNALING_PATHWAY,0.0585877807737813,5.8794402857785e-25,classical Monocyte
Bacteroides_BPS,KEGG_MEDICUS_PATHOGEN_ESCHERICHIA_ESPG_TO_MICROTUBULE_RHOA_SIGNALING_PATHWAY,-0.0660687025236052,2.65619797763126e-31,classical Monocyte
Bacteroides_BPS,KEGG_MEDICUS_PATHOGEN_ESCHERICHIA_ESPJ_TO_IGG_FCGR_RAC_SIGNALING_PATHWAY,-0.0497428822279877,1.99283083103354e-18,classical Monocyte
Bacteroides_BPS,KEGG_MEDICUS_PATHOGEN_ESCHERICHIA_ESPT_TO_RAC_SIGNALING_PATHWAY,0.068020932258951,4.40580241152116e-33,classical Monocyte
Bacteroides_BPS,KEGG_MEDICUS_PATHOGEN_ESCHERICHIA_MAP_TO_CDC42_SIGNALING_PATHWAY,0.0603892858193063,2.04349771096506e-26,classical Monocyte
Bacteroides_BPS,KEGG_MEDICUS_PATHOGEN_ESCHERICHIA_MAP_TO_LPA_GNA12_13_RHOA_SIGNALING_PATHWAY,0.0422927951895666,9.71209258489417e-14,classical Monocyte
Bacteroides_BPS,KEGG_MEDICUS_PATHOGEN_ESCHERICHIA_TIR_TO_TLR2_4_MAPK_SIGNALING_PATHWAY,0.0126188628691896,0.0263929283327869,classical Monocyte
Bacteroides_BPS,KEGG_MEDICUS_PATHOGEN_HBV_HBX_TO_CREB_MEDIATED_TRANSCRIPTION,0.0369321177568746,8.00886960578743e-11,classical Monocyte
Bacteroides_BPS,KEGG_MEDICUS_PATHOGEN_HBV_HBX_TO_ERK_SIGNALING_PATHWAY,0.0221450179978715,9.74318721290134e-05,classical Monocyte
Bacteroides_BPS,KEGG_MEDICUS_PATHOGEN_HBV_HBX_TO_RAS_ERK_SIGNALING_PATHWAY,0.0621396675665189,7.09432944767007e-28,classical Monocyte
Bacteroides_BPS,KEGG_MEDICUS_PATHOGEN_HBV_LHBS_TO_PKC_ERK_SIGNALING_PATHWAY,0.0519317978200614,6.04161629116689e-20,classical Monocyte
Bacteroides_BPS,KEGG_MEDICUS_PATHOGEN_HCMV_GB_TO_PDGFR_RAS_ERK_SIGNALING_PATHWAY,0.064959334246564,2.58770900146443e-30,classical Monocyte
Bacteroides_BPS,KEGG_MEDICUS_PATHOGEN_HCMV_GH_TO_ITGA_B_RHOA_SIGNALING_PATHWAY,0.00926463137565957,0.103069916973454,classical Monocyte
Bacteroides_BPS,KEGG_MEDICUS_PATHOGEN_HCMV_UL33_TO_GNAI_AC_PKA_SIGNALING_PATHWAY,0.0343123826345204,1.55022909039246e-09,classical Monocyte
Bacteroides_BPS,KEGG_MEDICUS_PATHOGEN_HCMV_UL33_TO_GNAQ_PLCB_G_CALCINEURIN_SIGNALING_PATHWAY,0.128560864486104,3.2113794746316e-114,classical Monocyte
Bacteroides_BPS,KEGG_MEDICUS_PATHOGEN_HCMV_UL33_TO_GNB_G_RHO_SIGNALING_PATHWAY,0.0155176758534064,0.00632376130602508,classical Monocyte
Bacteroides_BPS,KEGG_MEDICUS_PATHOGEN_HCMV_US27_TO_CXCR4_GNB_G_PLCB_PKC_SIGNALING_PATHWAY,0.0651355888889324,1.80697215152514e-30,classical Monocyte
Bacteroides_BPS,KEGG_MEDICUS_PATHOGEN_HCMV_US28_TO_GNA12_13_RHO_SIGNALING_PATHWAY,0.0246151659124959,1.47961428386495e-05,classical Monocyte
Bacteroides_BPS,KEGG_MEDICUS_PATHOGEN_HCMV_US28_TO_GNAQ_PLCB_G_CALCINEURIN_SIGNALING_PATHWAY,0.0687033464776092,1.02225855791914e-33,classical Monocyte
Bacteroides_BPS,KEGG_MEDICUS_PATHOGEN_HCMV_US28_TO_GNB_G_PI3K_NFKB_SIGNALING_PATHWAY,-0.0145572032662938,0.0104227344462101,classical Monocyte
Bacteroides_BPS,KEGG_MEDICUS_PATHOGEN_HCV_CORE_TO_ERK_SIGNALING_PATHWAY,0.0190743028325209,0.000789545077972654,classical Monocyte
Bacteroides_BPS,KEGG_MEDICUS_PATHOGEN_HCV_CORE_TO_RXRA_LXRA_MEDIATED_TRANSCRIPTION,-0.0141323626130693,0.012892780912309,classical Monocyte
Bacteroides_BPS,KEGG_MEDICUS_PATHOGEN_HCV_CORE_TO_RXRA_PPARA_MEDIATED_TRANSCRIPTION,-0.00427973398656832,0.451435594916719,classical Monocyte
Bacteroides_BPS,KEGG_MEDICUS_PATHOGEN_HIV_GP120_TO_CXCR4_GNAI_PI3K_BAD_SIGNALING_PATHWAY,0.0228458942583817,5.81324448618515e-05,classical Monocyte
Bacteroides_BPS,KEGG_MEDICUS_PATHOGEN_HIV_GP120_TO_CXCR4_GNAQ_PLCB_G_CALCINEURIN,0.0215398438773284,0.000150416255999498,classical Monocyte
Bacteroides_BPS,KEGG_MEDICUS_PATHOGEN_HIV_GP120_TO_CXCR4_GNB_G_RAC_SIGNALING_PATHWAY,-0.0148734483509673,0.00886720154556058,classical Monocyte
Bacteroides_BPS,KEGG_MEDICUS_PATHOGEN_HIV_GP120_TO_TNF_NFKB_SIGNALING_PATHWAY,-0.00999210648476789,0.0787206649367925,classical Monocyte
Bacteroides_BPS,KEGG_MEDICUS_PATHOGEN_HIV_NEF_TO_TNF_NFKB_SIGNALING_PATHWAY,-0.00466079137875951,0.412175069908562,classical Monocyte
Bacteroides_BPS,KEGG_MEDICUS_PATHOGEN_HIV_TAT_NEF_TO_CROSSTALK_BETWEEN_EXTRINSIC_AND_INTRINSIC_APOPTOTIC_PATHWAYS,-0.0253998233261428,7.82828837800971e-06,classical Monocyte
Bacteroides_BPS,KEGG_MEDICUS_PATHOGEN_HIV_VPR_TAT_TO_TNF_JNK_SIGNALING_PATHWAY,0.0285963135220916,4.83977156453211e-07,classical Monocyte
Bacteroides_BPS,KEGG_MEDICUS_PATHOGEN_HIV_VPR_TO_CDC25_CELL_CYCLE_G2M,0.0134566276901313,0.0178939852200117,classical Monocyte
Bacteroides_BPS,KEGG_MEDICUS_PATHOGEN_HIV_VPR_TO_WEE1_CELL_CYCLE_G2M,-0.0336855229251523,3.05417682273563e-09,classical Monocyte
Bacteroides_BPS,KEGG_MEDICUS_PATHOGEN_HPV_E5_TO_ANTIGEN_PROCESSING_AND_PRESENTATION_BY_MHC_CLASS_I_MOLECULES,0.0029571981393321,0.602839882794351,classical Monocyte
Bacteroides_BPS,KEGG_MEDICUS_PATHOGEN_HPV_E5_TO_EGFR_RAS_ERK_SIGNALING_PATHWAY,0.0645874627256978,5.50299280651513e-30,classical Monocyte
Bacteroides_BPS,KEGG_MEDICUS_PATHOGEN_HPV_E6_TO_NOTCH_SIGNALING_PATHWAY_N00380,0.0705230542456192,1.93581291582095e-35,classical Monocyte
Bacteroides_BPS,KEGG_MEDICUS_PATHOGEN_HPV_E6_TO_NOTCH_SIGNALING_PATHWAY_N00381,0.0590589095494692,2.46610001882922e-25,classical Monocyte
Bacteroides_BPS,KEGG_MEDICUS_PATHOGEN_HPV_E6_TO_NOTCH_SIGNALING_PATHWAY_N00382,0.0691136540494954,4.21741529992699e-34,classical Monocyte
Bacteroides_BPS,KEGG_MEDICUS_PATHOGEN_HPV_E7_TO_CELL_CYCLE_G1_S,0.0339411206903536,2.3197397457436e-09,classical Monocyte
Bacteroides_BPS,KEGG_MEDICUS_PATHOGEN_HPV_E7_TO_P27_CELL_CYCLE_G1_S,0.0285009930570804,5.28197138328022e-07,classical Monocyte
Bacteroides_BPS,KEGG_MEDICUS_PATHOGEN_HSV_GD_TO_HVEM_NFKB_SIGNALING_PATHWAY,-0.0147878507582468,0.00926632868747084,classical Monocyte
Bacteroides_BPS,KEGG_MEDICUS_PATHOGEN_HTLV_1_P12_TO_ANTIGEN_PROCESSING_AND_PRESENTATION_BY_MHC_CLASS_I_MOLECULES,0.00904733939302198,0.111403928248857,classical Monocyte
Bacteroides_BPS,KEGG_MEDICUS_PATHOGEN_HTLV_1_P12_TO_JAK_STAT_SIGNALING_PATHWAY,-0.00318714999739192,0.574946602601873,classical Monocyte
Bacteroides_BPS,KEGG_MEDICUS_PATHOGEN_HTLV_1_TAX_TO_E47_MEDIATED_TRANSCRIPTION,-0.039577523125518,3.25141292260356e-12,classical Monocyte
Bacteroides_BPS,KEGG_MEDICUS_PATHOGEN_HTLV_1_TAX_TO_NFY_MEDIATED_TRANSCRIPTION,-0.0911881183938549,3.63472492446264e-58,classical Monocyte
Bacteroides_BPS,KEGG_MEDICUS_PATHOGEN_HTLV_1_TAX_TO_P21_CELL_CYCLE_G1_S_N00497,0.0120627295991,0.0337942770012651,classical Monocyte
Bacteroides_BPS,KEGG_MEDICUS_PATHOGEN_HTLV_1_TAX_TO_P21_CELL_CYCLE_G1_S_N00498,0.0179474613571161,0.00158792826731808,classical Monocyte
Bacteroides_BPS,KEGG_MEDICUS_PATHOGEN_HTLV_1_TAX_TO_SPINDLE_ASSEMBLY_CHECKPOINT_SIGNALING,-0.0322117120239184,1.43523877595631e-08,classical Monocyte
Bacteroides_BPS,KEGG_MEDICUS_PATHOGEN_HTLV_1_TAX_TO_SRF_MEDIATED_TRANSCRIPTION,0.00636310502532854,0.262883647911249,classical Monocyte
Bacteroides_BPS,KEGG_MEDICUS_PATHOGEN_HTLV_1_TAX_TO_TNF_JNK_SIGNALING_PATHWAY,0.0150310624432197,0.0081722547853848,classical Monocyte
Bacteroides_BPS,KEGG_MEDICUS_PATHOGEN_KSHV_K15_TO_TNF_NFKB_SIGNALING_PATHWAY,-0.00508281045732704,0.371146591699545,classical Monocyte
Bacteroides_BPS,KEGG_MEDICUS_PATHOGEN_KSHV_LANA_TO_WNT_SIGNALING_PATHWAY,0.0355849639347251,3.7723442595765e-10,classical Monocyte
Bacteroides_BPS,KEGG_MEDICUS_PATHOGEN_KSHV_MIR1_2_TO_ANTIGEN_PROCESSING_AND_PRESENTATION_BY_MHC_CLASS_I_MOLECULES,0.010301267191706,0.0698998811559733,classical Monocyte
Bacteroides_BPS,KEGG_MEDICUS_PATHOGEN_KSHV_MIR2_TO_CELL_SURFACE_MOLECULE_ENDOCYTOSIS,-0.03291152918285,6.94034694564553e-09,classical Monocyte
Bacteroides_BPS,KEGG_MEDICUS_PATHOGEN_KSHV_VCYCLIN_TO_CELL_CYCLE_G1_S,0.026332397715887,3.58673690268484e-06,classical Monocyte
Bacteroides_BPS,KEGG_MEDICUS_PATHOGEN_KSHV_VFLIP_TO_NFKB_SIGNALING_PATHWAY,-0.00485627280727899,0.392845963062332,classical Monocyte
Bacteroides_BPS,KEGG_MEDICUS_PATHOGEN_KSHV_VFLIP_TO_TNF_NFKB_SIGNALING_PATHWAY,-0.00495448237924131,0.383345924285167,classical Monocyte
Bacteroides_BPS,KEGG_MEDICUS_PATHOGEN_KSHV_VGPCR_TO_GNB_G_ERK_SIGNALING_PATHWAY,0.00833924683240572,0.142289487306116,classical Monocyte
Bacteroides_BPS,KEGG_MEDICUS_PATHOGEN_KSHV_VGPCR_TO_GNB_G_PI3K_AKT_SIGNALING_PATHWAY,-0.0126611091008679,0.0258928581336721,classical Monocyte
Bacteroides_BPS,KEGG_MEDICUS_PATHOGEN_KSHV_VGPCR_TO_GNB_G_PI3K_JNK_SIGNALING_PATHWAY,0.00723948454161491,0.202732177755485,classical Monocyte
Bacteroides_BPS,KEGG_MEDICUS_PATHOGEN_SALMONELLA_AVRA_TO_BETA_CATENIN_SIGNALING_PATHWAY,0.0171567927005012,0.00253640157208974,classical Monocyte
Bacteroides_BPS,KEGG_MEDICUS_PATHOGEN_SALMONELLA_SIFA_TO_MICROTUBULE_PLUS_END_DIRECTED_TRANSPORT,-0.0543969552526362,9.87020902103769e-22,classical Monocyte
Bacteroides_BPS,KEGG_MEDICUS_PATHOGEN_SALMONELLA_SIFA_TO_TETHERING_OF_LATE_ENDOSOMES_AND_LYSOSOMES,0.00600007204591593,0.291094401722229,classical Monocyte
Bacteroides_BPS,KEGG_MEDICUS_PATHOGEN_SALMONELLA_SOPB_TO_ARNO_ARF_ACTB_G_SIGNALING_PATHWAY,0.0563300635576059,3.43614651807931e-23,classical Monocyte
Bacteroides_BPS,KEGG_MEDICUS_PATHOGEN_SALMONELLA_SOPB_TO_RHOA_SIGNALING_PATHWAY,-0.00154780484206162,0.785363021375069,classical Monocyte
Bacteroides_BPS,KEGG_MEDICUS_PATHOGEN_SALMONELLA_SOPB_TO_RHOG_SIGNALING_PATHWAY,0.0191690583880384,0.000743239747688587,classical Monocyte
Bacteroides_BPS,KEGG_MEDICUS_PATHOGEN_SALMONELLA_SOPE_E2_TO_NOD_NFKB_SIGNALING_PATHWAY,0.0048293435526255,0.395475609746083,classical Monocyte
Bacteroides_BPS,KEGG_MEDICUS_PATHOGEN_SALMONELLA_SOPE_TO_RAC_SIGNALING_PATHWAY,0.0611900618499156,4.44444609729088e-27,classical Monocyte
Bacteroides_BPS,KEGG_MEDICUS_PATHOGEN_SALMONELLA_SPVD_TO_TNF_NFKB_SIGNALING_PATHWAY,-0.00134903867495731,0.81237454229149,classical Monocyte
Bacteroides_BPS,KEGG_MEDICUS_PATHOGEN_SARS_COV_2_S_N_TO_LECTIN_PATHWAY_OF_COAGULATION_CASCADE,0.0370589359564416,6.90204364922689e-11,classical Monocyte
Bacteroides_BPS,KEGG_MEDICUS_PATHOGEN_SARS_COV_2_S_TO_ANGII_AT1R_NOX2_SIGNALING_PATHWAY,0.0241831182589325,2.084438051278e-05,classical Monocyte
Bacteroides_BPS,KEGG_MEDICUS_PATHOGEN_SARS_COV_2_S_TO_CLASSICAL_PATHWAY_OF_COMPLEMENT_CASCADE,-0.0309778411470277,4.98434372455369e-08,classical Monocyte
Bacteroides_BPS,KEGG_MEDICUS_PATHOGEN_SHIGELLA_FIMA_TO_CROSSTALK_BETWEEN_EXTRINSIC_AND_INTRINSIC_APOPTOTIC_PATHWAYS,-0.00644906560385033,0.256489855609501,classical Monocyte
Bacteroides_BPS,KEGG_MEDICUS_PATHOGEN_SHIGELLA_IPAA_TO_ITGA_B_RHOGEF_RHOA_SIGNALING_PATHWAY,0.0221865657483469,9.45325307191127e-05,classical Monocyte
Bacteroides_BPS,KEGG_MEDICUS_PATHOGEN_SHIGELLA_IPAB_C_D_TO_ITGA_B_TALIN_VINCULIN_SIGNALING_PATHWAY,0.0467715399760614,1.81106918121019e-16,classical Monocyte
Bacteroides_BPS,KEGG_MEDICUS_PATHOGEN_SHIGELLA_IPAC_TO_ACTIN_SIGNALING_PATHWAY,0.0606968399578628,1.14006249187748e-26,classical Monocyte
Bacteroides_BPS,KEGG_MEDICUS_PATHOGEN_SHIGELLA_IPAH7.8_TO_NLRP3_INFLAMMASOME_SIGNALING_PATHWAY,-0.0206380341239582,0.00028160989625074,classical Monocyte
Bacteroides_BPS,KEGG_MEDICUS_PATHOGEN_SHIGELLA_IPGB1_TO_ITGA_B_RHOG_RAC_SIGNALING_PATHWAY,0.0353799934432925,4.75241733111233e-10,classical Monocyte
Bacteroides_BPS,KEGG_MEDICUS_PATHOGEN_SHIGELLA_IPGD_TO_ARNO_ARF_ACTB_G_SIGNALING_PATHWAY,0.0591203242430608,2.20091692380796e-25,classical Monocyte
Bacteroides_BPS,KEGG_MEDICUS_PATHOGEN_SHIGELLA_OSPF_TO_TLR2_4_MAPK_SIGNALING_PATHWAY,0.0296175276911762,1.86457728578418e-07,classical Monocyte
Bacteroides_BPS,KEGG_MEDICUS_PATHOGEN_SHIGELLA_OSPG_TO_TNF_NFKB_SIGNALING_PATHWAY,-0.0222521493862309,9.01211156047851e-05,classical Monocyte
Bacteroides_BPS,KEGG_MEDICUS_PATHOGEN_YERSINIA_YOPH_TO_TCR_NFAT_SIGNALING_PATHWAY,0.0620104560939014,9.12137549510875e-28,classical Monocyte
Bacteroides_BPS,KEGG_MEDICUS_PATHOGEN_YERSINIA_YOPP_J_TO_TLR2_4_MAPK_SIGNALING_PATHWAY,0.0141818026463747,0.0125808976880961,classical Monocyte
Bacteroides_BPS,KEGG_MEDICUS_REFERENCE_26S_PROTEASOME_MEDIATED_PROTEIN_DEGRADATION,-0.0333086759986947,4.5650669172966e-09,classical Monocyte
Bacteroides_BPS,KEGG_MEDICUS_REFERENCE_ACH_CHRN_PI3K_SIGNALING_PATHWAY,0.0185069495902025,0.00112762439120851,classical Monocyte
Bacteroides_BPS,KEGG_MEDICUS_REFERENCE_ACH_CHRN_RAS_ERK_SIGNALING_PATHWAY,0.023905338234299,2.59067180531794e-05,classical Monocyte
Bacteroides_BPS,KEGG_MEDICUS_REFERENCE_ACTH_CORTISOL_SIGNALING_PATHWAY,0.038846918043058,8.04708764216526e-12,classical Monocyte
Bacteroides_BPS,KEGG_MEDICUS_REFERENCE_ACTIVATION_OF_PRC2.2_BY_UBIQUITINATION_OF_H2AK119,-0.0201104926260944,0.000401943267461738,classical Monocyte
Bacteroides_BPS,KEGG_MEDICUS_REFERENCE_ACTIVATION_OF_PRC2.2_BY_UBIQUITINATION_OF_H2AK119_IN_GERMLINE_GENES,-0.00946842246428301,0.0957116423812515,classical Monocyte
Bacteroides_BPS,KEGG_MEDICUS_REFERENCE_ACTIVIN_SIGNALING_PATHWAY,0.0257736782586216,5.74292811078274e-06,classical Monocyte
Bacteroides_BPS,KEGG_MEDICUS_REFERENCE_ADRB3_UCP1_SIGNALING_PATHWAY,0.0487682344808311,9.01335500545e-18,classical Monocyte
Bacteroides_BPS,KEGG_MEDICUS_REFERENCE_AGE_RAGE_SIGNALING_PATHWAY,0.00470521161562799,0.407734005287444,classical Monocyte
Bacteroides_BPS,KEGG_MEDICUS_REFERENCE_AHR_SIGNALING_PATHWAY,0.0528537340083465,1.32570415667364e-20,classical Monocyte
Bacteroides_BPS,KEGG_MEDICUS_REFERENCE_ALTERNATIVE_PATHWAY_OF_COMPLEMENT_CASCADE_C3B_BREAKDOWN,0.0429380789512176,4.07892558436692e-14,classical Monocyte
Bacteroides_BPS,KEGG_MEDICUS_REFERENCE_AMH_SIGNALING_PATHWAY,0.000451412411773525,0.936693675236895,classical Monocyte
Bacteroides_BPS,KEGG_MEDICUS_REFERENCE_ANGII_AT1R_NOX2_SIGNALING_PATHWAY,0.0376466170048993,3.44248467165445e-11,classical Monocyte
Bacteroides_BPS,KEGG_MEDICUS_REFERENCE_ANGIOTENSIN_ALDOSTERONE_SIGNALING_PATHWAY,0.0698608201013454,8.29829669889469e-35,classical Monocyte
Bacteroides_BPS,KEGG_MEDICUS_REFERENCE_ANTEROGRADE_AXONAL_TRANSPORT,-0.0573510641580883,5.56673545841353e-24,classical Monocyte
Bacteroides_BPS,KEGG_MEDICUS_REFERENCE_ANTIGEN_PROCESSING_AND_PRESENTATION_BY_MHC_CLASS_II_MOLECULES,-0.0912527273986737,3.02175466510037e-58,classical Monocyte
Bacteroides_BPS,KEGG_MEDICUS_REFERENCE_ANTIGEN_PROCESSING_AND_PRESENTATION_BY_MHC_CLASS_I_MOLECULES,-0.01781310699292,0.00172164985044072,classical Monocyte
Bacteroides_BPS,KEGG_MEDICUS_REFERENCE_ANXA2_S100A10_REGULATED_ACTIN_CYTOSKELETON,0.0560939267025573,5.2106963017029e-23,classical Monocyte
Bacteroides_BPS,KEGG_MEDICUS_REFERENCE_AREG_EGFR_PI3K_SIGNALING_PATHWAY,0.0111817099975417,0.0491271538028165,classical Monocyte
Bacteroides_BPS,KEGG_MEDICUS_REFERENCE_AREG_EGFR_RAS_ERK_SIGNALING_PATHWAY,0.0652131182984709,1.54246150646749e-30,classical Monocyte
Bacteroides_BPS,KEGG_MEDICUS_REFERENCE_ARL8_REGULATED_MICROTUBULE_PLUS_END_DIRECTED_TRANSPORT,-0.0644386561887843,7.4336102856165e-30,classical Monocyte
Bacteroides_BPS,KEGG_MEDICUS_REFERENCE_ARNO_ARF_ACTB_G_SIGNALING_PATHWAY,0.0538574120430731,2.46817106003726e-21,classical Monocyte
Bacteroides_BPS,KEGG_MEDICUS_REFERENCE_ASSEMBLY_AND_TRAFFICKING_OF_TELOMERASE,-0.0523645498251252,2.97426054723039e-20,classical Monocyte
Bacteroides_BPS,KEGG_MEDICUS_REFERENCE_ATR_P21_CELL_CYCLE_G2_M,0.0295494022742524,1.98901816151277e-07,classical Monocyte
Bacteroides_BPS,KEGG_MEDICUS_REFERENCE_ATR_SIGNALING,-0.0137681217727839,0.0154090502288094,classical Monocyte
Bacteroides_BPS,KEGG_MEDICUS_REFERENCE_AUTOPHAGOSOME_AND_LYSOSOME_FUSION_TETHERING_FACTOR,0.0171032430656674,0.0026164322406111,classical Monocyte
Bacteroides_BPS,KEGG_MEDICUS_REFERENCE_AUTOPHAGOSOME_AND_LYSOSOME_FUSION_TETHERING_FACTOR_GRASP55,-0.0188147641387895,0.000930443035948649,classical Monocyte
Bacteroides_BPS,KEGG_MEDICUS_REFERENCE_AUTOPHAGOSOME_AND_LYSOSOME_FUSION_TRANS_SNARE,-0.00901890145760197,0.112532920718235,classical Monocyte
Bacteroides_BPS,KEGG_MEDICUS_REFERENCE_AUTOPHAGY_VESICLE_NUCLEATION_ELONGATION_MATURATION_E3_UBIQUITIN_LIGASE_MALIN,0.0125082617543051,0.0277418143518768,classical Monocyte
Bacteroides_BPS,KEGG_MEDICUS_REFERENCE_AUTOPHAGY_VESICLE_NUCLEATION_ELONGATION_MATURATION_LC3_II_FORMATION,0.0115399014540074,0.042304069597652,classical Monocyte
Bacteroides_BPS,KEGG_MEDICUS_REFERENCE_AUTOPHAGY_VESICLE_NUCLEATION_ELONGATION_MATURATION_MTORC1_PI3KC3_C1,-0.0104562736789359,0.0657925325464311,classical Monocyte
Bacteroides_BPS,KEGG_MEDICUS_REFERENCE_AUTOPHAGY_VESICLE_NUCLEATION_ELONGATION_MATURATION_PACER_RUBCN_PI3KC3_C2,0.000175191152168092,0.975409157002516,classical Monocyte
Bacteroides_BPS,KEGG_MEDICUS_REFERENCE_AUTOPHAGY_VESICLE_NUCLEATION_ELONGATION_MATURATION_PI3P_SYNTHESIS_BY_PI3KC3_C1,-0.0329416052259204,6.72474541320935e-09,classical Monocyte
Bacteroides_BPS,KEGG_MEDICUS_REFERENCE_AUTOPHAGY_VESICLE_NUCLEATION_ELONGATION_MATURATION_SEQUESTOSOME_1_LIKE_RECEPTOR,0.032145245776767,1.5365929526808e-08,classical Monocyte
Bacteroides_BPS,KEGG_MEDICUS_REFERENCE_AVP_V2R_PKA_SIGNALING_PATHWAY,0.0346964267838604,1.0172208054434e-09,classical Monocyte
Bacteroides_BPS,KEGG_MEDICUS_REFERENCE_BASE_EXCISION_AND_STRAND_CLEAVAGE_BY_BIFUNCTIONAL_GLYCOSYLASE,-0.0385980052472359,1.09171418787994e-11,classical Monocyte
Bacteroides_BPS,KEGG_MEDICUS_REFERENCE_BASE_EXCISION_AND_STRAND_CLEAVAGE_BY_MONOFUNCTIONAL_GLYCOSYLASE,-0.0231467234769335,4.63679709695527e-05,classical Monocyte
Bacteroides_BPS,KEGG_MEDICUS_REFERENCE_BASE_EXCISION_AND_STRAND_CLEAVAGE_BY_NEIL_GLYCOSYLASE,-0.0335875677140964,3.39192400631412e-09,classical Monocyte
Bacteroides_BPS,KEGG_MEDICUS_REFERENCE_BCR_BCAP_CD19_PI3K_SIGNALING_PATHWAY,0.0528744747563746,1.28084517852165e-20,classical Monocyte
Bacteroides_BPS,KEGG_MEDICUS_REFERENCE_BCR_PLCG_CALCINEURIN_SIGNALING_PATHWAY,0.0495962640952074,2.50540557067798e-18,classical Monocyte
Bacteroides_BPS,KEGG_MEDICUS_REFERENCE_BCR_PLCG_ITPR_SIGNALING_PATHWAY,0.0836449928443398,3.40270688523285e-49,classical Monocyte
Bacteroides_BPS,KEGG_MEDICUS_REFERENCE_BETA_OXIDATION,-0.0102017369537641,0.0726465066233815,classical Monocyte
Bacteroides_BPS,KEGG_MEDICUS_REFERENCE_BETA_OXIDATION_ACYL_COA_SYNTHESIS,0.0100728471633381,0.0763339532951132,classical Monocyte
Bacteroides_BPS,KEGG_MEDICUS_REFERENCE_BETA_OXIDATION_PEROXISOME_VLCFA,-0.0116324985647032,0.0406766855244445,classical Monocyte
Bacteroides_BPS,KEGG_MEDICUS_REFERENCE_BILE_ACID_BIOSYNTHESIS,-0.0133642638955362,0.0186953295895944,classical Monocyte
Bacteroides_BPS,KEGG_MEDICUS_REFERENCE_BLOCKING_UBIQUITINATION_OF_H2AK119_BY_CK2,-0.0103901857460623,0.0675187302915767,classical Monocyte
Bacteroides_BPS,KEGG_MEDICUS_REFERENCE_BLOOD_GROUP_H_O_ANTIGEN_TYPE_1_BIOSYNTHESIS,-0.00889482645295621,0.117564589399858,classical Monocyte
Bacteroides_BPS,KEGG_MEDICUS_REFERENCE_BLOOD_GROUP_H_O_ANTIGEN_TYPE_2_BIOSYNTHESIS,-0.00463740485567985,0.414524697455083,classical Monocyte
Bacteroides_BPS,KEGG_MEDICUS_REFERENCE_BMP15_SIGNALING_PATHWAY,0.0169200173807324,0.0029080418668644,classical Monocyte
Bacteroides_BPS,KEGG_MEDICUS_REFERENCE_BMP9_10_SIGNALING_PATHWAY,0.0197005891094851,0.000526966988980737,classical Monocyte
Bacteroides_BPS,KEGG_MEDICUS_REFERENCE_BMP_HAMP_SIGNALING_PATHWAY,0.00919619668660595,0.105639418072192,classical Monocyte
Bacteroides_BPS,KEGG_MEDICUS_REFERENCE_BMP_HAMP_SIGNALING_PATHWAY_AUXILIARY_FACTOR,0.00583753594591503,0.304361693993169,classical Monocyte
Bacteroides_BPS,KEGG_MEDICUS_REFERENCE_BMP_SIGNALING_PATHWAY,0.0125308938022011,0.0274610566559498,classical Monocyte
Bacteroides_BPS,KEGG_MEDICUS_REFERENCE_BMP_SIGNALING_PATHWAY_BMP_ANTAGONIST,-0.0284549001818517,5.50953277442587e-07,classical Monocyte
Bacteroides_BPS,KEGG_MEDICUS_REFERENCE_BRANCHING_MICROTUBULE_NUCLEATION,-0.077347383828633,2.66620577681718e-42,classical Monocyte
Bacteroides_BPS,KEGG_MEDICUS_REFERENCE_BREAK_INDUCED_REPLICATION,-0.0249578283228255,1.12301913660809e-05,classical Monocyte
Bacteroides_BPS,KEGG_MEDICUS_REFERENCE_C9ORF72_MEDIATED_AUTOPHAGY_INITIATION,0.0299696505258623,1.3322528631164e-07,classical Monocyte
Bacteroides_BPS,KEGG_MEDICUS_REFERENCE_CA2_CAM_CAMK_SIGNALING_PATHWAY,-0.0074594212618411,0.189349632827502,classical Monocyte
Bacteroides_BPS,KEGG_MEDICUS_REFERENCE_CA2_CAM_CN_SIGNALING_PATHWAY,-0.00196875625287265,0.7290394621781,classical Monocyte
Bacteroides_BPS,KEGG_MEDICUS_REFERENCE_CA2_CAM_VGCC_RYR_SIGNALING_PATHWAY,-0.012487210276937,0.0280051829496999,classical Monocyte
Bacteroides_BPS,KEGG_MEDICUS_REFERENCE_CA2_ENTRY_LIGAND_GATED_CA2_CHANNEL,0.00189674280430725,0.738581255171553,classical Monocyte
Bacteroides_BPS,KEGG_MEDICUS_REFERENCE_CA2_ENTRY_STORE_OPERATED_CA2_CHANNEL,-0.0106212621977724,0.0616413572708519,classical Monocyte
Bacteroides_BPS,KEGG_MEDICUS_REFERENCE_CA2_ENTRY_VOLTAGE_GATED_CA2_CHANNEL,-0.00761714823200283,0.180161226506138,classical Monocyte
Bacteroides_BPS,KEGG_MEDICUS_REFERENCE_CA2_PLCD_ITPR_SIGNALING_PATHWAY,0.0401687219763376,1.54319435181237e-12,classical Monocyte
Bacteroides_BPS,KEGG_MEDICUS_REFERENCE_CA2_PYK2_RAS_ERK_SIGNALING_PATHWAY,0.0681100434740117,3.6436217638344e-33,classical Monocyte
Bacteroides_BPS,KEGG_MEDICUS_REFERENCE_CARDIAC_TYPE_VGCC_RYR_SIGNALING,0.0120360024136369,0.0341907670644801,classical Monocyte
Bacteroides_BPS,KEGG_MEDICUS_REFERENCE_CASR_PTH_SIGNALING_PATHWAY,0.12896689549034,6.17342004591788e-115,classical Monocyte
Bacteroides_BPS,KEGG_MEDICUS_REFERENCE_CCR2_GNB_G_PI3K_NFKB_SIGNALING_PATHWAY,-0.0154571256383711,0.00653119290420076,classical Monocyte
Bacteroides_BPS,KEGG_MEDICUS_REFERENCE_CCR5_GNB_G_PLCB_G_PKC_SIGNALING_PATHWAY,0.0465611502280543,2.46680445511886e-16,classical Monocyte
Bacteroides_BPS,KEGG_MEDICUS_REFERENCE_CCR_CXCR_GNB_G_PI3K_RAC_SIGNALING_PATHWAY,-0.00339422481491663,0.550362833209781,classical Monocyte
Bacteroides_BPS,KEGG_MEDICUS_REFERENCE_CD40_NFKB_SIGNALING_PATHWAY,-0.012432868464977,0.0286950196460103,classical Monocyte
Bacteroides_BPS,KEGG_MEDICUS_REFERENCE_CD80_CD86_CD28_PI3K_SIGNALING_PATHWAY,0.0121952017835712,0.0318866304134432,classical Monocyte
Bacteroides_BPS,KEGG_MEDICUS_REFERENCE_CD80_CD86_CTLA4_PP2A_SIGNALING_PATHWAY,-0.0154611482201251,0.00651722497326903,classical Monocyte
Bacteroides_BPS,KEGG_MEDICUS_REFERENCE_CDC25_CELL_CYCLE_G2_M,0.0393964083279016,4.07657790435632e-12,classical Monocyte
Bacteroides_BPS,KEGG_MEDICUS_REFERENCE_CENPE_INTERACTION_WITH_NDC80_COMPLEX,-0.0180631198475725,0.00148054419979192,classical Monocyte
Bacteroides_BPS,KEGG_MEDICUS_REFERENCE_CGAS_STING_SIGNALING_PATHWAY,-0.0185643095144326,0.00108817803607648,classical Monocyte
Bacteroides_BPS,KEGG_MEDICUS_REFERENCE_CHOLESTEROL_BIOSYNTHESIS,-0.00392825616958412,0.489452161931,classical Monocyte
Bacteroides_BPS,KEGG_MEDICUS_REFERENCE_CHONDROITIN_SULFATE_BIOSYNTHESIS,0.0400302049101816,1.83936378554186e-12,classical Monocyte
Bacteroides_BPS,KEGG_MEDICUS_REFERENCE_CHRNA7_E2F_SIGNALING_PATHWAY,0.0311438694590049,4.22684866448507e-08,classical Monocyte
Bacteroides_BPS,KEGG_MEDICUS_REFERENCE_CITRATE_CYCLE_FIRST_CARBON_OXIDATION,-0.039134410143244,5.64436520466909e-12,classical Monocyte
Bacteroides_BPS,KEGG_MEDICUS_REFERENCE_CITRATE_CYCLE_SECOND_CARBON_OXIDATION_2,-0.0586655942109116,5.0959077595565e-25,classical Monocyte
Bacteroides_BPS,KEGG_MEDICUS_REFERENCE_CLASSICAL_PATHWAY_OF_COMPLEMENT_CASCADE_C4_C2_TO_C3_CONVERTASE_FORMATION,-0.0309043813363132,5.3600461448809e-08,classical Monocyte
Bacteroides_BPS,KEGG_MEDICUS_REFERENCE_COHESIN_ACETYLATION,0.00460242470922423,0.418053873026687,classical Monocyte
Bacteroides_BPS,KEGG_MEDICUS_REFERENCE_COHESIN_DISSOCIATION_IN_ANAPHASE,-0.0261343383485887,4.24259925076586e-06,classical Monocyte
Bacteroides_BPS,KEGG_MEDICUS_REFERENCE_COHESIN_DISSOCIATION_IN_PROPHASE,0.0213337140925132,0.000173965329330393,classical Monocyte
Bacteroides_BPS,KEGG_MEDICUS_REFERENCE_COHESIN_LOADING,0.0617594588977952,1.48402660101981e-27,classical Monocyte
Bacteroides_BPS,KEGG_MEDICUS_REFERENCE_COMMON_PATHWAY_OF_COMPLEMENT_CASCADE_MAC_FORMATION,-0.0125948384864696,0.0266810109216267,classical Monocyte
Bacteroides_BPS,KEGG_MEDICUS_REFERENCE_CONDENSIN_LOADING,-0.010787413865665,0.0576824254467192,classical Monocyte
Bacteroides_BPS,KEGG_MEDICUS_REFERENCE_COPII_VESICLE_FORMATION,-0.00549929559927756,0.333239231008624,classical Monocyte
Bacteroides_BPS,KEGG_MEDICUS_REFERENCE_COPI_VESICLE_FORMATION,-0.0435921728620636,1.67101436351614e-14,classical Monocyte
Bacteroides_BPS,KEGG_MEDICUS_REFERENCE_CORE_NER_REACTION,-0.0536053560224195,3.77564241977759e-21,classical Monocyte
Bacteroides_BPS,KEGG_MEDICUS_REFERENCE_CREATINE_PATHWAY,-0.0223222594755503,8.56206295437885e-05,classical Monocyte
Bacteroides_BPS,KEGG_MEDICUS_REFERENCE_CRHR_PKA_ACTH_SIGNALING_PATHWAY,0.0403773097496811,1.18337579289392e-12,classical Monocyte
Bacteroides_BPS,KEGG_MEDICUS_REFERENCE_CROSSTALK_BETWEEN_EXTRINSIC_AND_INTRINSIC_APOPTOTIC_PATHWAYS,-0.0418602196356864,1.72497927950715e-13,classical Monocyte
Bacteroides_BPS,KEGG_MEDICUS_REFERENCE_CX3CR1_GNAI_AC_PKA_SIGNALING_PATHWAY,0.00574351236766481,0.312217048367979,classical Monocyte
Bacteroides_BPS,KEGG_MEDICUS_REFERENCE_CXCL12_CXCR4_PKC_ERK_SIGNALING_PATHAWAY,0.097874861940845,9.00187444867822e-67,classical Monocyte
Bacteroides_BPS,KEGG_MEDICUS_REFERENCE_CXCR4_GNA12_13_RHO_SIGNALING_PATHWAY,0.0400762558983369,1.73518992979532e-12,classical Monocyte
Bacteroides_BPS,KEGG_MEDICUS_REFERENCE_CXCR4_GNAI_PI3K_BAD_SIGNALING_PATHWAY,0.0238629877731973,2.67744677488979e-05,classical Monocyte
Bacteroides_BPS,KEGG_MEDICUS_REFERENCE_CXCR4_GNAQ_PLCB_G_CALCINEURIN_SIGNALING_PATHWAY,0.0707348858767842,1.21173358272702e-35,classical Monocyte
Bacteroides_BPS,KEGG_MEDICUS_REFERENCE_CXCR4_GNB_G_PLCB_PKC_SIGNALING_PATHWAY,0.0636639256245917,3.51813262441218e-29,classical Monocyte
Bacteroides_BPS,KEGG_MEDICUS_REFERENCE_CXCR4_GNB_G_RAC_SIGNALING_PATHWAY,-0.0144739036607838,0.0108709255713692,classical Monocyte
Bacteroides_BPS,KEGG_MEDICUS_REFERENCE_CXCR_GNB_G_ERK_SIGNALING_PATHWAY,-0.0152837166950546,0.00715953352808303,classical Monocyte
Bacteroides_BPS,KEGG_MEDICUS_REFERENCE_CXCR_GNB_G_PI3K_AKT_SIGNALING_PATHWAY,-0.0150391124002242,0.00813810667594092,classical Monocyte
Bacteroides_BPS,KEGG_MEDICUS_REFERENCE_CYTOKINE_JAK_STAT_SIGNALING_PATHWAY,0.0287689281520691,4.12820914431045e-07,classical Monocyte
Bacteroides_BPS,KEGG_MEDICUS_REFERENCE_DEPHOSPHORYLATION_OF_KINETOCHORE,-0.0197103787432672,0.000523599483219995,classical Monocyte
Bacteroides_BPS,KEGG_MEDICUS_REFERENCE_DERMATAN_SULFATE_DEGRADATION,-0.00866615215815531,0.127298884550543,classical Monocyte
Bacteroides_BPS,KEGG_MEDICUS_REFERENCE_DEUBIQUITINATION_OF_H2AK119,0.02253030582433,7.34831457023237e-05,classical Monocyte
Bacteroides_BPS,KEGG_MEDICUS_REFERENCE_DISASSEMBLY_OF_MCC,-0.0284582559133127,5.49265137850982e-07,classical Monocyte
Bacteroides_BPS,KEGG_MEDICUS_REFERENCE_DNA_DEGRADATION_BY_EXTRACELLULAR_ENDOLYSOSOMAL_DNASE,-0.015946004277378,0.00501790251959643,classical Monocyte
Bacteroides_BPS,KEGG_MEDICUS_REFERENCE_DNA_END_RESECTION_AND_RPA_LOADING,-0.0108041384890621,0.0572959038908914,classical Monocyte
Bacteroides_BPS,KEGG_MEDICUS_REFERENCE_DNA_REPLICATION_LICENSING,-0.0274135303243229,1.4047831566514e-06,classical Monocyte
Bacteroides_BPS,KEGG_MEDICUS_REFERENCE_DNA_REPLICATION_TERMINATION,-0.0387967299205909,8.55883557306906e-12,classical Monocyte
Bacteroides_BPS,KEGG_MEDICUS_REFERENCE_DOUBLE_HOLLIDAY_JUNCTION_RESOLUTION,-0.0222205522111722,9.2221619303619e-05,classical Monocyte
Bacteroides_BPS,KEGG_MEDICUS_REFERENCE_DOUBLE_STRAND_BREAK_SIGNALING,-0.000646141411846197,0.909484513207516,classical Monocyte
Bacteroides_BPS,KEGG_MEDICUS_REFERENCE_DRD1_GNAS_AC_PKA_SIGNALING_PATHWAY,0.0407346780421722,7.4858876321852e-13,classical Monocyte
Bacteroides_BPS,KEGG_MEDICUS_REFERENCE_DYNEIN_RECRUITMENT_TO_THE_KINETOCHORE,-0.0463470825557604,3.37344758892364e-16,classical Monocyte
Bacteroides_BPS,KEGG_MEDICUS_REFERENCE_E2_ER_RAS_ERK_SIGNALING_PATHWAY,0.0230566703747707,4.9629092322148e-05,classical Monocyte
Bacteroides_BPS,KEGG_MEDICUS_REFERENCE_EARLY_ENDOSOMAL_FUSION,-0.0120115360902477,0.0345571965022047,classical Monocyte
Bacteroides_BPS,KEGG_MEDICUS_REFERENCE_EGF_EGFR_ACTIN_SIGNALING_PATHWAY,0.0576869855800168,3.03710858938203e-24,classical Monocyte
Bacteroides_BPS,KEGG_MEDICUS_REFERENCE_EGF_EGFR_PI3K_NFKB_SIGNALING_PATHWAY,0.00445534120137585,0.43308563982767,classical Monocyte
Bacteroides_BPS,KEGG_MEDICUS_REFERENCE_EGF_EGFR_PI3K_SIGNALING_PATHWAY,0.011129074536114,0.050203688951662,classical Monocyte
Bacteroides_BPS,KEGG_MEDICUS_REFERENCE_EGF_EGFR_PLCG_CALCINEURIN_SIGNALING_PATHWAY,-0.000557322606879572,0.921883796383201,classical Monocyte
Bacteroides_BPS,KEGG_MEDICUS_REFERENCE_EGF_EGFR_PLCG_CAMK_SIGNALING_PATHWAY,-0.00530296128848256,0.350786890052121,classical Monocyte
Bacteroides_BPS,KEGG_MEDICUS_REFERENCE_EGF_EGFR_PLCG_ERK_SIGNALING_PATHWAY,0.0435456110434372,1.78138339065026e-14,classical Monocyte
Bacteroides_BPS,KEGG_MEDICUS_REFERENCE_EGF_EGFR_RAS_ERK_SIGNALING_PATHWAY,0.0645780427257735,5.60886943432412e-30,classical Monocyte
Bacteroides_BPS,KEGG_MEDICUS_REFERENCE_EGF_EGFR_RAS_JNK_SIGNALING_PATHWAY,0.0844736489091884,3.84030423313422e-50,classical Monocyte
Bacteroides_BPS,KEGG_MEDICUS_REFERENCE_EGF_EGFR_RAS_PI3K_SIGNALING_PATHWAY,0.0685764031892172,1.34295653949344e-33,classical Monocyte
Bacteroides_BPS,KEGG_MEDICUS_REFERENCE_EGF_EGFR_RAS_RALGDS_SIGNALING_PATHWAY,0.0585346556192309,6.48180862403926e-25,classical Monocyte
Bacteroides_BPS,KEGG_MEDICUS_REFERENCE_EGF_EGFR_RAS_RASSF1_SIGNALING_PATHWAY,0.0720648459811681,6.1961222361196e-37,classical Monocyte
Bacteroides_BPS,KEGG_MEDICUS_REFERENCE_EGF_ERBB2_RAS_ERK_SIGNALING_PATHWAY,0.064913888659613,2.83831874860857e-30,classical Monocyte
Bacteroides_BPS,KEGG_MEDICUS_REFERENCE_EGF_JAK_STAT_SIGNALING_PATHWAY,0.0115934321169324,0.0413566864240844,classical Monocyte
Bacteroides_BPS,KEGG_MEDICUS_REFERENCE_ELECTRON_TRANSFER_IN_COMPLEX_I,-0.0508071943760819,3.70883399711094e-19,classical Monocyte
Bacteroides_BPS,KEGG_MEDICUS_REFERENCE_ELECTRON_TRANSFER_IN_COMPLEX_III,-0.0257969022490417,5.63269707561498e-06,classical Monocyte
Bacteroides_BPS,KEGG_MEDICUS_REFERENCE_ELECTRON_TRANSFER_IN_COMPLEX_IV,0.000476478450300469,0.9331864113666,classical Monocyte
Bacteroides_BPS,KEGG_MEDICUS_REFERENCE_EP_NE_ADRB_CAMP_SIGNALING_PATHWAY,0.0310357153729408,4.70645246099708e-08,classical Monocyte
Bacteroides_BPS,KEGG_MEDICUS_REFERENCE_EREG_EGFR_PI3K_SIGNALING_PATHWAY,0.01180587715271,0.0377720580716063,classical Monocyte
Bacteroides_BPS,KEGG_MEDICUS_REFERENCE_EREG_EGFR_RAS_ERK_SIGNALING_PATHWAY,0.0651066306345092,1.91692373271678e-30,classical Monocyte
Bacteroides_BPS,KEGG_MEDICUS_REFERENCE_ERK_RSK_SIGNALING,0.0251260422282043,9.79581521716671e-06,classical Monocyte
Bacteroides_BPS,KEGG_MEDICUS_REFERENCE_ESTABLISHMENT_OF_COHESION,0.0517454634872221,8.18278859401048e-20,classical Monocyte
Bacteroides_BPS,KEGG_MEDICUS_REFERENCE_EXTRINSIC_APOPTOTIC_PATHWAY,-0.0199205171809201,0.000455976006502981,classical Monocyte
Bacteroides_BPS,KEGG_MEDICUS_REFERENCE_FANCONI_ANEMIA_PATHWAY,-0.0244058904038146,1.74801368013589e-05,classical Monocyte
Bacteroides_BPS,KEGG_MEDICUS_REFERENCE_FASLG_RIPK1_3_SIGNALING_PATHWAY,-0.0203445475916424,0.0003435951640963,classical Monocyte
Bacteroides_BPS,KEGG_MEDICUS_REFERENCE_FAS_JNK_SIGNALING_PATHWAY,0.0291128793604486,2.99907561147461e-07,classical Monocyte
Bacteroides_BPS,KEGG_MEDICUS_REFERENCE_FE3_FERRITIN_TRANSPORT,0.0194343632443003,0.000626661439778315,classical Monocyte
Bacteroides_BPS,KEGG_MEDICUS_REFERENCE_FE_TF_TRANSPORT,-0.0112646588787596,0.0474699819589033,classical Monocyte
Bacteroides_BPS,KEGG_MEDICUS_REFERENCE_FGF_FGFR_PI3K_SIGNALING_PATHWAY,0.00971804518906291,0.0872782417192924,classical Monocyte
Bacteroides_BPS,KEGG_MEDICUS_REFERENCE_FGF_FGFR_RAS_ERK_SIGNALING_PATHWAY,0.0647457877633682,3.99314921164931e-30,classical Monocyte
Bacteroides_BPS,KEGG_MEDICUS_REFERENCE_FLCN_MTORC1_SIGNALING_PATHWAY,-0.0361533859687844,1.97492268628633e-10,classical Monocyte
Bacteroides_BPS,KEGG_MEDICUS_REFERENCE_FLT3LG_FLT3_RAS_ERK_SIGNALING_PATHWAY,0.0618522604136935,1.23989933937299e-27,classical Monocyte
Bacteroides_BPS,KEGG_MEDICUS_REFERENCE_FLT3LG_FLT3_RAS_PI3K_SIGNALING_PATHWAY,0.0663550675948378,1.46673814769625e-31,classical Monocyte
Bacteroides_BPS,KEGG_MEDICUS_REFERENCE_FSHR_GNAS_PKA_SIGNALING_PATHWAY,0.0335820085884895,3.41214499170974e-09,classical Monocyte
Bacteroides_BPS,KEGG_MEDICUS_REFERENCE_GATOR1_MTORC1_SIGNALING_PATHWAY,-0.0411721994505945,4.25058794811086e-13,classical Monocyte
Bacteroides_BPS,KEGG_MEDICUS_REFERENCE_GENE_SILENCING_BY_METHYLATION_OF_H3K27_AND_UBIQUITINATION_OF_H2AK119,-0.00130888341602272,0.817859827399323,classical Monocyte
Bacteroides_BPS,KEGG_MEDICUS_REFERENCE_GF_RTK_PI3K_SIGNALING_PATHWAY,-0.0137336842251084,0.0156679652622983,classical Monocyte
Bacteroides_BPS,KEGG_MEDICUS_REFERENCE_GF_RTK_RAS_ERK_SIGNALING_PATHWAY,0.0397956220020816,2.47294070719308e-12,classical Monocyte
Bacteroides_BPS,KEGG_MEDICUS_REFERENCE_GF_RTK_RAS_PI3K_SIGNALING_PATHWAY,0.0402219498817658,1.44229302043627e-12,classical Monocyte
Bacteroides_BPS,KEGG_MEDICUS_REFERENCE_GHRHR_PKA_GH_SIGNALING_PATHWAY,0.0417575627615973,1.97524975449152e-13,classical Monocyte
Bacteroides_BPS,KEGG_MEDICUS_REFERENCE_GH_JAK_STAT_SIGNALING_PATHWAY,0.0488519575258529,7.92655660817666e-18,classical Monocyte
Bacteroides_BPS,KEGG_MEDICUS_REFERENCE_GLOBAL_GENOME_NER,-0.0266531195817713,2.72595564338346e-06,classical Monocyte
Bacteroides_BPS,KEGG_MEDICUS_REFERENCE_GLUCONEOGENESIS,-0.0308835407452099,5.4715377327774e-08,classical Monocyte
Bacteroides_BPS,KEGG_MEDICUS_REFERENCE_GLUTATHIONE_BIOSYNTHESIS,0.00439069131205399,0.43979047604412,classical Monocyte
Bacteroides_BPS,KEGG_MEDICUS_REFERENCE_GLYCOGEN_BIOSYNTHESIS,-0.0109439892727466,0.0541473905014534,classical Monocyte
Bacteroides_BPS,KEGG_MEDICUS_REFERENCE_GLYCOGEN_DEGRADATION,-0.00294573974727037,0.604245590189865,classical Monocyte
Bacteroides_BPS,KEGG_MEDICUS_REFERENCE_GLYCOGEN_DEGRADATION_AMYLASE_,-0.00502615196759818,0.376502763002541,classical Monocyte
Bacteroides_BPS,KEGG_MEDICUS_REFERENCE_GLYCOLYSIS,0.0333828543860121,4.21925638019664e-09,classical Monocyte
Bacteroides_BPS,KEGG_MEDICUS_REFERENCE_GLYCOSAMINOGLYCAN_BIOSYNTHESIS_LINKAGE_TETRASACCHARIDE,-0.0136107706493965,0.0166235480888118,classical Monocyte
Bacteroides_BPS,KEGG_MEDICUS_REFERENCE_GNRH_GNRHR_PLCB_PKC_SIGNALING_PATHWAY,0.10447982168349,7.04659869106291e-76,classical Monocyte
Bacteroides_BPS,KEGG_MEDICUS_REFERENCE_GPCR_PI3K_SIGNALING_PATHWAY,-0.0169628302560733,0.00283736507962365,classical Monocyte
Bacteroides_BPS,KEGG_MEDICUS_REFERENCE_GPCR_PLCB_ITPR_SIGNALING_PATHWAY,0.0894647758131793,4.77371320882391e-56,classical Monocyte
Bacteroides_BPS,KEGG_MEDICUS_REFERENCE_GPI_ANCHOR_BIOSYNTHESIS,-0.027079794480608,1.88319381991085e-06,classical Monocyte
Bacteroides_BPS,KEGG_MEDICUS_REFERENCE_HEDGEHOG_SIGNALING_PATHWAY,-0.0100992822111518,0.0755654729949388,classical Monocyte
Bacteroides_BPS,KEGG_MEDICUS_REFERENCE_HEDGEHOG_SIGNALING_PATHWAY_HH_LIGAND_SECRETION,-0.00165316233477322,0.771147251299893,classical Monocyte
Bacteroides_BPS,KEGG_MEDICUS_REFERENCE_HEDGEHOG_SIGNALING_PATHWAY_PTCH_CORECEPTOR,-0.017307488708389,0.00232304962225516,classical Monocyte
Bacteroides_BPS,KEGG_MEDICUS_REFERENCE_HEME_BIOSYNTHESIS,-0.0362577196803118,1.75185425790788e-10,classical Monocyte
Bacteroides_BPS,KEGG_MEDICUS_REFERENCE_HEPARAN_SULFATE_BIOSYNTHESIS,0.00920565468271038,0.105281304046202,classical Monocyte
Bacteroides_BPS,KEGG_MEDICUS_REFERENCE_HEPARAN_SULFATE_DEGRADATION,-0.00609406296151569,0.283602359693221,classical Monocyte
Bacteroides_BPS,KEGG_MEDICUS_REFERENCE_HGF_MET_PI3K_SIGNALING_PATHWAY,0.0143550218559593,0.0115402256659026,classical Monocyte
Bacteroides_BPS,KEGG_MEDICUS_REFERENCE_HGF_MET_RAS_ERK_SIGNALING_PATHWAY,0.0641707556016758,1.27517517824295e-29,classical Monocyte
Bacteroides_BPS,KEGG_MEDICUS_REFERENCE_HIF_1_SIGNALING_PATHWAY,0.00102429251042474,0.856976247963508,classical Monocyte
Bacteroides_BPS,KEGG_MEDICUS_REFERENCE_HOMOLOGOUS_RECOMBINATION,-0.0187187090675922,0.000988250064159618,classical Monocyte
Bacteroides_BPS,KEGG_MEDICUS_REFERENCE_HOMOLOGOUS_RECOMBINATION_IN_ICLR,-0.0320570477330554,1.6818734445211e-08,classical Monocyte
Bacteroides_BPS,KEGG_MEDICUS_REFERENCE_HORMONE_LIKE_CYTOKINE_TO_JAK_STAT_SIGNALING_PATHWAY,0.0998716025400498,1.8406814757279e-69,classical Monocyte
Bacteroides_BPS,KEGG_MEDICUS_REFERENCE_HYDROLYSIS_OF_SPHINGOMYELIN,0.0244544095175781,1.68194031585574e-05,classical Monocyte
Bacteroides_BPS,KEGG_MEDICUS_REFERENCE_ICOSLG_ICOS_PI3K_SIGNALING_PATHWAY,0.00136162064772517,0.810657699698499,classical Monocyte
Bacteroides_BPS,KEGG_MEDICUS_REFERENCE_IFN_RIPK1_3_SIGNALING_PATHWAY,0.0304394648728699,8.45807050155375e-08,classical Monocyte
Bacteroides_BPS,KEGG_MEDICUS_REFERENCE_IGF2_IGF1R_PI3K_SIGNALING_PATHWAY,0.00863450038574537,0.128694282834914,classical Monocyte
Bacteroides_BPS,KEGG_MEDICUS_REFERENCE_IGF_IGF1R_PI3K_SIGNALING_PATHWAY,-0.00724897971787363,0.202140549724988,classical Monocyte
Bacteroides_BPS,KEGG_MEDICUS_REFERENCE_IGF_IGF1R_RAS_ERK_SIGNALING_PATHWAY,0.0635344232447323,4.55377581432735e-29,classical Monocyte
Bacteroides_BPS,KEGG_MEDICUS_REFERENCE_IGF_IGFR_PI3K_NFKB_SIGNALING_PATHWAY,0.00374026782051823,0.510471652049994,classical Monocyte
Bacteroides_BPS,KEGG_MEDICUS_REFERENCE_IGG_FCGR_RAC_SIGNALING_PATHWAY,-0.031083525621775,4.48826723568877e-08,classical Monocyte
Bacteroides_BPS,KEGG_MEDICUS_REFERENCE_II_BLOOD_GROUP_ANTIGEN_BIOSYNTHESIS,0.00578271671791212,0.308925562651766,classical Monocyte
Bacteroides_BPS,KEGG_MEDICUS_REFERENCE_IL10_FAMILY_TO_JAK_STAT_SIGNALING_PATHWAY,0.0194791872417476,0.00060873213152666,classical Monocyte
Bacteroides_BPS,KEGG_MEDICUS_REFERENCE_IL12_23_TO_JAK_STAT_SIGNALING_PATHWAY,0.0442014822549311,7.19160566158845e-15,classical Monocyte
Bacteroides_BPS,KEGG_MEDICUS_REFERENCE_IL1_IL1R_JNK_SIGNALING_PATHWAY,0.0164567216298731,0.0037824058112673,classical Monocyte
Bacteroides_BPS,KEGG_MEDICUS_REFERENCE_IL1_IL1R_P38_SIGNALING_PATHWAY,-0.00254600294120077,0.654174379484387,classical Monocyte
Bacteroides_BPS,KEGG_MEDICUS_REFERENCE_IL2_FAMILY_TO_JAK_STAT_SIGNALING_PATHWAY,0.0127541860732502,0.0248199319908947,classical Monocyte
Bacteroides_BPS,KEGG_MEDICUS_REFERENCE_IL6_FAMILY_TO_JAK_STAT_SIGNALING_PATHWAY,0.0483026734937098,1.83432379811277e-17,classical Monocyte
Bacteroides_BPS,KEGG_MEDICUS_REFERENCE_INACTIVATION_OF_CONDENSIN_I,0.00751883204719397,0.185848919746765,classical Monocyte
Bacteroides_BPS,KEGG_MEDICUS_REFERENCE_INTRINSIC_APOPTOTIC_PATHWAY,-0.0280795091857576,7.74953051869514e-07,classical Monocyte
Bacteroides_BPS,KEGG_MEDICUS_REFERENCE_IRE1A_JNK_SIGNALING_PATHWAY,0.0425819024626662,6.59468848791168e-14,classical Monocyte
Bacteroides_BPS,KEGG_MEDICUS_REFERENCE_ISOLEUCINE_DEGRADATION,-0.027524409259216,1.27350257017171e-06,classical Monocyte
Bacteroides_BPS,KEGG_MEDICUS_REFERENCE_ITGA_B_FAK_CDC42_SIGNALING_PATHWAY,0.0393006556463258,4.59250200277318e-12,classical Monocyte
Bacteroides_BPS,KEGG_MEDICUS_REFERENCE_ITGA_B_FAK_RAC_SIGNALING_PATHWAY,0.0374387705825754,4.40798915032643e-11,classical Monocyte
Bacteroides_BPS,KEGG_MEDICUS_REFERENCE_ITGA_B_RHOGAP_RHOA_SIGNALING_PATHWAY,0.0254918195822752,7.2565371139954e-06,classical Monocyte
Bacteroides_BPS,KEGG_MEDICUS_REFERENCE_ITGA_B_RHOGEF_RHOA_SIGNALING_PATHWAY,0.0265995021709908,2.85453948835457e-06,classical Monocyte
Bacteroides_BPS,KEGG_MEDICUS_REFERENCE_ITGA_B_RHOG_RAC_SIGNALING_PATHWAY,0.025253385351822,8.82815612464219e-06,classical Monocyte
Bacteroides_BPS,KEGG_MEDICUS_REFERENCE_ITGA_B_TALIN_VINCULIN_SIGNALING_PATHWAY,0.0452090989524188,1.73965099432659e-15,classical Monocyte
Bacteroides_BPS,KEGG_MEDICUS_REFERENCE_KEAP1_NRF2_SIGNALING_PATHWAY,-0.0136763581112228,0.0161074592795689,classical Monocyte
Bacteroides_BPS,KEGG_MEDICUS_REFERENCE_KERATAN_SULFATE_DEGRADATION,-0.00421568959343086,0.45823576077983,classical Monocyte
Bacteroides_BPS,KEGG_MEDICUS_REFERENCE_KINETOCHORE_FIBER_ORGANIZATION,-0.0631705130303359,9.37677525087862e-29,classical Monocyte
Bacteroides_BPS,KEGG_MEDICUS_REFERENCE_KINETOCHORE_MICROTUBULE_ATTACHMENT,-0.0667075357317053,7.03699655345959e-32,classical Monocyte
Bacteroides_BPS,KEGG_MEDICUS_REFERENCE_KISS1_KISS1R_PLCB_PKC_SIGNALING_PATHWAY,0.126415941820394,1.78393958291702e-110,classical Monocyte
Bacteroides_BPS,KEGG_MEDICUS_REFERENCE_KITLG_KIT_PI3K_SIGNALING_PATHWAY,0.0109286368279496,0.0544858149139611,classical Monocyte
Bacteroides_BPS,KEGG_MEDICUS_REFERENCE_KITLG_KIT_RAS_ERK_SIGNALING_PATHWAY,0.0651100914735548,1.9034416243731e-30,classical Monocyte
Bacteroides_BPS,KEGG_MEDICUS_REFERENCE_LECTIN_PATHWAY_OF_COAGULATION_CASCADE_PROTHROMBIN_TO_THROMBIN,0.0370589359564416,6.90204364922689e-11,classical Monocyte
Bacteroides_BPS,KEGG_MEDICUS_REFERENCE_LECTIN_PATHWAY_OF_COMPLEMENT_CASCADE_C4_C2_TO_C3_CONVERTASE_FORMATION,0.0347054331797124,1.00716527763542e-09,classical Monocyte
Bacteroides_BPS,KEGG_MEDICUS_REFERENCE_LESION_BYPASS_BY_TLS_AND_DSB_FORMATION,-0.0202334415099727,0.000370228137518971,classical Monocyte
Bacteroides_BPS,KEGG_MEDICUS_REFERENCE_LEUCINE_DEGRADATION,-0.0051672858833229,0.363249075512735,classical Monocyte
Bacteroides_BPS,KEGG_MEDICUS_REFERENCE_LHCGR_GNAS_PKA_SIGNALING_PATHWAY,0.0335820085884895,3.41214499170974e-09,classical Monocyte
Bacteroides_BPS,KEGG_MEDICUS_REFERENCE_LIGHT_HVEM_NFKB_SIGNALING_PATHWAY,-0.00846632976473006,0.136308458091595,classical Monocyte
Bacteroides_BPS,KEGG_MEDICUS_REFERENCE_LOADING_OF_THE_SMC5_SMC6_COMPLEX,-0.00513171136875262,0.366561995540777,classical Monocyte
Bacteroides_BPS,KEGG_MEDICUS_REFERENCE_LONG_PATCH_BER,-0.0304140716173399,8.66981743890486e-08,classical Monocyte
Bacteroides_BPS,KEGG_MEDICUS_REFERENCE_LPAR_GNB_G_RHO_SIGNALING_PATHWAY,-0.0123143578780714,0.0302503493014326,classical Monocyte
Bacteroides_BPS,KEGG_MEDICUS_REFERENCE_LPA_GNA12_13_RHOA_SIGNALING_PATHWAY,0.0453170001821324,1.49161321310846e-15,classical Monocyte
Bacteroides_BPS,KEGG_MEDICUS_REFERENCE_LPA_GNAQ_11_RHOA_SIGNALING_PATHWAY,0.0410852778649087,4.75864028858943e-13,classical Monocyte
Bacteroides_BPS,KEGG_MEDICUS_REFERENCE_LYSOSOMAL_CA2_RELEASE,-0.00781286335723896,0.169225571958566,classical Monocyte
Bacteroides_BPS,KEGG_MEDICUS_REFERENCE_MACHR_CA2_APOPTOTIC_PATHWAY,0.0784920472128253,1.63320522527214e-43,classical Monocyte
Bacteroides_BPS,KEGG_MEDICUS_REFERENCE_MAGI_PTEN_SIGNALING_PATHWAY,0.03786175464241,2.66155231306003e-11,classical Monocyte
Bacteroides_BPS,KEGG_MEDICUS_REFERENCE_MANNOSE_TYPE_O_GLYCAN_BIOSYNTHESIS_FKTN_TO_LARGE,-0.0180802331196295,0.00146523599905157,classical Monocyte
Bacteroides_BPS,KEGG_MEDICUS_REFERENCE_MANNOSE_TYPE_O_GLYCAN_BIOSYNTHESIS_POMT_TO_POMK,-0.0132820060157949,0.0194352474465111,classical Monocyte
Bacteroides_BPS,KEGG_MEDICUS_REFERENCE_MDA5_IRF7_3_SIGNALING_PATHWAY,0.00890455510382008,0.117163786354392,classical Monocyte
Bacteroides_BPS,KEGG_MEDICUS_REFERENCE_MDM2_P21_CELL_CYCLE_G1_S_N00066,0.0101994881080227,0.0727095716790684,classical Monocyte
Bacteroides_BPS,KEGG_MEDICUS_REFERENCE_MDM2_P21_CELL_CYCLE_G1_S_N00536,0.0156468979001205,0.00590078001884704,classical Monocyte
Bacteroides_BPS,KEGG_MEDICUS_REFERENCE_MEMBRANE_INITIATED_PROGESTERONE_SIGNALING_PATHWAY,0.0142755715040678,0.0120076732291785,classical Monocyte
Bacteroides_BPS,KEGG_MEDICUS_REFERENCE_METHIONINE_DEGRADATION,-0.0015394491015003,0.78649359094379,classical Monocyte
Bacteroides_BPS,KEGG_MEDICUS_REFERENCE_MEVALONATE_PATHWAY,-0.0378126275233975,2.82295753380773e-11,classical Monocyte
Bacteroides_BPS,KEGG_MEDICUS_REFERENCE_MGLUR1_TRPC3_SIGNALING_PATHWAY,0.122105182180384,3.81466830900581e-103,classical Monocyte
Bacteroides_BPS,KEGG_MEDICUS_REFERENCE_MGLUR5_CA2_APOPTOTIC_PATHWAY,0.0812675535935569,1.57771650226204e-46,classical Monocyte
Bacteroides_BPS,KEGG_MEDICUS_REFERENCE_MICROTUBULE_DEPOLYMERIZATION,-0.0724187266428501,2.78282258209372e-37,classical Monocyte
Bacteroides_BPS,KEGG_MEDICUS_REFERENCE_MICROTUBULE_DEPOLYMERIZATION_AT_THE_MINUS_ENDS,-0.0694493867001611,2.03573724913113e-34,classical Monocyte
Bacteroides_BPS,KEGG_MEDICUS_REFERENCE_MICROTUBULE_NUCLEATION,-0.0675230258330816,1.2675532089042e-32,classical Monocyte
Bacteroides_BPS,KEGG_MEDICUS_REFERENCE_MICROTUBULE_RHOA_SIGNALING_PATHWAY,-0.0158262218654198,0.00535603334876034,classical Monocyte
Bacteroides_BPS,KEGG_MEDICUS_REFERENCE_MISMATCH_REPAIR,-0.0264972480126968,3.11607333574301e-06,classical Monocyte
Bacteroides_BPS,KEGG_MEDICUS_REFERENCE_MITOCHONDRIAL_COMPLEX_UCP1_IN_THERMOGENESIS,-0.0627478325768713,2.15848548430179e-28,classical Monocyte
Bacteroides_BPS,KEGG_MEDICUS_REFERENCE_MLK_JNK_SIGNALING_PATHWAY,0.0115515039785388,0.0420971849408079,classical Monocyte
Bacteroides_BPS,KEGG_MEDICUS_REFERENCE_MODIFYING_OF_CONDENSIN_II_SUBUNITS,-0.0187996852859725,0.000939305379346167,classical Monocyte
Bacteroides_BPS,KEGG_MEDICUS_REFERENCE_MODIFYING_OF_CONDENSIN_I_SUBUNITS,-0.00746815549835184,0.188831952318469,classical Monocyte
Bacteroides_BPS,KEGG_MEDICUS_REFERENCE_MYOSTATIN_SIGNALING_PATHWAY,0.00471640319442238,0.406619602974022,classical Monocyte
Bacteroides_BPS,KEGG_MEDICUS_REFERENCE_NAD_BIOSYNTHESIS,0.0321022373584467,1.60584522184952e-08,classical Monocyte
Bacteroides_BPS,KEGG_MEDICUS_REFERENCE_NALP12_INFLAMMASOME_SIGNALING_PATHWAY,-0.0153724549927761,0.00683151791923993,classical Monocyte
Bacteroides_BPS,KEGG_MEDICUS_REFERENCE_NLRC4_INFLAMMASOME_SIGNALING_PATHWAY,-0.0234005697002663,3.82339628937381e-05,classical Monocyte
Bacteroides_BPS,KEGG_MEDICUS_REFERENCE_NLRP1_INFLAMMASOME_SIGNALING_PATHWAY,0.00243557435921864,0.668257567498772,classical Monocyte
Bacteroides_BPS,KEGG_MEDICUS_REFERENCE_NLRP3_INFLAMMASOME_SIGNALING_PATHWAY,-0.0238124850692432,2.78453949395272e-05,classical Monocyte
Bacteroides_BPS,KEGG_MEDICUS_REFERENCE_NODAL_SIGNALING_PATHWAY,0.0270921391284911,1.86299893573651e-06,classical Monocyte
Bacteroides_BPS,KEGG_MEDICUS_REFERENCE_NOD_NFKB_SIGNALING_PATHWAY,-0.00637160862074595,0.262246285759169,classical Monocyte
Bacteroides_BPS,KEGG_MEDICUS_REFERENCE_NON_CANONICAL_INFLAMMASOME_SIGNALING_PATHWAY,-0.02675926335314,2.48760523953334e-06,classical Monocyte
Bacteroides_BPS,KEGG_MEDICUS_REFERENCE_NON_HOMOLOGOUS_END_JOINING,0.0129613229310027,0.0225695124785304,classical Monocyte
Bacteroides_BPS,KEGG_MEDICUS_REFERENCE_NOTCH_LIGAND_UBIQUITYLATION,-0.00496618413024778,0.382223443153675,classical Monocyte
Bacteroides_BPS,KEGG_MEDICUS_REFERENCE_NOTCH_MESP2_SIGNALING,0.0191044831496309,0.000774513659828705,classical Monocyte
Bacteroides_BPS,KEGG_MEDICUS_REFERENCE_NOTCH_PROTEOLYTIC_ACTIVATION,0.00893507214340334,0.115913496115903,classical Monocyte
Bacteroides_BPS,KEGG_MEDICUS_REFERENCE_NOTCH_SIGNALING_PATHWAY,0.0513823358821046,1.47337973871626e-19,classical Monocyte
Bacteroides_BPS,KEGG_MEDICUS_REFERENCE_NRG_ERBB4_PI3K_SIGNALING_PATHWAY,0.0198461484788611,0.000478917292649064,classical Monocyte
Bacteroides_BPS,KEGG_MEDICUS_REFERENCE_NUCLEAR_EXPORT_OF_MRNA,-0.00688396305223771,0.225799775048747,classical Monocyte
Bacteroides_BPS,KEGG_MEDICUS_REFERENCE_NUCLEAR_INITIATED_ESTROGEN_SIGNALING_PATHWAY,0.0992458405947769,1.29933498511389e-68,classical Monocyte
Bacteroides_BPS,KEGG_MEDICUS_REFERENCE_NUCLEAR_INITIATED_PROGESTERONE_SIGNALING_PATHWAY,-0.0276878935143682,1.10124236744625e-06,classical Monocyte
Bacteroides_BPS,KEGG_MEDICUS_REFERENCE_N_GLYCAN_BIOSYNTHESIS,0.00257342120822871,0.650696418869074,classical Monocyte
Bacteroides_BPS,KEGG_MEDICUS_REFERENCE_N_GLYCAN_PRECURSOR_BIOSYNTHESIS_ALG6_TO_OST,-0.0259772679224472,4.842941257972e-06,classical Monocyte
Bacteroides_BPS,KEGG_MEDICUS_REFERENCE_N_GLYCAN_PRECURSOR_BIOSYNTHESIS_ALG7_TO_ALG11,-0.0163873195657117,0.00393223932925878,classical Monocyte
Bacteroides_BPS,KEGG_MEDICUS_REFERENCE_N_GLYCAN_PRECURSOR_BIOSYNTHESIS_GLC_6P_TO_MAN_P_DOL,-0.0327751400591919,8.00539990229438e-09,classical Monocyte
Bacteroides_BPS,KEGG_MEDICUS_REFERENCE_OKAZAKI_FRAGMENT_MATURATION,-0.0416226987006701,2.35888591270695e-13,classical Monocyte
Bacteroides_BPS,KEGG_MEDICUS_REFERENCE_ORGANIZATION_OF_THE_INNER_KINETOCHORE,-0.0079480247271383,0.161969202713917,classical Monocyte
Bacteroides_BPS,KEGG_MEDICUS_REFERENCE_ORGANIZATION_OF_THE_OUTER_KINETOCHORE,-0.0257968535664153,5.63292601180898e-06,classical Monocyte
Bacteroides_BPS,KEGG_MEDICUS_REFERENCE_ORIGIN_UNWINDING_AND_ELONGATION,-0.0335044581942822,3.70676768734887e-09,classical Monocyte
Bacteroides_BPS,KEGG_MEDICUS_REFERENCE_P15_CELL_CYCLE_G1_S,0.00897132216387171,0.114441977399259,classical Monocyte
Bacteroides_BPS,KEGG_MEDICUS_REFERENCE_P16_CELL_CYCLE_G1_S,0.0186999018424499,0.0009999506897262,classical Monocyte
Bacteroides_BPS,KEGG_MEDICUS_REFERENCE_P27_CELL_CYCLE_G1_S,-0.0221485253612497,9.71839088037057e-05,classical Monocyte
Bacteroides_BPS,KEGG_MEDICUS_REFERENCE_P300_P21_CELL_CYCLE_G1_S,0.0317362938371737,2.33140774511403e-08,classical Monocyte
Bacteroides_BPS,KEGG_MEDICUS_REFERENCE_P4_PR_PI3K_SIGNALING_PATHWAY,0.0138099091105993,0.0150999393918676,classical Monocyte
Bacteroides_BPS,KEGG_MEDICUS_REFERENCE_P4_PR_RAS_ERK_SIGNALING_PATHWAY,0.0632516514026231,7.98489304227189e-29,classical Monocyte
Bacteroides_BPS,KEGG_MEDICUS_REFERENCE_PDGF_PDGFR_PI3K_SIGNALING_PATHWAY,0.009688250143804,0.0882521999074304,classical Monocyte
Bacteroides_BPS,KEGG_MEDICUS_REFERENCE_PDGF_PDGFR_PLCG_CAMK_SIGNALING_PATHWAY,-0.00544814226112618,0.337755628937689,classical Monocyte
Bacteroides_BPS,KEGG_MEDICUS_REFERENCE_PDGF_PDGFR_RAS_ERK_SIGNALING_PATHWAY,0.0649078452612805,2.87341054282137e-30,classical Monocyte
Bacteroides_BPS,KEGG_MEDICUS_REFERENCE_PDL_PD1_SHP_PI3K_SIGNALING_PATHWAY,0.00796714792554222,0.160961796869396,classical Monocyte
Bacteroides_BPS,KEGG_MEDICUS_REFERENCE_PINK_PARKIN_MEDIATED_AUTOPHAGOSOME_FORMATION,-0.0152105872793523,0.00744040325469565,classical Monocyte
Bacteroides_BPS,KEGG_MEDICUS_REFERENCE_PKA_HOLOENZYME,0.0021094722119917,0.710516402878436,classical Monocyte
Bacteroides_BPS,KEGG_MEDICUS_REFERENCE_PKR_EIF2ALPHA_SIGNALING_PATHWAY,-0.0299440454136165,1.36539235039173e-07,classical Monocyte
Bacteroides_BPS,KEGG_MEDICUS_REFERENCE_PLASMIN_MEDIATED_ACTIVATION_OF_LATENT_TGF_BETA,-0.0171621831049961,0.00252847083532784,classical Monocyte
Bacteroides_BPS,KEGG_MEDICUS_REFERENCE_PP2A_AKT_SIGNALING_PATHWAY,-0.0104730817296569,0.0653593610817009,classical Monocyte
Bacteroides_BPS,KEGG_MEDICUS_REFERENCE_PRE_IC_FORMATION,-0.0286396901759751,4.6505724549464e-07,classical Monocyte
Bacteroides_BPS,KEGG_MEDICUS_REFERENCE_PRL_JAK_STAT_SIGNALING_PATHWAY,0.0502984648284688,8.32094733628989e-19,classical Monocyte
Bacteroides_BPS,KEGG_MEDICUS_REFERENCE_PRNP_PI3K_NOX2_SIGNALING_PATHWAY,0.0448773752688875,2.78530769030928e-15,classical Monocyte
Bacteroides_BPS,KEGG_MEDICUS_REFERENCE_PROK_PRKR_GI_ERK_SIGNALING_PATHWAY,0.0109729175976098,0.053514469808722,classical Monocyte
Bacteroides_BPS,KEGG_MEDICUS_REFERENCE_PROMOTION_OF_MICROTUBULE_GROWTH,-0.0478181172095309,3.81574330588429e-17,classical Monocyte
Bacteroides_BPS,KEGG_MEDICUS_REFERENCE_PTH_PTH1R_PKA_SIGNALING_PATHWAY,0.0335820085884895,3.41214499170974e-09,classical Monocyte
Bacteroides_BPS,KEGG_MEDICUS_REFERENCE_PURINE_SALVAGE_PATHWAY_ADENINE_TO_AMP,-0.0109081767919891,0.0549395702745726,classical Monocyte
Bacteroides_BPS,KEGG_MEDICUS_REFERENCE_PURINE_SALVAGE_PATHWAY_HYPOXANTHINE_GUANINE_TO_IMP_GMP,-0.00521730667604275,0.358622634098138,classical Monocyte
Bacteroides_BPS,KEGG_MEDICUS_REFERENCE_PYRIN_INFLAMMASOME_SIGNALING_PATHWAY,-0.0244551736021426,1.68091907198342e-05,classical Monocyte
Bacteroides_BPS,KEGG_MEDICUS_REFERENCE_RAB7_REGULATED_MICROTUBULE_MINUS_END_DIRECTED_TRANSPORT,-0.0808566408899843,4.47742122911801e-46,classical Monocyte
Bacteroides_BPS,KEGG_MEDICUS_REFERENCE_RAC_CDC42_PAK_ERK_SIGNALING_PATHWAY,0.0275338917999756,1.2628401235919e-06,classical Monocyte
Bacteroides_BPS,KEGG_MEDICUS_REFERENCE_RAD51_DSDNA_DESTABILIZATION,-0.00451240926932727,0.427216562382793,classical Monocyte
Bacteroides_BPS,KEGG_MEDICUS_REFERENCE_RECRUITMENT_AND_FORMATION_OF_THE_MCC,-0.0238196580066569,2.76908470182484e-05,classical Monocyte
Bacteroides_BPS,KEGG_MEDICUS_REFERENCE_REGULATION_OF_COMPLEMENT_CASCADE_MAC_INHIBITION,-0.0299084905112623,1.41273457481479e-07,classical Monocyte
Bacteroides_BPS,KEGG_MEDICUS_REFERENCE_REGULATION_OF_EXTRINSIC_APOPTOTIC_PATHWAY_XIAP,-0.00391356588130694,0.491077766934552,classical Monocyte
Bacteroides_BPS,KEGG_MEDICUS_REFERENCE_REGULATION_OF_FIBRINOLYTIC_SYSTEM_C1INH,-0.0482669588951332,1.93655202537113e-17,classical Monocyte
Bacteroides_BPS,KEGG_MEDICUS_REFERENCE_REGULATION_OF_FIBRINOLYTIC_SYSTEM_PAI,-0.00394298599058305,0.487825095524462,classical Monocyte
Bacteroides_BPS,KEGG_MEDICUS_REFERENCE_REGULATION_OF_GF_RTK_RAS_ERK_SIGNALING_MRAS_SHOC2_PP1_HOLOPHOSPHATASE,0.00912968697247488,0.108185078766291,classical Monocyte
Bacteroides_BPS,KEGG_MEDICUS_REFERENCE_REGULATION_OF_GF_RTK_RAS_ERK_SIGNALING_PATHWAY_ADAPTOR_PROTEINS,0.0812230079619796,1.76704825361574e-46,classical Monocyte
Bacteroides_BPS,KEGG_MEDICUS_REFERENCE_REGULATION_OF_GF_RTK_RAS_ERK_SIGNALING_PTP,0.0126778527789584,0.0256969413763834,classical Monocyte
Bacteroides_BPS,KEGG_MEDICUS_REFERENCE_REGULATION_OF_GF_RTK_RAS_ERK_SIGNALING_RASGAP,0.0263397776458221,3.56428263179092e-06,classical Monocyte
Bacteroides_BPS,KEGG_MEDICUS_REFERENCE_REGULATION_OF_GF_RTK_RAS_ERK_SIGNALING_RAS_UBIQUITINATION_BY_CUL3_COMPLEX,0.0176107403308343,0.00194270118251731,classical Monocyte
Bacteroides_BPS,KEGG_MEDICUS_REFERENCE_REGULATION_OF_GF_RTK_RAS_ERK_SIGNALING_SPRED_AND_NF1,0.0173972769818987,0.00220387467692308,classical Monocyte
Bacteroides_BPS,KEGG_MEDICUS_REFERENCE_REGULATION_OF_GF_RTK_RAS_ERK_SIGNALING_UBIQUITINATION_OF_RTK_BY_CBL,-0.0155054470818264,0.00636517018981757,classical Monocyte
Bacteroides_BPS,KEGG_MEDICUS_REFERENCE_REGULATION_OF_NLRP3_INFLAMMASOME_SIGNALING_PATHWAY_NLRP3_INHIBITION,-0.0145016150846684,0.0107199592380033,classical Monocyte
Bacteroides_BPS,KEGG_MEDICUS_REFERENCE_REGULATION_OF_SERCA,-0.0289462828212433,3.50265279834567e-07,classical Monocyte
Bacteroides_BPS,KEGG_MEDICUS_REFERENCE_REGULATION_OF_TNF_NFKB_SIGNALING_PATHWAY_LUBAC_MEDIATED_LINEAR_UBIQUITINATION,-0.0323250486669459,1.2771973830669e-08,classical Monocyte
Bacteroides_BPS,KEGG_MEDICUS_REFERENCE_RELN_VLDLR_PI3K_SIGNALING_PATHWAY,-0.00451858796538661,0.426583915952244,classical Monocyte
Bacteroides_BPS,KEGG_MEDICUS_REFERENCE_RETROGRADE_AXONAL_TRANSPORT,-0.0753297083067507,3.31379321479485e-40,classical Monocyte
Bacteroides_BPS,KEGG_MEDICUS_REFERENCE_RIG_I_IRF7_3_SIGNALING_PATHWAY,0.0164636884577533,0.00376765522121917,classical Monocyte
Bacteroides_BPS,KEGG_MEDICUS_REFERENCE_RIG_I_NFKB_SIGNALING_PATHWAY,-0.00049152879211966,0.931081171874068,classical Monocyte
Bacteroides_BPS,KEGG_MEDICUS_REFERENCE_RORA_MEDIATED_TRANSCRIPTION,-0.00764184579033418,0.178752984508897,classical Monocyte
Bacteroides_BPS,KEGG_MEDICUS_REFERENCE_RTK_PLCG_ITPR_SIGNALING_PATHWAY,0.0232229319472453,4.37679790528773e-05,classical Monocyte
Bacteroides_BPS,KEGG_MEDICUS_REFERENCE_SIALYL_LEWIS_X_ANTIGEN_BIOSYNTHESIS,0.0055055286295919,0.332691584402562,classical Monocyte
Bacteroides_BPS,KEGG_MEDICUS_REFERENCE_SKELETAL_TYPE_VGCC_RYR_SIGNALING,0.0105606143439787,0.0631413517533922,classical Monocyte
Bacteroides_BPS,KEGG_MEDICUS_REFERENCE_SPINDLE_ASSEMBLY_CHECKPOINT_SIGNALING,-0.0428314609817376,4.71172220639359e-14,classical Monocyte
Bacteroides_BPS,KEGG_MEDICUS_REFERENCE_STRAD_STK11_TSC_SIGNALING_PATHWAY,-0.0265792679720201,2.90456094747938e-06,classical Monocyte
Bacteroides_BPS,KEGG_MEDICUS_REFERENCE_TAC3_TACR3_PLC_PKC_SIGNALING_PATHWAY,0.126831511095375,3.39567718009791e-111,classical Monocyte
Bacteroides_BPS,KEGG_MEDICUS_REFERENCE_TBK1_MEDIATED_AUTOPHAGOSOME_FORMATION,-0.00320332337843846,0.573007951953729,classical Monocyte
Bacteroides_BPS,KEGG_MEDICUS_REFERENCE_TCR_PLCG_ITPR_SIGNALING_PATHWAY,0.0310604081771407,4.59251198357534e-08,classical Monocyte
Bacteroides_BPS,KEGG_MEDICUS_REFERENCE_TELOMERASE_RNA_MATURATION,-0.0086925189093088,0.126145492658252,classical Monocyte
Bacteroides_BPS,KEGG_MEDICUS_REFERENCE_TELOMERE_ELONGATION,-0.0313538371354741,3.4273730551891e-08,classical Monocyte
Bacteroides_BPS,KEGG_MEDICUS_REFERENCE_TESTOSTERONE_BIOSYNTHESIS,-0.00582151294968564,0.305691003282467,classical Monocyte
Bacteroides_BPS,KEGG_MEDICUS_REFERENCE_TETHERING_OF_LATE_ENDOSOMES_AND_LYSOSOMES,0.0223361374515895,8.47553313844892e-05,classical Monocyte
Bacteroides_BPS,KEGG_MEDICUS_REFERENCE_TGFA_EGFR_PI3K_SIGNALING_PATHWAY,0.0171787701843722,0.00250420883736807,classical Monocyte
Bacteroides_BPS,KEGG_MEDICUS_REFERENCE_TGFA_EGFR_PLCG_PKC_SIGNALING_PATHWAY,0.0562438483969529,4.00109307539648e-23,classical Monocyte
Bacteroides_BPS,KEGG_MEDICUS_REFERENCE_TGFA_EGFR_RAS_ERK_SIGNALING_PATHWAY,0.0654395283857228,9.70544045679423e-31,classical Monocyte
Bacteroides_BPS,KEGG_MEDICUS_REFERENCE_TGF_BETA_SIGNALING_PATHWAY,0.00756003566843911,0.183449295261037,classical Monocyte
Bacteroides_BPS,KEGG_MEDICUS_REFERENCE_THYROID_HORMONE_SIGNALING_PATHWAY,0.0106119898772382,0.0618687597385455,classical Monocyte
Bacteroides_BPS,KEGG_MEDICUS_REFERENCE_TIGHT_JUNCTION_ACTIN_SIGNALING_PATHWAY,0.0609265137722068,7.35919059232381e-27,classical Monocyte
Bacteroides_BPS,KEGG_MEDICUS_REFERENCE_TLR1_2_4_NFKB_SIGNALING_PATHWAY,0.0182551467202438,0.00131692485118346,classical Monocyte
Bacteroides_BPS,KEGG_MEDICUS_REFERENCE_TLR2_4_MAPK_SIGNALING_PATHWAY,0.048269827198495,1.92813838848842e-17,classical Monocyte
Bacteroides_BPS,KEGG_MEDICUS_REFERENCE_TLR3_IRF3_SIGNALING_PATHWAY,0.037387645964074,4.6834156107227e-11,classical Monocyte
Bacteroides_BPS,KEGG_MEDICUS_REFERENCE_TLR3_IRF7_SIGNALING_PATHWAY,-0.0302920041781994,9.76143611028146e-08,classical Monocyte
Bacteroides_BPS,KEGG_MEDICUS_REFERENCE_TLR3_NFKB_SIGNALING_PATHWAY,-0.00683153300660072,0.229354171469067,classical Monocyte
Bacteroides_BPS,KEGG_MEDICUS_REFERENCE_TLR4_IRF3_7_SIGNALING_PATHWAY,-0.0147824629514927,0.00929197924604614,classical Monocyte
Bacteroides_BPS,KEGG_MEDICUS_REFERENCE_TLR5_NFKB_SIGNALING_PATHWAY,-0.0114275604172139,0.0443520737997563,classical Monocyte
Bacteroides_BPS,KEGG_MEDICUS_REFERENCE_TLR7_8_9_IRF5_SIGNALING_PATHWAY,-0.0408960768906378,6.07949176070078e-13,classical Monocyte
Bacteroides_BPS,KEGG_MEDICUS_REFERENCE_TLR7_9_IRF7_SIGNALING_PATHWAY,-0.0542023585061313,1.37512129383087e-21,classical Monocyte
Bacteroides_BPS,KEGG_MEDICUS_REFERENCE_TNFSF10_RIPK1_3_SIGNALING_PATHWAY,-0.030240328334836,1.02626256417474e-07,classical Monocyte
Bacteroides_BPS,KEGG_MEDICUS_REFERENCE_TNF_JNK_SIGNALING_PATHWAY,0.0208655263799047,0.000240947285219674,classical Monocyte
Bacteroides_BPS,KEGG_MEDICUS_REFERENCE_TNF_NFKB_SIGNALING_PATHWAY,-0.0106651820073334,0.0605736101538706,classical Monocyte
Bacteroides_BPS,KEGG_MEDICUS_REFERENCE_TNF_P38_SIGNALING_PATHWAY,0.0281274721618488,7.42074546412693e-07,classical Monocyte
Bacteroides_BPS,KEGG_MEDICUS_REFERENCE_TNF_RIPK1_3_SIGNALING_PATHWAY,-0.0244601675990982,1.67425884005578e-05,classical Monocyte
Bacteroides_BPS,KEGG_MEDICUS_REFERENCE_TRAIP_DEPENDENT_REPLISOME_DISASSEMBLY,-0.0413845528354576,3.22281168889133e-13,classical Monocyte
Bacteroides_BPS,KEGG_MEDICUS_REFERENCE_TRANSCRIPTIONAL_ACTIVATION_BY_ACETYLATION_OF_H3K27,0.00137161413144848,0.809294711358685,classical Monocyte
Bacteroides_BPS,KEGG_MEDICUS_REFERENCE_TRANSCRIPTION_COUPLED_NER,-0.0642726882199059,1.03874621394367e-29,classical Monocyte
Bacteroides_BPS,KEGG_MEDICUS_REFERENCE_TRANSLATION_INITIATION,0.0864142111913087,2.13221188404751e-52,classical Monocyte
Bacteroides_BPS,KEGG_MEDICUS_REFERENCE_TRAPPI_RAB1_SIGNALING_PATHWAY,-0.0270338325385131,1.96024925268671e-06,classical Monocyte
Bacteroides_BPS,KEGG_MEDICUS_REFERENCE_TRH_TRHR_PLCB_PKC_SIGNALING_PATHWAY,0.126680996727259,6.1965121008171e-111,classical Monocyte
Bacteroides_BPS,KEGG_MEDICUS_REFERENCE_TSC1_2_MTORC1_SIGNALING_PATHWAY,-0.0339626231246305,2.26647415173039e-09,classical Monocyte
Bacteroides_BPS,KEGG_MEDICUS_REFERENCE_TSH_DUOX2_TG_SIGNALING_PATHWAY,0.127219635362805,7.17556340514429e-112,classical Monocyte
Bacteroides_BPS,KEGG_MEDICUS_REFERENCE_TSH_TG_SIGNALING_PATHWAY,0.045562234912057,1.05013299581244e-15,classical Monocyte
Bacteroides_BPS,KEGG_MEDICUS_REFERENCE_TYPE_II_INTERFERON_TO_JAK_STAT_SIGNALING_PATHWAY,0.0297171494686299,1.69605769235936e-07,classical Monocyte
Bacteroides_BPS,KEGG_MEDICUS_REFERENCE_TYPE_I_IFN_SIGNALING_PATHWAY,-0.0166250318502259,0.00344034600673385,classical Monocyte
Bacteroides_BPS,KEGG_MEDICUS_REFERENCE_TYPE_I_INTERFERON_TO_JAK_STAT_SIGNALING_PATHWAY,-0.000537851559364569,0.924604639190522,classical Monocyte
Bacteroides_BPS,KEGG_MEDICUS_REFERENCE_TYROSINE_DEGRADATION,-0.0202674929344588,0.000361867352577562,classical Monocyte
Bacteroides_BPS,KEGG_MEDICUS_REFERENCE_UCHL1_MEDIATED_HYDROLYSIS,0.0384748991952758,1.26859231760113e-11,classical Monocyte
Bacteroides_BPS,KEGG_MEDICUS_REFERENCE_UREA_CYCLE,-0.00558997559064268,0.32532922584989,classical Monocyte
Bacteroides_BPS,KEGG_MEDICUS_REFERENCE_VALINE_DEGRADATION,-0.00149521641539262,0.792485920907753,classical Monocyte
Bacteroides_BPS,KEGG_MEDICUS_REFERENCE_VGCC_CA2_APOPTOTIC_PATHWAY,0.00220961329969736,0.697437012716787,classical Monocyte
Bacteroides_BPS,KEGG_MEDICUS_REFERENCE_V_D_J_RECOMBINATION,0.00982528739871063,0.0838442221848926,classical Monocyte
Bacteroides_BPS,KEGG_MEDICUS_REFERENCE_WEE1_CELL_CYCLE_G2_M,0.0330021191946538,6.31050678509144e-09,classical Monocyte
Bacteroides_BPS,KEGG_MEDICUS_REFERENCE_WNT5A_ROR_SIGNALING_PATHWAY,-0.0418017486158568,1.86343356936441e-13,classical Monocyte
Bacteroides_BPS,KEGG_MEDICUS_REFERENCE_WNT_SIGNALING_MODULATION_LGR_RSPO,-0.0370269804075399,7.16595315848287e-11,classical Monocyte
Bacteroides_BPS,KEGG_MEDICUS_REFERENCE_WNT_SIGNALING_MODULATION_SOST_LRP4,-0.0366249627366523,1.14587272299606e-10,classical Monocyte
Bacteroides_BPS,KEGG_MEDICUS_REFERENCE_WNT_SIGNALING_MODULATION_WNT_ACYLATION,-0.0427763267375091,5.07585919855296e-14,classical Monocyte
Bacteroides_BPS,KEGG_MEDICUS_REFERENCE_WNT_SIGNALING_MODULATION_WNT_INHIBITOR,-0.0401701660930864,1.54036757155989e-12,classical Monocyte
Bacteroides_BPS,KEGG_MEDICUS_REFERENCE_WNT_SIGNALING_PATHWAY,-0.000726072046678714,0.898344766562288,classical Monocyte
Bacteroides_BPS,KEGG_MEDICUS_VARIANT_AML1_ETO_FUSION_TO_PU.1_MEDIATED_TRANSCRIPTION,0.0247598043883341,1.31759535653067e-05,classical Monocyte
Bacteroides_BPS,KEGG_MEDICUS_VARIANT_AMPLIFIED_CCND1_TO_CELL_CYCLE_G1_S,0.025752701292549,5.84426602937315e-06,classical Monocyte
Bacteroides_BPS,KEGG_MEDICUS_VARIANT_AMPLIFIED_CCNE_TO_CELL_CYCLE_G1_S,0.0290380118279418,3.21607202154897e-07,classical Monocyte
Bacteroides_BPS,KEGG_MEDICUS_VARIANT_AMPLIFIED_CDK4_TO_CELL_CYCLE_G1_S,0.0194058279844679,0.000638329993410928,classical Monocyte
Bacteroides_BPS,KEGG_MEDICUS_VARIANT_AMPLIFIED_EGFR_TO_PI3K_SIGNALING_PATHWAY,0.0168996524383523,0.00294222167451428,classical Monocyte
Bacteroides_BPS,KEGG_MEDICUS_VARIANT_AMPLIFIED_EGFR_TO_PLCG_CAMK_SIGNALING_PATHWAY,-0.00525362721664427,0.355286659998388,classical Monocyte
Bacteroides_BPS,KEGG_MEDICUS_VARIANT_AMPLIFIED_FGFR_TO_PI3K_SIGNALING_PATHWAY,0.0154949498948766,0.00640091005157052,classical Monocyte
Bacteroides_BPS,KEGG_MEDICUS_VARIANT_AMPLIFIED_FGFR_TO_RAS_ERK_SIGNALING_PATHWAY,0.0648137978055981,3.47841170683965e-30,classical Monocyte
Bacteroides_BPS,KEGG_MEDICUS_VARIANT_AMPLIFIED_MDM2_TO_P21_CELL_CYCLE_G1_S,0.0103115410327821,0.0696212838655969,classical Monocyte
Bacteroides_BPS,KEGG_MEDICUS_VARIANT_AMPLIFIED_MET_TO_PI3K_SIGNALING_PATHWAY,0.020804514121894,0.00025127570067753,classical Monocyte
Bacteroides_BPS,KEGG_MEDICUS_VARIANT_AMPLIFIED_MYCN_TO_TRANSCRIPTIONAL_ACTIVATION,0.00215539486581279,0.704507597898476,classical Monocyte
Bacteroides_BPS,KEGG_MEDICUS_VARIANT_AMPLIFIED_MYCN_TO_TRANSCRIPTIONAL_REPRESSION,-0.00225489671286762,0.691551673357055,classical Monocyte
Bacteroides_BPS,KEGG_MEDICUS_VARIANT_AMPLIFIED_MYC_TO_CELL_CYCLE_G1_S,0.0105524245310346,0.0633462020818128,classical Monocyte
Bacteroides_BPS,KEGG_MEDICUS_VARIANT_AMPLIFIED_MYC_TO_P27_CELL_CYCLE_G1_S,-0.0258288146984625,5.48452582736351e-06,classical Monocyte
Bacteroides_BPS,KEGG_MEDICUS_VARIANT_AMPLIFIED_PDGFR_TO_PI3K_SIGNALING_PATHWAY,0.0168996524383523,0.00294222167451428,classical Monocyte
Bacteroides_BPS,KEGG_MEDICUS_VARIANT_AMPLIFIED_PDGFR_TO_PLCG_CAMK_SIGNALING_PATHWAY,-0.00525362721664427,0.355286659998388,classical Monocyte
Bacteroides_BPS,KEGG_MEDICUS_VARIANT_AMPLIFIED_PDGFR_TO_RAS_ERK_SIGNALING_PATHWAY,0.0652148896733412,1.5368903876421e-30,classical Monocyte
Bacteroides_BPS,KEGG_MEDICUS_VARIANT_AMPLIFIED_REL_TO_TRANSCRIPTION,-0.00759930556474106,0.181183722866286,classical Monocyte
Bacteroides_BPS,KEGG_MEDICUS_VARIANT_BCL2_OVEREXPRESSION_TO_INTRINSIC_APOPTOTIC_PATHWAY,-0.0137089016029267,0.0158566514011375,classical Monocyte
Bacteroides_BPS,KEGG_MEDICUS_VARIANT_BCR_ABL_FUSION_KINASE_TO_PI3K_SIGNALING_PATHWAY,0.0162918113698487,0.00414724928433241,classical Monocyte
Bacteroides_BPS,KEGG_MEDICUS_VARIANT_BCR_ABL_FUSION_KINASE_TO_RAS_ERK_SIGNALING_PATHWAY,0.0640532495237703,1.61459224292703e-29,classical Monocyte
Bacteroides_BPS,KEGG_MEDICUS_VARIANT_CDH1_REDUCED_EXPRESSION_TO_BETA_CATENIN_SIGNALING_PATHWAY,0.0149537590808974,0.00850676356479048,classical Monocyte
Bacteroides_BPS,KEGG_MEDICUS_VARIANT_CDX2_OVEREXPRESSION_TO_TRANSCRIPTIONAL_ACTIVATION,-0.0250808787240271,1.0162730075445e-05,classical Monocyte
Bacteroides_BPS,KEGG_MEDICUS_VARIANT_CYP11B1_CYP11B2_FUSION_TO_ACTH_CORTISOL_SIGNALING_PATHWAY,0.038846918043058,8.04708764216526e-12,classical Monocyte
Bacteroides_BPS,KEGG_MEDICUS_VARIANT_DELETED_DMD_TO_DYSTROPHIN_ASSOCIATED_PROTEIN_COMPLEX,0.062131440257603,7.20888229095109e-28,classical Monocyte
Bacteroides_BPS,KEGG_MEDICUS_VARIANT_DUPLICATION_OR_MUTATION_ACTIVATED_FLT3_TO_JAK_STAT_SIGNALING_PATHWAY,-0.00508681033872429,0.370770260951125,classical Monocyte
Bacteroides_BPS,KEGG_MEDICUS_VARIANT_DUPLICATION_OR_MUTATION_ACTIVATED_FLT3_TO_RAS_ERK_SIGNALING_PATHWAY,0.0631411215678391,9.93825618249453e-29,classical Monocyte
Bacteroides_BPS,KEGG_MEDICUS_VARIANT_DUPLICATION_OR_MUTATION_ACTIVATED_FLT3_TO_RAS_PI3K_SIGNALING_PATHWAY,0.0663196917954323,1.57860333574925e-31,classical Monocyte
Bacteroides_BPS,KEGG_MEDICUS_VARIANT_EGFR_OVEREXPRESSION_TO_PI3K_SIGNALING_PATHWAY,0.0111754041181631,0.0492550957102586,classical Monocyte
Bacteroides_BPS,KEGG_MEDICUS_VARIANT_EGF_OVEREXPRESSION_TO_PI3K_SIGNALING_PATHWAY,0.0183364764850145,0.00125279484605891,classical Monocyte
Bacteroides_BPS,KEGG_MEDICUS_VARIANT_EGF_OVEREXPRESSION_TO_RAS_ERK_SIGNALING_PATHWAY,0.0651400955237797,1.7904332219618e-30,classical Monocyte
Bacteroides_BPS,KEGG_MEDICUS_VARIANT_EML4_ALK_FUSION_KINASE_TO_JAK_STAT_SIGNALING_PATHWAY,0.00931015350188668,0.10138840734298,classical Monocyte
Bacteroides_BPS,KEGG_MEDICUS_VARIANT_EML4_ALK_FUSION_KINASE_TO_PI3K_SIGNALING_PATHWAY,0.0112906691294119,0.0469601229559835,classical Monocyte
Bacteroides_BPS,KEGG_MEDICUS_VARIANT_EML4_ALK_FUSION_KINASE_TO_PLCG_ERK_SIGNALING_PATHWAY,0.043639546734555,1.56562914926375e-14,classical Monocyte
Bacteroides_BPS,KEGG_MEDICUS_VARIANT_EML4_ALK_FUSION_KINASE_TO_RAS_ERK_SIGNALING_PATHWAY,0.0128868143827363,0.0233577031415151,classical Monocyte
Bacteroides_BPS,KEGG_MEDICUS_VARIANT_ERBB2_OVEREXPRESSION_TO_EGF_JAK_STAT_SIGNALING_PATHWAY,0.00864880245532006,0.128062297655875,classical Monocyte
Bacteroides_BPS,KEGG_MEDICUS_VARIANT_ERBB2_OVEREXPRESSION_TO_PI3K_SIGNALING_PATHWAY,0.0105709622636609,0.0628833043085761,classical Monocyte
Bacteroides_BPS,KEGG_MEDICUS_VARIANT_ESR1_POSITIVE_TO_NUCLEAR_INITIATED_ESTROGEN_SIGNALING_PATHWAY,0.0462725430750693,3.76066941387308e-16,classical Monocyte
Bacteroides_BPS,KEGG_MEDICUS_VARIANT_EWSR1_WT1_FUSION_TO_TRANSCRIPTIONAL_ACTIVATION,-0.0274117611489337,1.4069798189731e-06,classical Monocyte
Bacteroides_BPS,KEGG_MEDICUS_VARIANT_FUS_DDIT3_FUSION_TO_NFKB_MEDIATED_TRANSCRIPTION,0.00752141323485246,0.185697918053749,classical Monocyte
Bacteroides_BPS,KEGG_MEDICUS_VARIANT_FZD7_OVEREXPRESSION_TO_WNT_SIGNALING_PATHWAY,0.00585507291960378,0.302911186766494,classical Monocyte
Bacteroides_BPS,KEGG_MEDICUS_VARIANT_HRAS_OVEREXPRESSION_TO_ERK_SIGNALING_PATHWAY,0.0219236581487086,0.000114347938824558,classical Monocyte
Bacteroides_BPS,KEGG_MEDICUS_VARIANT_IGF2_OVEREXPRESSION_TO_RAS_ERK_SIGNALING_PATHWAY,0.0635891252339862,4.0838070398744e-29,classical Monocyte
Bacteroides_BPS,KEGG_MEDICUS_VARIANT_IGH_MMSET_FUSION_TO_TRANSCRIPTIONAL_ACTIVATION,-0.0121107281661695,0.0330920984580202,classical Monocyte
Bacteroides_BPS,KEGG_MEDICUS_VARIANT_LMO2_REARRANGEMENT_TO_TRANSCRIPTIONAL_ACTIVATION,-0.0417752516797362,1.9297166400124e-13,classical Monocyte
Bacteroides_BPS,KEGG_MEDICUS_VARIANT_LMO2_REARRANGEMENT_TO_TRANSCRIPTIONAL_REPRESSION,-0.0428145302650986,4.82071988583796e-14,classical Monocyte
Bacteroides_BPS,KEGG_MEDICUS_VARIANT_LOSS_OF_CDKN1B_TO_P27_CELL_CYCLE_G1_S,0.0141209954306348,0.0129654485642088,classical Monocyte
Bacteroides_BPS,KEGG_MEDICUS_VARIANT_LOSS_OF_NKX3_1_TO_PI3K_SIGNALING_PATHWAY,-0.0213513564440724,0.000171821495587235,classical Monocyte
Bacteroides_BPS,KEGG_MEDICUS_VARIANT_LOSS_OF_RASSF1_TO_RAS_RASSF1_SIGNALING_PATHWAY,0.0207246199249202,0.000265429083860172,classical Monocyte
Bacteroides_BPS,KEGG_MEDICUS_VARIANT_LOSS_OF_VHL_TO_HIF_1_SIGNALING_PATHWAY,-0.0122936785117386,0.030529038899161,classical Monocyte
Bacteroides_BPS,KEGG_MEDICUS_VARIANT_LRP6_OVEREXPRESSION_TO_WNT_SIGNALING_PATHWAY,-0.000402390660448563,0.943556334062655,classical Monocyte
Bacteroides_BPS,KEGG_MEDICUS_VARIANT_MET_OVEREXPRESSION_TO_RAS_ERK_SIGNALING_PATHWAY,0.065109697852589,1.90497026568939e-30,classical Monocyte
Bacteroides_BPS,KEGG_MEDICUS_VARIANT_MLL_AF4_FUSION_TO_TRANSCRIPTIONAL_ACTIVATION,0.048336558063851,1.7422639166795e-17,classical Monocyte
Bacteroides_BPS,KEGG_MEDICUS_VARIANT_MLL_ENL_FUSION_TO_TRANSCRIPTIONAL_ACTIVATION,-0.00617310655263849,0.277403718199421,classical Monocyte
Bacteroides_BPS,KEGG_MEDICUS_VARIANT_MUTATION_ACTIVATED_BRAF_TO_ERK_SIGNALING_PATHWAY,0.0194184579027625,0.00063314069604159,classical Monocyte
Bacteroides_BPS,KEGG_MEDICUS_VARIANT_MUTATION_ACTIVATED_CACNA1D_H_TO_ANGIOTENSIN_ALDOSTERONE_SIGNALING_PATHWAY,0.00703353318459887,0.21587650155963,classical Monocyte
Bacteroides_BPS,KEGG_MEDICUS_VARIANT_MUTATION_ACTIVATED_EGFR_TO_PI3K_SIGNALING_PATHWAY,0.0112906691294119,0.0469601229559835,classical Monocyte
Bacteroides_BPS,KEGG_MEDICUS_VARIANT_MUTATION_ACTIVATED_EGFR_TO_PLCG_ERK_SIGNALING_PATHWAY,0.043639546734555,1.56562914926375e-14,classical Monocyte
Bacteroides_BPS,KEGG_MEDICUS_VARIANT_MUTATION_ACTIVATED_EGFR_TO_RAS_ERK_SIGNALING_PATHWAY,0.0646527160810908,4.82208213291122e-30,classical Monocyte
Bacteroides_BPS,KEGG_MEDICUS_VARIANT_MUTATION_ACTIVATED_FGFR3_TO_RAS_ERK_SIGNALING_PATHWAY,0.0684065042621311,1.93339461426112e-33,classical Monocyte
Bacteroides_BPS,KEGG_MEDICUS_VARIANT_MUTATION_ACTIVATED_GNAS_TO_ACTH_CORTISOL_SIGNALING_PATHWAY,0.0402204908247294,1.44497056426987e-12,classical Monocyte
Bacteroides_BPS,KEGG_MEDICUS_VARIANT_MUTATION_ACTIVATED_GNAS_TO_CRHR_PKA_ACTH_SIGNALING_PATHWAY,0.0403773097496811,1.18337579289392e-12,classical Monocyte
Bacteroides_BPS,KEGG_MEDICUS_VARIANT_MUTATION_ACTIVATED_KCNJ5_TO_ANGIOTENSIN_ALDOSTERONE_SIGNALING_PATHWAY,0.00703353318459887,0.21587650155963,classical Monocyte
Bacteroides_BPS,KEGG_MEDICUS_VARIANT_MUTATION_ACTIVATED_KIT_TO_PI3K_SIGNALING_PATHWAY,0.011083704929522,0.0511474188037895,classical Monocyte
Bacteroides_BPS,KEGG_MEDICUS_VARIANT_MUTATION_ACTIVATED_KIT_TO_RAS_ERK_SIGNALING_PATHWAY,0.0651100914735548,1.9034416243731e-30,classical Monocyte
Bacteroides_BPS,KEGG_MEDICUS_VARIANT_MUTATION_ACTIVATED_KRAS_NRAS_TO_ERK_SIGNALING_PATHWAY,0.0135588751254619,0.0170421323713595,classical Monocyte
Bacteroides_BPS,KEGG_MEDICUS_VARIANT_MUTATION_ACTIVATED_KRAS_NRAS_TO_PI3K_SIGNALING_PATHWAY,0.0110141136943991,0.0526238162791664,classical Monocyte
Bacteroides_BPS,KEGG_MEDICUS_VARIANT_MUTATION_ACTIVATED_LRRK2_TO_INTRINSIC_APOPTOTIC_PATHWAY,0.0939003862113051,1.39263240920689e-61,classical Monocyte
Bacteroides_BPS,KEGG_MEDICUS_VARIANT_MUTATION_ACTIVATED_MET_TO_PI3K_SIGNALING_PATHWAY,0.0153197801417791,0.00702455904109526,classical Monocyte
Bacteroides_BPS,KEGG_MEDICUS_VARIANT_MUTATION_ACTIVATED_MET_TO_RAS_ERK_SIGNALING_PATHWAY,0.0645475854257861,5.96522488310998e-30,classical Monocyte
Bacteroides_BPS,KEGG_MEDICUS_VARIANT_MUTATION_ACTIVATED_PI3K_TO_PI3K_SIGNALING_PATHWAY,-0.00770255547266841,0.175326175964838,classical Monocyte
Bacteroides_BPS,KEGG_MEDICUS_VARIANT_MUTATION_ACTIVATED_PRKACA_TO_ACTH_CORTISOL_SIGNALING_PATHWAY,0.0209093717480144,0.000233772368908799,classical Monocyte
Bacteroides_BPS,KEGG_MEDICUS_VARIANT_MUTATION_ACTIVATED_PRKCG_TO_MGLUR1_TRPC3_SIGNALING_PATHWAY,0.12279740706453,2.64232407782654e-104,classical Monocyte
Bacteroides_BPS,KEGG_MEDICUS_VARIANT_MUTATION_ACTIVATED_RET_TO_PI3K_SIGNALING_PATHWAY,0.0162682447742577,0.00420191795241381,classical Monocyte
Bacteroides_BPS,KEGG_MEDICUS_VARIANT_MUTATION_ACTIVATED_SMO_TO_HEDGEHOG_SIGNALING_PATHWAY,-0.0245945728070407,1.5041721207205e-05,classical Monocyte
Bacteroides_BPS,KEGG_MEDICUS_VARIANT_MUTATION_ACTIVATED_USP8_TO_EGFR_ERK_ACTH_SIGNALING_PATHWAY,0.0146028255112273,0.0101842985679729,classical Monocyte
Bacteroides_BPS,KEGG_MEDICUS_VARIANT_MUTATION_CAUSED_ABBERANT_ATXN2_3_TO_MGLUR5_CA2_APOPTOTIC_PATHWAY,0.0765069622822637,2.01845806968677e-41,classical Monocyte
Bacteroides_BPS,KEGG_MEDICUS_VARIANT_MUTATION_CAUSED_ABERRANT_ABETA_TO_26S_PROTEASOME_MEDIATED_PROTEIN_DEGRADATION,-0.0721039742853969,5.67238782133711e-37,classical Monocyte
Bacteroides_BPS,KEGG_MEDICUS_VARIANT_MUTATION_CAUSED_ABERRANT_ABETA_TO_AGE_RAGE_SIGNALING_PATHWAY,0.0132034556475912,0.0201655683612446,classical Monocyte
Bacteroides_BPS,KEGG_MEDICUS_VARIANT_MUTATION_CAUSED_ABERRANT_ABETA_TO_ANTEROGRADE_AXONAL_TRANSPORT,-0.0573891663827203,5.1979245997595e-24,classical Monocyte
Bacteroides_BPS,KEGG_MEDICUS_VARIANT_MUTATION_CAUSED_ABERRANT_ABETA_TO_CROSSTALK_BETWEEN_EXTRINSIC_AND_INTRINSIC_APOPTOTIC_PATHWAYS,-0.0220303405117344,0.000105876270455899,classical Monocyte
Bacteroides_BPS,KEGG_MEDICUS_VARIANT_MUTATION_CAUSED_ABERRANT_ABETA_TO_ELECTRON_TRANSFER_IN_COMPLEX_I,-0.0493661146754416,3.58376900924998e-18,classical Monocyte
Bacteroides_BPS,KEGG_MEDICUS_VARIANT_MUTATION_CAUSED_ABERRANT_ABETA_TO_ELECTRON_TRANSFER_IN_COMPLEX_IV,0.00299007626575781,0.598814613325864,classical Monocyte
Bacteroides_BPS,KEGG_MEDICUS_VARIANT_MUTATION_CAUSED_ABERRANT_ABETA_TO_IRE1A_JNK_SIGNALING_PATHWAY,0.0555060265336126,1.4582436681883e-22,classical Monocyte
Bacteroides_BPS,KEGG_MEDICUS_VARIANT_MUTATION_CAUSED_ABERRANT_ABETA_TO_MACHR_CA2_APOPTOTIC_PATHWAY,0.0822433633144302,1.2972938946775e-47,classical Monocyte
Bacteroides_BPS,KEGG_MEDICUS_VARIANT_MUTATION_CAUSED_ABERRANT_ABETA_TO_MGLUR5_CA2_APOPTOTIC_PATHWAY,0.0854758924924642,2.66613928167202e-51,classical Monocyte
Bacteroides_BPS,KEGG_MEDICUS_VARIANT_MUTATION_CAUSED_ABERRANT_ABETA_TO_TRANSPORT_OF_CALCIUM,0.0027938101773667,0.623021493194606,classical Monocyte
Bacteroides_BPS,KEGG_MEDICUS_VARIANT_MUTATION_CAUSED_ABERRANT_ABETA_TO_VGCC_CA2_APOPTOTIC_PATHWAY_N01004,0.0029538132652778,0.603254983547632,classical Monocyte
Bacteroides_BPS,KEGG_MEDICUS_VARIANT_MUTATION_CAUSED_ABERRANT_ABETA_TO_VGCC_CA2_APOPTOTIC_PATHWAY_N01006,-0.00287929239158706,0.612426143555769,classical Monocyte
Bacteroides_BPS,KEGG_MEDICUS_VARIANT_MUTATION_CAUSED_ABERRANT_ATXN1_TO_RORA_MEDIATED_TRANSCRIPTION,0.0349875487655007,7.36907005821507e-10,classical Monocyte
Bacteroides_BPS,KEGG_MEDICUS_VARIANT_MUTATION_CAUSED_ABERRANT_DCTN1_TO_RETROGRADE_AXONAL_TRANSPORT,-0.0697336156509336,1.09579474219857e-34,classical Monocyte
Bacteroides_BPS,KEGG_MEDICUS_VARIANT_MUTATION_CAUSED_ABERRANT_HTT_TO_26S_PROTEASOME_MEDIATED_PROTEIN_DEGRADATION,-0.0757121131991226,1.34161574774154e-40,classical Monocyte
Bacteroides_BPS,KEGG_MEDICUS_VARIANT_MUTATION_CAUSED_ABERRANT_HTT_TO_ANTEROGRADE_AXONAL_TRANSPORT,-0.0554106206356777,1.72155800954545e-22,classical Monocyte
Bacteroides_BPS,KEGG_MEDICUS_VARIANT_MUTATION_CAUSED_ABERRANT_HTT_TO_AUTOPHAGY_VESICLE_NUCLEATION,-0.00186870202273188,0.742307675125157,classical Monocyte
Bacteroides_BPS,KEGG_MEDICUS_VARIANT_MUTATION_CAUSED_ABERRANT_HTT_TO_CREB_MEDIATED_TRANSCRIPTION,0.0223356706125251,8.47843042156058e-05,classical Monocyte
Bacteroides_BPS,KEGG_MEDICUS_VARIANT_MUTATION_CAUSED_ABERRANT_HTT_TO_ELECTRON_TRANSFER_IN_COMPLEX_II,-0.0421334822895219,1.20082497518185e-13,classical Monocyte
Bacteroides_BPS,KEGG_MEDICUS_VARIANT_MUTATION_CAUSED_ABERRANT_HTT_TO_ELECTRON_TRANSFER_IN_COMPLEX_III,-0.0253951840830005,7.85823298948494e-06,classical Monocyte
Bacteroides_BPS,KEGG_MEDICUS_VARIANT_MUTATION_CAUSED_ABERRANT_HTT_TO_EXTRINSIC_APOPTOTIC_PATHWAY,0.00866168669597884,0.127495032427373,classical Monocyte
Bacteroides_BPS,KEGG_MEDICUS_VARIANT_MUTATION_CAUSED_ABERRANT_HTT_TO_MGLUR5_CA2_APOPTOTIC_PATHWAY,0.0820093463094934,2.36823170416717e-47,classical Monocyte
Bacteroides_BPS,KEGG_MEDICUS_VARIANT_MUTATION_CAUSED_ABERRANT_HTT_TO_REST_MEDIATED_TRANSCRIPTIONAL_REPRESSION,0.00665260962857043,0.241783140142593,classical Monocyte
Bacteroides_BPS,KEGG_MEDICUS_VARIANT_MUTATION_CAUSED_ABERRANT_HTT_TO_RETROGRADE_AXONAL_TRANSPORT,-0.0735491225984647,2.1020766679685e-38,classical Monocyte
Bacteroides_BPS,KEGG_MEDICUS_VARIANT_MUTATION_CAUSED_ABERRANT_HTT_TO_TNF_JNK_SIGNALING_PATHWAY,0.0176552875759709,0.0018919157425127,classical Monocyte
Bacteroides_BPS,KEGG_MEDICUS_VARIANT_MUTATION_CAUSED_ABERRANT_HTT_TO_TRANSPORT_OF_CALCIUM,0.0048042642150022,0.397934152398498,classical Monocyte
Bacteroides_BPS,KEGG_MEDICUS_VARIANT_MUTATION_CAUSED_ABERRANT_PSEN1_TO_ANTEROGRADE_AXONAL_TRANSPORT,0.0361832588934607,1.90836382477907e-10,classical Monocyte
Bacteroides_BPS,KEGG_MEDICUS_VARIANT_MUTATION_CAUSED_ABERRANT_PSEN1_TO_MGLUR5_CA2_APOPTOTIC_PATHWAY,0.0139907904895052,0.0138240212110754,classical Monocyte
Bacteroides_BPS,KEGG_MEDICUS_VARIANT_MUTATION_CAUSED_ABERRANT_PSEN1_TO_PERK_ATF4_SIGNALING_PATHWAY,0.0117930897022394,0.0379800891249911,classical Monocyte
Bacteroides_BPS,KEGG_MEDICUS_VARIANT_MUTATION_CAUSED_ABERRANT_PSEN_TO_MGLUR5_CA2_APOPTOTIC_PATHWAY,0.00801735483350929,0.158339441013139,classical Monocyte
Bacteroides_BPS,KEGG_MEDICUS_VARIANT_MUTATION_CAUSED_ABERRANT_SNCA_TO_26S_PROTEASOME_MEDIATED_PROTEIN_DEGRADATION,-0.0758578808921969,9.49321725748527e-41,classical Monocyte
Bacteroides_BPS,KEGG_MEDICUS_VARIANT_MUTATION_CAUSED_ABERRANT_SNCA_TO_ANTEROGRADE_AXONAL_TRANSPORT,-0.0571733144916712,7.65992573676182e-24,classical Monocyte
Bacteroides_BPS,KEGG_MEDICUS_VARIANT_MUTATION_CAUSED_ABERRANT_SNCA_TO_ELECTRON_TRANSFER_IN_COMPLEX_I,-0.0508159312243352,3.65746526127872e-19,classical Monocyte
Bacteroides_BPS,KEGG_MEDICUS_VARIANT_MUTATION_CAUSED_ABERRANT_SNCA_TO_PERK_ATF4_SIGNALING_PATHWAY,-0.0111447196456939,0.0498816589991548,classical Monocyte
Bacteroides_BPS,KEGG_MEDICUS_VARIANT_MUTATION_CAUSED_ABERRANT_SNCA_TO_VGCC_CA2_APOPTOTIC_PATHWAY,0.00277722729581013,0.625086070575628,classical Monocyte
Bacteroides_BPS,KEGG_MEDICUS_VARIANT_MUTATION_CAUSED_ABERRANT_SOD1_TO_26S_PROTEASOME_MEDIATED_PROTEIN_DEGRADATION,-0.0367410331941577,1.00114415927077e-10,classical Monocyte
Bacteroides_BPS,KEGG_MEDICUS_VARIANT_MUTATION_CAUSED_ABERRANT_SOD1_TO_INTRINSIC_APOPTOTIC_PATHWAY,-0.0224277441188641,7.92475922897172e-05,classical Monocyte
Bacteroides_BPS,KEGG_MEDICUS_VARIANT_MUTATION_CAUSED_ABERRANT_SOD1_TO_PERK_ATF4_SIGNALING_PATHWAY,-0.0213784579548334,0.0001685765637073,classical Monocyte
Bacteroides_BPS,KEGG_MEDICUS_VARIANT_MUTATION_CAUSED_ABERRANT_SOD1_TO_RETROGRADE_AXONAL_TRANSPORT,-0.0358341966305229,2.84381385781821e-10,classical Monocyte
Bacteroides_BPS,KEGG_MEDICUS_VARIANT_MUTATION_CAUSED_ABERRANT_SPTBN2_TO_MGLUR1_TRPC3_SIGNALING_PATHWAY,0.1232977596755,3.79936371703562e-105,classical Monocyte
Bacteroides_BPS,KEGG_MEDICUS_VARIANT_MUTATION_CAUSED_ABERRANT_TDP43_TO_ELECTRON_TRANSFER_IN_COMPLEX_I,-0.0510592023214391,2.47805979635284e-19,classical Monocyte
Bacteroides_BPS,KEGG_MEDICUS_VARIANT_MUTATION_INACTIVATED_APC_TO_WNT_SIGNALING_PATHWAY,0.0351412996031957,6.20900363175436e-10,classical Monocyte
Bacteroides_BPS,KEGG_MEDICUS_VARIANT_MUTATION_INACTIVATED_ATP1A1_TO_ANGIOTENSIN_ALDOSTERONE_SIGNALING_PATHWAY,0.00258979139501421,0.648623502335187,classical Monocyte
Bacteroides_BPS,KEGG_MEDICUS_VARIANT_MUTATION_INACTIVATED_ATP2B3_TO_ANGIOTENSIN_ALDOSTERONE_SIGNALING_PATHWAY,0.00683125164851264,0.229373352402349,classical Monocyte
Bacteroides_BPS,KEGG_MEDICUS_VARIANT_MUTATION_INACTIVATED_ATXN3_TO_AUTOPHAGY_VESICLE_NUCLEATION,0.00227429906038083,0.689035678576077,classical Monocyte
Bacteroides_BPS,KEGG_MEDICUS_VARIANT_MUTATION_INACTIVATED_AXIN_TO_WNT_SIGNALING_PATHWAY,0.0359719968501068,2.4305410772752e-10,classical Monocyte
Bacteroides_BPS,KEGG_MEDICUS_VARIANT_MUTATION_INACTIVATED_DJ1_TO_FAS_JNK_SIGNALING_PATWHAY,0.0134632271603271,0.0178378978140086,classical Monocyte
Bacteroides_BPS,KEGG_MEDICUS_VARIANT_MUTATION_INACTIVATED_ERBB4_TO_NRG_ERBB4_PI3K_SIGNALING_PATHWAY,0.00845686899361288,0.136746925078174,classical Monocyte
Bacteroides_BPS,KEGG_MEDICUS_VARIANT_MUTATION_INACTIVATED_FGF17_TO_RAS_ERK_SIGNALING_PATHWAY,0.0650076345142848,2.3454022301616e-30,classical Monocyte
Bacteroides_BPS,KEGG_MEDICUS_VARIANT_MUTATION_INACTIVATED_OPTN_TO_PINK_PARKIN_MEDIATED_AUTOPHAGOSOME_FORMATION,-0.0155575594818088,0.00619038741196079,classical Monocyte
Bacteroides_BPS,KEGG_MEDICUS_VARIANT_MUTATION_INACTIVATED_P62_TO_PINK_PARKIN_MEDIATED_AUTOPHAGOSOME_FORMATION,-0.0202159617879916,0.000374589818908689,classical Monocyte
Bacteroides_BPS,KEGG_MEDICUS_VARIANT_MUTATION_INACTIVATED_PDE11A_PDE8B_TO_ACTH_CORTISOL_SIGNALING_PATHWAY,0.0215940552207688,0.0001447410309578,classical Monocyte
Bacteroides_BPS,KEGG_MEDICUS_VARIANT_MUTATION_INACTIVATED_PINK1_TO_ELECTRON_TRANSFER_IN_COMPLEX_I,-0.0518755881203925,6.62133218647786e-20,classical Monocyte
Bacteroides_BPS,KEGG_MEDICUS_VARIANT_MUTATION_INACTIVATED_PINK1_TO_INTRINSIC_APOPTOTIC_PATHWAY_N01048,-0.00506185840672294,0.373121745597142,classical Monocyte
Bacteroides_BPS,KEGG_MEDICUS_VARIANT_MUTATION_INACTIVATED_PINK1_TO_INTRINSIC_APOPTOTIC_PATHWAY_N01050,-0.0154387382496164,0.00659538432117404,classical Monocyte
Bacteroides_BPS,KEGG_MEDICUS_VARIANT_MUTATION_INACTIVATED_PRKAR1A_TO_ACTH_CORTISOL_SIGNALING_PATHWAY,0.0216841882287557,0.000135749272614818,classical Monocyte
Bacteroides_BPS,KEGG_MEDICUS_VARIANT_MUTATION_INACTIVATED_PRKN_TO_INTRINSIC_APOPTOTIC_PATHWAY,-0.0104459001443359,0.0660610546843645,classical Monocyte
Bacteroides_BPS,KEGG_MEDICUS_VARIANT_MUTATION_INACTIVATED_PRKN_TO_MGLUR1_SIGNALING_PATHWAY,0.040304266559724,1.29886306652095e-12,classical Monocyte
Bacteroides_BPS,KEGG_MEDICUS_VARIANT_MUTATION_INACTIVATED_PROK2_TO_PROK_PRKR_GI_ERK_SIGNALING_PATHWAY,0.0109729175976098,0.053514469808722,classical Monocyte
Bacteroides_BPS,KEGG_MEDICUS_VARIANT_MUTATION_INACTIVATED_PROKR2_TO_PROK_PRKR_GI_ERK_SIGNALING_PATHWAY,0.0109729175976098,0.053514469808722,classical Monocyte
Bacteroides_BPS,KEGG_MEDICUS_VARIANT_MUTATION_INACTIVATED_PTCH1_TO_HEDGEHOG_SIGNALING_PATHWAY,-0.0245945728070407,1.5041721207205e-05,classical Monocyte
Bacteroides_BPS,KEGG_MEDICUS_VARIANT_MUTATION_INACTIVATED_RASD1_TO_CRHR_PKA_ACTH_SIGNALING_PATHWAY,0.0330571103016266,5.95567335956428e-09,classical Monocyte
Bacteroides_BPS,KEGG_MEDICUS_VARIANT_MUTATION_INACTIVATED_RUNX1_TO_TRANSCRIPTION,-0.00354899996018897,0.532332430289063,classical Monocyte
Bacteroides_BPS,KEGG_MEDICUS_VARIANT_MUTATION_INACTIVATED_SIGMAR1_TO_CA2_APOPTOTIC_PATHWAY,0.00461271585261825,0.417013758362714,classical Monocyte
Bacteroides_BPS,KEGG_MEDICUS_VARIANT_MUTATION_INACTIVATED_TP53_TO_TRANSCRIPTION,-0.0391975104139673,5.21990497669492e-12,classical Monocyte
Bacteroides_BPS,KEGG_MEDICUS_VARIANT_MUTATION_INACTIVATED_UBQLN2_TO_26S_PROTEASOME_MEDIATED_PROTEIN_DEGRADATION,-0.0339320884618237,2.34247616713668e-09,classical Monocyte
Bacteroides_BPS,KEGG_MEDICUS_VARIANT_MUTATION_INACTIVATED_VCP_TO_26S_PROTEASOME_MEDIATED_PROTEIN_DEGRADATION,-0.0354652920715553,4.3175824790284e-10,classical Monocyte
Bacteroides_BPS,KEGG_MEDICUS_VARIANT_NOTCH_OVEREXPRESSION_TO_NOTCH_SIGNALING_PATHWAY,0.0234352065790878,3.72353069997569e-05,classical Monocyte
Bacteroides_BPS,KEGG_MEDICUS_VARIANT_OLIGOMERIC_CONFORMATION_PRPC_TO_ANTEROGRADE_AXONAL_TRANSPORT,0.0177716274409143,0.00176498012358387,classical Monocyte
Bacteroides_BPS,KEGG_MEDICUS_VARIANT_PAX8_PPARG_FUSION_TO_PPARG_MEDIATED_TRANSCRIPTION,0.00703789099241321,0.215592165952468,classical Monocyte
Bacteroides_BPS,KEGG_MEDICUS_VARIANT_RET_FUSION_KINASE_TO_RAS_ERK_SIGNALING_PATHWAY,0.0135643884451855,0.0169972276546035,classical Monocyte
Bacteroides_BPS,KEGG_MEDICUS_VARIANT_SCRAPIE_CONFORMATION_PRPSC_TO_26S_PROTEASOME_MEDIATED_PROTEIN_DEGRADATION,-0.072071093349863,6.10938678392967e-37,classical Monocyte
Bacteroides_BPS,KEGG_MEDICUS_VARIANT_SCRAPIE_CONFORMATION_PRPSC_TO_MGLUR5_CA2_APOPTOTIC_PATHWAY,0.0169297788676773,0.00289178735351721,classical Monocyte
Bacteroides_BPS,KEGG_MEDICUS_VARIANT_SCRAPIE_CONFORMATION_PRPSC_TO_PERK_ATF4_SIGNALING_PATHWAY,-0.00503773703645045,0.375403715295652,classical Monocyte
Bacteroides_BPS,KEGG_MEDICUS_VARIANT_SCRAPIE_CONFORMATION_PRPSC_TO_TRANSPORT_OF_CALCIUM,0.00605879617835006,0.286398034247452,classical Monocyte
Bacteroides_BPS,KEGG_MEDICUS_VARIANT_SCRAPIE_CONFORMATION_PRPSC_TO_VGCC_CA2_APOPTOTIC_PATHWAY,0.0232408847795166,4.31759330860059e-05,classical Monocyte
Bacteroides_BPS,KEGG_MEDICUS_VARIANT_TEL_AML1_FUSION_TO_TRANSCRIPTIONAL_REPRESSION,0.00118320872370444,0.835083758509661,classical Monocyte
Bacteroides_BPS,KEGG_MEDICUS_VARIANT_TGFA_OVEREXPRESSION_TO_PI3K_SIGNALING_PATHWAY,0.0188569478056452,0.000906060115814144,classical Monocyte
Bacteroides_BPS,KEGG_MEDICUS_VARIANT_TMPRSS2_ERG_FUSION_TO_TRANSCRIPTIONAL_ACTIVATION,-0.0242083233902607,2.0434875047437e-05,classical Monocyte
Bacteroides_BPS,KEGG_MEDICUS_VARIANT_TRK_FUSION_KINASE_TO_RAS_ERK_SIGNALING_PATHWAY,0.0135010612929886,0.0175193172823007,classical Monocyte
Bifidobacterium,KEGG_ABC_TRANSPORTERS,-0.0132675016872383,0.0195683354890279,classical Monocyte
Bifidobacterium,KEGG_ACUTE_MYELOID_LEUKEMIA,0.034653126306927,1.06694807243389e-09,classical Monocyte
Bifidobacterium,KEGG_ADHERENS_JUNCTION,0.0133086020821453,0.0191932621681515,classical Monocyte
Bifidobacterium,KEGG_ADIPOCYTOKINE_SIGNALING_PATHWAY,0.0513834998855065,1.47061431868778e-19,classical Monocyte
Bifidobacterium,KEGG_ALANINE_ASPARTATE_AND_GLUTAMATE_METABOLISM,0.00200408568826951,0.724373502035798,classical Monocyte
Bifidobacterium,KEGG_ALDOSTERONE_REGULATED_SODIUM_REABSORPTION,0.0557194873838934,1.00482327557038e-22,classical Monocyte
Bifidobacterium,KEGG_ALLOGRAFT_REJECTION,-0.103872890377465,5.12792578780608e-75,classical Monocyte
Bifidobacterium,KEGG_ALPHA_LINOLENIC_ACID_METABOLISM,0.0195421910277038,0.000584336980366459,classical Monocyte
Bifidobacterium,KEGG_ALZHEIMERS_DISEASE,-0.0605764521172929,1.43313895548501e-26,classical Monocyte
Bifidobacterium,KEGG_AMINOACYL_TRNA_BIOSYNTHESIS,-0.0541019482455641,1.63099448826009e-21,classical Monocyte
Bifidobacterium,KEGG_AMINO_SUGAR_AND_NUCLEOTIDE_SUGAR_METABOLISM,0.0125650585228937,0.0270418762621791,classical Monocyte
Bifidobacterium,KEGG_AMYOTROPHIC_LATERAL_SCLEROSIS_ALS,0.00120433175014951,0.832183036217552,classical Monocyte
Bifidobacterium,KEGG_ANTIGEN_PROCESSING_AND_PRESENTATION,-0.114220925669816,2.06027268104243e-90,classical Monocyte
Bifidobacterium,KEGG_APOPTOSIS,0.023695037906216,3.04955546130652e-05,classical Monocyte
Bifidobacterium,KEGG_ARACHIDONIC_ACID_METABOLISM,0.00523363529093658,0.357120451437333,classical Monocyte
Bifidobacterium,KEGG_ARGININE_AND_PROLINE_METABOLISM,-0.0211255273921449,0.000201238052025804,classical Monocyte
Bifidobacterium,KEGG_ARRHYTHMOGENIC_RIGHT_VENTRICULAR_CARDIOMYOPATHY_ARVC,0.00659040622788794,0.246213170095453,classical Monocyte
Bifidobacterium,KEGG_ASCORBATE_AND_ALDARATE_METABOLISM,0.00468857415869947,0.409394041448571,classical Monocyte
Bifidobacterium,KEGG_ASTHMA,-0.118895208649769,7.41824981023548e-98,classical Monocyte
Bifidobacterium,KEGG_AUTOIMMUNE_THYROID_DISEASE,-0.102908634926872,1.17188450166738e-73,classical Monocyte
Bifidobacterium,KEGG_AXON_GUIDANCE,0.0262640556523606,3.80121991859977e-06,classical Monocyte
Bifidobacterium,KEGG_BASAL_CELL_CARCINOMA,0.00871501943751151,0.125167675878231,classical Monocyte
Bifidobacterium,KEGG_BASAL_TRANSCRIPTION_FACTORS,-0.0186560569303798,0.0010277278582491,classical Monocyte
Bifidobacterium,KEGG_BASE_EXCISION_REPAIR,-0.0146214824036217,0.0100881991961719,classical Monocyte
Bifidobacterium,KEGG_BETA_ALANINE_METABOLISM,0.200702849898572,8.88587084861513e-279,classical Monocyte
Bifidobacterium,KEGG_BIOSYNTHESIS_OF_UNSATURATED_FATTY_ACIDS,-0.0288815990910699,3.71939510650608e-07,classical Monocyte
Bifidobacterium,KEGG_BLADDER_CANCER,0.033688846187923,3.04331251043402e-09,classical Monocyte
Bifidobacterium,KEGG_BUTANOATE_METABOLISM,-0.0231504635591673,4.62370254057427e-05,classical Monocyte
Bifidobacterium,KEGG_B_CELL_RECEPTOR_SIGNALING_PATHWAY,0.0437164334561633,1.40834540090387e-14,classical Monocyte
Bifidobacterium,KEGG_CALCIUM_SIGNALING_PATHWAY,0.0416095532260634,2.39998005420304e-13,classical Monocyte
Bifidobacterium,KEGG_CARDIAC_MUSCLE_CONTRACTION,-0.0491169120919007,5.27075698048517e-18,classical Monocyte
Bifidobacterium,KEGG_CELL_ADHESION_MOLECULES_CAMS,-0.0621294309187128,7.23713688891856e-28,classical Monocyte
Bifidobacterium,KEGG_CELL_CYCLE,-0.00724338637184671,0.202488908964236,classical Monocyte
Bifidobacterium,KEGG_CHEMOKINE_SIGNALING_PATHWAY,0.0479279776616129,3.23394522452322e-17,classical Monocyte
Bifidobacterium,KEGG_CHRONIC_MYELOID_LEUKEMIA,0.041797119205092,1.87485072648068e-13,classical Monocyte
Bifidobacterium,KEGG_CIRCADIAN_RHYTHM_MAMMAL,0.00586717531408787,0.301912865787564,classical Monocyte
Bifidobacterium,KEGG_CITRATE_CYCLE_TCA_CYCLE,-0.0600115509497207,4.16781708614502e-26,classical Monocyte
Bifidobacterium,KEGG_COLORECTAL_CANCER,0.0130908991007574,0.0212537612480771,classical Monocyte
Bifidobacterium,KEGG_COMPLEMENT_AND_COAGULATION_CASCADES,-0.000735147340396755,0.897081187564547,classical Monocyte
Bifidobacterium,KEGG_CYSTEINE_AND_METHIONINE_METABOLISM,-0.0326808667710133,8.83275769055808e-09,classical Monocyte
Bifidobacterium,KEGG_CYTOKINE_CYTOKINE_RECEPTOR_INTERACTION,-0.0198729379403029,0.000470531977913653,classical Monocyte
Bifidobacterium,KEGG_CYTOSOLIC_DNA_SENSING_PATHWAY,-0.0571454872003749,8.05170985160516e-24,classical Monocyte
Bifidobacterium,KEGG_DILATED_CARDIOMYOPATHY,-0.00982011177883538,0.0840074011479421,classical Monocyte
Bifidobacterium,KEGG_DNA_REPLICATION,-0.0270152781487128,1.99220625389226e-06,classical Monocyte
Bifidobacterium,KEGG_DORSO_VENTRAL_AXIS_FORMATION,0.0699101577767619,7.44902528508235e-35,classical Monocyte
Bifidobacterium,KEGG_DRUG_METABOLISM_CYTOCHROME_P450,-0.032277980105467,1.34066441928784e-08,classical Monocyte
Bifidobacterium,KEGG_DRUG_METABOLISM_OTHER_ENZYMES,0.189954832059517,2.09049982412133e-249,classical Monocyte
Bifidobacterium,KEGG_ECM_RECEPTOR_INTERACTION,0.0486061828999054,1.15512380063733e-17,classical Monocyte
Bifidobacterium,KEGG_ENDOCYTOSIS,0.0256282483386076,6.48159847511416e-06,classical Monocyte
Bifidobacterium,KEGG_ENDOMETRIAL_CANCER,0.0645337556289312,6.1343672934966e-30,classical Monocyte
Bifidobacterium,KEGG_EPITHELIAL_CELL_SIGNALING_IN_HELICOBACTER_PYLORI_INFECTION,-0.0157649851999397,0.00553672721477767,classical Monocyte
Bifidobacterium,KEGG_ERBB_SIGNALING_PATHWAY,0.0673741082947798,1.73611147275463e-32,classical Monocyte
Bifidobacterium,KEGG_ETHER_LIPID_METABOLISM,0.029211470045209,2.73479105408817e-07,classical Monocyte
Bifidobacterium,KEGG_FATTY_ACID_METABOLISM,-0.00406388188891109,0.474581795711484,classical Monocyte
Bifidobacterium,KEGG_FC_EPSILON_RI_SIGNALING_PATHWAY,0.0774706376366334,1.97767482644392e-42,classical Monocyte
Bifidobacterium,KEGG_FC_GAMMA_R_MEDIATED_PHAGOCYTOSIS,0.0209779311250811,0.00022295382701771,classical Monocyte
Bifidobacterium,KEGG_FOCAL_ADHESION,0.0455517204140481,1.06609390173697e-15,classical Monocyte
Bifidobacterium,KEGG_FOLATE_BIOSYNTHESIS,-0.0150066432849448,0.00827662730653433,classical Monocyte
Bifidobacterium,KEGG_FRUCTOSE_AND_MANNOSE_METABOLISM,-0.0211122507565738,0.000203106955877285,classical Monocyte
Bifidobacterium,KEGG_GALACTOSE_METABOLISM,-0.00732951762884789,0.197172909289453,classical Monocyte
Bifidobacterium,KEGG_GAP_JUNCTION,0.0411966209550103,4.11769696493018e-13,classical Monocyte
Bifidobacterium,KEGG_GLIOMA,0.0592053871562786,1.87969819931331e-25,classical Monocyte
Bifidobacterium,KEGG_GLUTATHIONE_METABOLISM,-0.00758565778219778,0.181968728927298,classical Monocyte
Bifidobacterium,KEGG_GLYCEROLIPID_METABOLISM,0.0172160339775605,0.00245047765364058,classical Monocyte
Bifidobacterium,KEGG_GLYCEROPHOSPHOLIPID_METABOLISM,0.0416556525740197,2.25888251520952e-13,classical Monocyte
Bifidobacterium,KEGG_GLYCINE_SERINE_AND_THREONINE_METABOLISM,-0.0225496226101248,7.24428119105085e-05,classical Monocyte
Bifidobacterium,KEGG_GLYCOLYSIS_GLUCONEOGENESIS,-0.0170164154413799,0.0027511159298451,classical Monocyte
Bifidobacterium,KEGG_GLYCOSAMINOGLYCAN_BIOSYNTHESIS_CHONDROITIN_SULFATE,0.0428070825420936,4.86944891817249e-14,classical Monocyte
Bifidobacterium,KEGG_GLYCOSAMINOGLYCAN_BIOSYNTHESIS_HEPARAN_SULFATE,0.0162718265091689,0.00419356730965145,classical Monocyte
Bifidobacterium,KEGG_GLYCOSAMINOGLYCAN_BIOSYNTHESIS_KERATAN_SULFATE,0.000371941317072404,0.947821145028552,classical Monocyte
Bifidobacterium,KEGG_GLYCOSAMINOGLYCAN_DEGRADATION,-0.00368331540243696,0.51693155082456,classical Monocyte
Bifidobacterium,KEGG_GLYCOSPHINGOLIPID_BIOSYNTHESIS_GANGLIO_SERIES,0.0115349437433357,0.0423927324646183,classical Monocyte
Bifidobacterium,KEGG_GLYCOSPHINGOLIPID_BIOSYNTHESIS_GLOBO_SERIES,-0.000426221831641052,0.940219602891826,classical Monocyte
Bifidobacterium,KEGG_GLYCOSPHINGOLIPID_BIOSYNTHESIS_LACTO_AND_NEOLACTO_SERIES,0.00921374728033138,0.104975654328329,classical Monocyte
Bifidobacterium,KEGG_GLYCOSYLPHOSPHATIDYLINOSITOL_GPI_ANCHOR_BIOSYNTHESIS,-0.0116320450936381,0.04068452406474,classical Monocyte
Bifidobacterium,KEGG_GLYOXYLATE_AND_DICARBOXYLATE_METABOLISM,-0.0305122466400866,7.87853679749631e-08,classical Monocyte
Bifidobacterium,KEGG_GNRH_SIGNALING_PATHWAY,0.0858609439012236,9.48748511493918e-52,classical Monocyte
Bifidobacterium,KEGG_GRAFT_VERSUS_HOST_DISEASE,-0.103954679368617,3.92719699324923e-75,classical Monocyte
Bifidobacterium,KEGG_HEDGEHOG_SIGNALING_PATHWAY,0.0253965230042317,7.84957952195508e-06,classical Monocyte
Bifidobacterium,KEGG_HEMATOPOIETIC_CELL_LINEAGE,0.024416941774586,1.73274989356637e-05,classical Monocyte
Bifidobacterium,KEGG_HISTIDINE_METABOLISM,-0.00426042601248866,0.453479662389849,classical Monocyte
Bifidobacterium,KEGG_HOMOLOGOUS_RECOMBINATION,-0.014515121435891,0.0106470572110519,classical Monocyte
Bifidobacterium,KEGG_HUNTINGTONS_DISEASE,-0.0629602626788133,1.42059139183817e-28,classical Monocyte
Bifidobacterium,KEGG_HYPERTROPHIC_CARDIOMYOPATHY_HCM,-0.0109182568693132,0.0547156257136907,classical Monocyte
Bifidobacterium,KEGG_INOSITOL_PHOSPHATE_METABOLISM,0.0493575132962215,3.63192068183431e-18,classical Monocyte
Bifidobacterium,KEGG_INSULIN_SIGNALING_PATHWAY,0.0481499319769668,2.31252777882973e-17,classical Monocyte
Bifidobacterium,KEGG_INTESTINAL_IMMUNE_NETWORK_FOR_IGA_PRODUCTION,-0.105501204607773,2.43159989029397e-77,classical Monocyte
Bifidobacterium,KEGG_JAK_STAT_SIGNALING_PATHWAY,0.0800589911154134,3.34038550057349e-45,classical Monocyte
Bifidobacterium,KEGG_LEISHMANIA_INFECTION,-0.0792891680064486,2.27975345130187e-44,classical Monocyte
Bifidobacterium,KEGG_LEUKOCYTE_TRANSENDOTHELIAL_MIGRATION,0.0290584603920909,3.15534403626816e-07,classical Monocyte
Bifidobacterium,KEGG_LIMONENE_AND_PINENE_DEGRADATION,-0.0126848103577189,0.0256159090145634,classical Monocyte
Bifidobacterium,KEGG_LINOLEIC_ACID_METABOLISM,0.00983259117029794,0.0836143826950904,classical Monocyte
Bifidobacterium,KEGG_LONG_TERM_DEPRESSION,0.0578934172859846,2.08930133949967e-24,classical Monocyte
Bifidobacterium,KEGG_LONG_TERM_POTENTIATION,0.0674757668077145,1.40072342646744e-32,classical Monocyte
Bifidobacterium,KEGG_LYSINE_DEGRADATION,0.0323632538540238,1.2278369871407e-08,classical Monocyte
Bifidobacterium,KEGG_LYSOSOME,0.00251615670478303,0.657968874723178,classical Monocyte
Bifidobacterium,KEGG_MAPK_SIGNALING_PATHWAY,0.0619275143060143,1.07153198944047e-27,classical Monocyte
Bifidobacterium,KEGG_MELANOGENESIS,0.0460002106285944,5.58533752312368e-16,classical Monocyte
Bifidobacterium,KEGG_MELANOMA,0.0520674753864229,4.84093379247482e-20,classical Monocyte
Bifidobacterium,KEGG_METABOLISM_OF_XENOBIOTICS_BY_CYTOCHROME_P450,-0.00309442384699473,0.586120813878241,classical Monocyte
Bifidobacterium,KEGG_MISMATCH_REPAIR,-0.00986786584459147,0.0825115103727268,classical Monocyte
Bifidobacterium,KEGG_MTOR_SIGNALING_PATHWAY,0.0447663921787503,3.25787526346726e-15,classical Monocyte
Bifidobacterium,KEGG_NATURAL_KILLER_CELL_MEDIATED_CYTOTOXICITY,0.00900063425581175,0.113262877630157,classical Monocyte
Bifidobacterium,KEGG_NEUROACTIVE_LIGAND_RECEPTOR_INTERACTION,0.0897953759894268,1.88639427583953e-56,classical Monocyte
Bifidobacterium,KEGG_NEUROTROPHIN_SIGNALING_PATHWAY,0.0549348071973178,3.92314854602871e-22,classical Monocyte
Bifidobacterium,KEGG_NICOTINATE_AND_NICOTINAMIDE_METABOLISM,0.0329542926144199,6.63576156433148e-09,classical Monocyte
Bifidobacterium,KEGG_NITROGEN_METABOLISM,0.00743315826349393,0.190912547914443,classical Monocyte
Bifidobacterium,KEGG_NOD_LIKE_RECEPTOR_SIGNALING_PATHWAY,-0.0112874348807049,0.047023269575839,classical Monocyte
Bifidobacterium,KEGG_NON_HOMOLOGOUS_END_JOINING,-0.0069646488849537,0.220406937344871,classical Monocyte
Bifidobacterium,KEGG_NON_SMALL_CELL_LUNG_CANCER,0.0797174284501486,7.85003959775031e-45,classical Monocyte
Bifidobacterium,KEGG_NOTCH_SIGNALING_PATHWAY,0.0383207254463609,1.53006414097749e-11,classical Monocyte
Bifidobacterium,KEGG_NUCLEOTIDE_EXCISION_REPAIR,-0.0138869401312107,0.0145444095896094,classical Monocyte
Bifidobacterium,KEGG_N_GLYCAN_BIOSYNTHESIS,0.0016178916721714,0.775897992361291,classical Monocyte
Bifidobacterium,KEGG_ONE_CARBON_POOL_BY_FOLATE,-0.00715206616257443,0.208238414834054,classical Monocyte
Bifidobacterium,KEGG_OOCYTE_MEIOSIS,-0.0176133477828056,0.00193969444881057,classical Monocyte
Bifidobacterium,KEGG_OTHER_GLYCAN_DEGRADATION,0.0253956544493118,7.85519196649276e-06,classical Monocyte
Bifidobacterium,KEGG_OXIDATIVE_PHOSPHORYLATION,-0.0575179908888025,4.12126171358052e-24,classical Monocyte
Bifidobacterium,KEGG_O_GLYCAN_BIOSYNTHESIS,0.0278765041592141,9.30321640372839e-07,classical Monocyte
Bifidobacterium,KEGG_P53_SIGNALING_PATHWAY,0.0133460166224948,0.0188573042202853,classical Monocyte
Bifidobacterium,KEGG_PANCREATIC_CANCER,0.0161391669999742,0.00451310948260748,classical Monocyte
Bifidobacterium,KEGG_PANTOTHENATE_AND_COA_BIOSYNTHESIS,0.242371570521912,0,classical Monocyte
Bifidobacterium,KEGG_PARKINSONS_DISEASE,-0.0657398172573259,5.23714377327242e-31,classical Monocyte
Bifidobacterium,KEGG_PATHOGENIC_ESCHERICHIA_COLI_INFECTION,-0.019560785057499,0.000577313195054845,classical Monocyte
Bifidobacterium,KEGG_PATHWAYS_IN_CANCER,0.0252504432196385,8.84944414297399e-06,classical Monocyte
Bifidobacterium,KEGG_PENTOSE_AND_GLUCURONATE_INTERCONVERSIONS,-0.0401251157699173,1.63098966432973e-12,classical Monocyte
Bifidobacterium,KEGG_PENTOSE_PHOSPHATE_PATHWAY,0.0205776282407884,0.000293440696592786,classical Monocyte
Bifidobacterium,KEGG_PEROXISOME,-0.0225671406646614,7.15114105181804e-05,classical Monocyte
Bifidobacterium,KEGG_PHENYLALANINE_METABOLISM,-0.0517950760941844,7.54862865064048e-20,classical Monocyte
Bifidobacterium,KEGG_PHOSPHATIDYLINOSITOL_SIGNALING_SYSTEM,0.058894054034991,3.34489768263607e-25,classical Monocyte
Bifidobacterium,KEGG_PORPHYRIN_AND_CHLOROPHYLL_METABOLISM,-0.0472324957244834,9.15888912128031e-17,classical Monocyte
Bifidobacterium,KEGG_PPAR_SIGNALING_PATHWAY,0.0276125319227499,1.17766354268776e-06,classical Monocyte
Bifidobacterium,KEGG_PRIMARY_BILE_ACID_BIOSYNTHESIS,0.00263723336529018,0.642631447671405,classical Monocyte
Bifidobacterium,KEGG_PRIMARY_IMMUNODEFICIENCY,-0.0274489450763867,1.36149862219548e-06,classical Monocyte
Bifidobacterium,KEGG_PRION_DISEASES,-0.0316552951294913,2.53057493867352e-08,classical Monocyte
Bifidobacterium,KEGG_PROGESTERONE_MEDIATED_OOCYTE_MATURATION,0.0279797167155977,8.47916055318579e-07,classical Monocyte
Bifidobacterium,KEGG_PROPANOATE_METABOLISM,-0.02519186940187,9.28360936531876e-06,classical Monocyte
Bifidobacterium,KEGG_PROSTATE_CANCER,0.04843756333842,1.49404828566968e-17,classical Monocyte
Bifidobacterium,KEGG_PROTEASOME,-0.1187927024257,1.08846664194699e-97,classical Monocyte
Bifidobacterium,KEGG_PROTEIN_EXPORT,-0.058076429173929,1.49793628724846e-24,classical Monocyte
Bifidobacterium,KEGG_PROXIMAL_TUBULE_BICARBONATE_RECLAMATION,-0.0268273802548804,2.34532628741788e-06,classical Monocyte
Bifidobacterium,KEGG_PURINE_METABOLISM,-0.0180236670887983,0.00151639868640723,classical Monocyte
Bifidobacterium,KEGG_PYRIMIDINE_METABOLISM,0.092889450064145,2.68615868159679e-60,classical Monocyte
Bifidobacterium,KEGG_PYRUVATE_METABOLISM,-0.0156828139375606,0.0057878345407624,classical Monocyte
Bifidobacterium,KEGG_REGULATION_OF_ACTIN_CYTOSKELETON,0.03457458778291,1.1632600540803e-09,classical Monocyte
Bifidobacterium,KEGG_REGULATION_OF_AUTOPHAGY,9.08456209965306e-05,0.98724690713341,classical Monocyte
Bifidobacterium,KEGG_RENAL_CELL_CARCINOMA,0.0543272367772843,1.1116834754354e-21,classical Monocyte
Bifidobacterium,KEGG_RENIN_ANGIOTENSIN_SYSTEM,0.0196044104928188,0.000561141339182817,classical Monocyte
Bifidobacterium,KEGG_RETINOL_METABOLISM,-0.00739351812485171,0.193289488299424,classical Monocyte
Bifidobacterium,KEGG_RIBOFLAVIN_METABOLISM,-0.0201226346743626,0.000398701756709878,classical Monocyte
Bifidobacterium,KEGG_RIBOSOME,-0.0412650556493663,3.76666029438117e-13,classical Monocyte
Bifidobacterium,KEGG_RIG_I_LIKE_RECEPTOR_SIGNALING_PATHWAY,0.0114968837509347,0.0430786397749726,classical Monocyte
Bifidobacterium,KEGG_RNA_DEGRADATION,-4.99468569752915e-05,0.992988150418022,classical Monocyte
Bifidobacterium,KEGG_RNA_POLYMERASE,-0.0382407366565438,1.68582040119592e-11,classical Monocyte
Bifidobacterium,KEGG_SELENOAMINO_ACID_METABOLISM,-0.00369365414060574,0.515755728951614,classical Monocyte
Bifidobacterium,KEGG_SMALL_CELL_LUNG_CANCER,0.0279159937772033,8.97920916860261e-07,classical Monocyte
Bifidobacterium,KEGG_SNARE_INTERACTIONS_IN_VESICULAR_TRANSPORT,-0.013144128396165,0.0207329263773013,classical Monocyte
Bifidobacterium,KEGG_SPHINGOLIPID_METABOLISM,0.00507138767420825,0.372222614039358,classical Monocyte
Bifidobacterium,KEGG_SPLICEOSOME,-0.0744922316211349,2.36262626471187e-39,classical Monocyte
Bifidobacterium,KEGG_STARCH_AND_SUCROSE_METABOLISM,0.0212374238893794,0.000186116373358059,classical Monocyte
Bifidobacterium,KEGG_STEROID_BIOSYNTHESIS,-0.0164646266940838,0.00376567272974191,classical Monocyte
Bifidobacterium,KEGG_STEROID_HORMONE_BIOSYNTHESIS,0.0411515572528177,4.36619059743561e-13,classical Monocyte
Bifidobacterium,KEGG_SULFUR_METABOLISM,0.0526985363043319,1.71447191014927e-20,classical Monocyte
Bifidobacterium,KEGG_SYSTEMIC_LUPUS_ERYTHEMATOSUS,-0.129108620434101,3.46737526112514e-115,classical Monocyte
Bifidobacterium,KEGG_TASTE_TRANSDUCTION,0.0155366205565107,0.00626008962595336,classical Monocyte
Bifidobacterium,KEGG_TAURINE_AND_HYPOTAURINE_METABOLISM,-0.00557325409025086,0.32677858119326,classical Monocyte
Bifidobacterium,KEGG_TERPENOID_BACKBONE_BIOSYNTHESIS,-0.00645384752489371,0.256137372085887,classical Monocyte
Bifidobacterium,KEGG_TGF_BETA_SIGNALING_PATHWAY,0.0129098802238956,0.0231111853276351,classical Monocyte
Bifidobacterium,KEGG_THYROID_CANCER,0.012227848588799,0.0314309393127778,classical Monocyte
Bifidobacterium,KEGG_TIGHT_JUNCTION,-0.00284766916308315,0.616336501634516,classical Monocyte
Bifidobacterium,KEGG_TOLL_LIKE_RECEPTOR_SIGNALING_PATHWAY,0.00911270369824853,0.108842834503793,classical Monocyte
Bifidobacterium,KEGG_TRYPTOPHAN_METABOLISM,0.000590767334516662,0.917212451846874,classical Monocyte
Bifidobacterium,KEGG_TYPE_II_DIABETES_MELLITUS,0.0667795516258417,6.05354654046103e-32,classical Monocyte
Bifidobacterium,KEGG_TYPE_I_DIABETES_MELLITUS,-0.10577085687685,9.94209408028458e-78,classical Monocyte
Bifidobacterium,KEGG_TYROSINE_METABOLISM,-0.0391287935662255,5.68374614565769e-12,classical Monocyte
Bifidobacterium,KEGG_T_CELL_RECEPTOR_SIGNALING_PATHWAY,0.0576536707721948,3.22570706382545e-24,classical Monocyte
Bifidobacterium,KEGG_UBIQUITIN_MEDIATED_PROTEOLYSIS,0.0347834165127746,9.24056084591592e-10,classical Monocyte
Bifidobacterium,KEGG_VALINE_LEUCINE_AND_ISOLEUCINE_BIOSYNTHESIS,-0.0264126268810681,3.34974277621704e-06,classical Monocyte
Bifidobacterium,KEGG_VALINE_LEUCINE_AND_ISOLEUCINE_DEGRADATION,-0.0175289076419124,0.00203926750937834,classical Monocyte
Bifidobacterium,KEGG_VASCULAR_SMOOTH_MUSCLE_CONTRACTION,0.0505378656917376,5.69454839659897e-19,classical Monocyte
Bifidobacterium,KEGG_VASOPRESSIN_REGULATED_WATER_REABSORPTION,-0.0249292260249299,1.14932214523982e-05,classical Monocyte
Bifidobacterium,KEGG_VEGF_SIGNALING_PATHWAY,0.0483496542992337,1.70791791442447e-17,classical Monocyte
Bifidobacterium,KEGG_VIBRIO_CHOLERAE_INFECTION,-0.00810011316379805,0.154087683008642,classical Monocyte
Bifidobacterium,KEGG_VIRAL_MYOCARDITIS,-0.0783580741853392,2.26943216313884e-43,classical Monocyte
Bifidobacterium,KEGG_WNT_SIGNALING_PATHWAY,0.0471122383587527,1.09487108399622e-16,classical Monocyte
Bifidobacterium,KEGG_MEDICUS_ENV_FACTOR_ARSENIC_TO_ELECTRON_TRANSFER_IN_COMPLEX_IV,-0.0434285103808636,2.09164579978164e-14,classical Monocyte
Bifidobacterium,KEGG_MEDICUS_ENV_FACTOR_BENZO_A_PYRENRE_TO_CYP_MEDIATED_METABOLISM,0.0445058537831159,4.69966272747473e-15,classical Monocyte
Bifidobacterium,KEGG_MEDICUS_ENV_FACTOR_DCE_TO_DNA_ADDUCTS,-0.0216985379178715,0.000134367236215191,classical Monocyte
Bifidobacterium,KEGG_MEDICUS_ENV_FACTOR_E2_TO_NUCLEAR_INITIATED_ESTROGEN_SIGNALING_PATHWAY,-0.00941348786132029,0.0976524799297152,classical Monocyte
Bifidobacterium,KEGG_MEDICUS_ENV_FACTOR_E2_TO_RAS_ERK_SIGNALING_PATHWAY,0.0177527809080256,0.00178499687146958,classical Monocyte
Bifidobacterium,KEGG_MEDICUS_ENV_FACTOR_IRON_TO_ANTEROGRADE_AXONAL_TRANSPORT,-0.0805145725499913,1.06260981960466e-45,classical Monocyte
Bifidobacterium,KEGG_MEDICUS_ENV_FACTOR_METALS_TO_JNK_SIGNALING_PATHWAY,0.0164164239558621,0.00386876095933196,classical Monocyte
Bifidobacterium,KEGG_MEDICUS_ENV_FACTOR_METALS_TO_KEAP1_NRF2_SIGNALIG_PATHWAY,-0.0307549165833656,6.21104703236188e-08,classical Monocyte
Bifidobacterium,KEGG_MEDICUS_ENV_FACTOR_METALS_TO_NFKB_SIGNALING_PATHWAY,-0.00057250399450465,0.919763013970689,classical Monocyte
Bifidobacterium,KEGG_MEDICUS_ENV_FACTOR_METALS_TO_RAS_ERK_SIGNALING_PATHWAY,0.017757348349083,0.00178012676448046,classical Monocyte
Bifidobacterium,KEGG_MEDICUS_ENV_FACTOR_NICOTINE_NNK_TO_PI3K_SIGNALING_PATHWAY,-0.0122893352913376,0.0305878505601259,classical Monocyte
Bifidobacterium,KEGG_MEDICUS_ENV_FACTOR_NICOTINE_TO_JAK_STAT_SIGNALING_PATHWAY,0.0449334605932735,2.57285880171491e-15,classical Monocyte
Bifidobacterium,KEGG_MEDICUS_ENV_FACTOR_NNK_NNN_TO_CHRNA7_E2F_SIGNALING_PATHWAY,0.0382137147372546,1.74186704393606e-11,classical Monocyte
Bifidobacterium,KEGG_MEDICUS_ENV_FACTOR_NNK_NNN_TO_PI3K_SIGNALING_PATHWAY_N01339,0.0198920234898609,0.000464641811676968,classical Monocyte
Bifidobacterium,KEGG_MEDICUS_ENV_FACTOR_NNK_NNN_TO_PI3K_SIGNALING_PATHWAY_N01350,0.0101922666604682,0.0729123879251734,classical Monocyte
Bifidobacterium,KEGG_MEDICUS_ENV_FACTOR_NNK_NNN_TO_RAS_ERK_SIGNALING_PATHWAY,0.015540030235024,0.00624869143327456,classical Monocyte
Bifidobacterium,KEGG_MEDICUS_ENV_FACTOR_PARAQUAT_TO_FAS_JNK_SIGNALING_PATHWAY,0.012844614725369,0.0238146266247008,classical Monocyte
Bifidobacterium,KEGG_MEDICUS_ENV_FACTOR_PHIP_TO_DNA_ADDUCTS,0.0294750770190035,2.13393610041768e-07,classical Monocyte
Bifidobacterium,KEGG_MEDICUS_ENV_FACTOR_TCDD_TO_AHR_SIGNALING_PATHWAY,0.0168349035227473,0.00305334393617615,classical Monocyte
Bifidobacterium,KEGG_MEDICUS_ENV_FACTOR_ZN_TO_ANTEROGRADE_AXONAL_TRANSPORT,-0.0626049427292117,2.85767188958237e-28,classical Monocyte
Bifidobacterium,KEGG_MEDICUS_PATHOGEN_ARSENIC_TO_ELECTRON_TRANSFER_IN_COMPLEX_II,-0.0288675277989446,3.76823071765695e-07,classical Monocyte
Bifidobacterium,KEGG_MEDICUS_PATHOGEN_EBV_BARF1_TO_INTRINSIC_APOPTOTIC_PATHWAY,-0.00223919827690196,0.693589861074403,classical Monocyte
Bifidobacterium,KEGG_MEDICUS_PATHOGEN_EBV_EBNA1_TO_P53_MEDIATED_TRANSCRIPTION,-0.0162855228777719,0.00416177355032468,classical Monocyte
Bifidobacterium,KEGG_MEDICUS_PATHOGEN_EBV_EBNA2_TO_RBP_JK_MEDIATED_TRANSCRIPTION,-0.00351268104298451,0.536536375413498,classical Monocyte
Bifidobacterium,KEGG_MEDICUS_PATHOGEN_EBV_EBNA3C_TO_CELL_CYCLE_G1_S_N00483,0.0299634088243941,1.34025874819956e-07,classical Monocyte
Bifidobacterium,KEGG_MEDICUS_PATHOGEN_EBV_EBNA3C_TO_CELL_CYCLE_G1_S_N00484,0.0351698818179959,6.01392954142115e-10,classical Monocyte
Bifidobacterium,KEGG_MEDICUS_PATHOGEN_EBV_EBNA3C_TO_P27_CELL_CYCLE_G1_S_N00264,0.0168980039435379,0.00294500442589805,classical Monocyte
Bifidobacterium,KEGG_MEDICUS_PATHOGEN_EBV_EBNA3C_TO_P27_CELL_CYCLE_G1_S_N00482,0.0340806996034793,1.9945422634879e-09,classical Monocyte
Bifidobacterium,KEGG_MEDICUS_PATHOGEN_EBV_EBNA3C_TO_P53_MEDIATED_TRANSCRIPTION,-0.0174694502836267,0.00211217099510978,classical Monocyte
Bifidobacterium,KEGG_MEDICUS_PATHOGEN_EBV_LMP1_TO_NFKB_SIGNALING_PATHWAY,-0.010372542770904,0.0679858094354599,classical Monocyte
Bifidobacterium,KEGG_MEDICUS_PATHOGEN_EBV_LMP1_TO_PI3K_SIGNALING_PATHWAY,0.0465537900501762,2.49355416532796e-16,classical Monocyte
Bifidobacterium,KEGG_MEDICUS_PATHOGEN_EBV_LMP2A_TO_PI3K_SIGNALING_PATHWAY,0.0610293329236869,6.04640488591777e-27,classical Monocyte
Bifidobacterium,KEGG_MEDICUS_PATHOGEN_ESCHERICHIA_EAE_TIR_TCCP_TO_ACTIN_SIGNALING_PATHWAY,-0.00297107316797729,0.601139677336572,classical Monocyte
Bifidobacterium,KEGG_MEDICUS_PATHOGEN_ESCHERICHIA_EAE_TIR_TO_ACTIN_SIGNALING_PATHWAY,9.27755647490016e-05,0.986976001520428,classical Monocyte
Bifidobacterium,KEGG_MEDICUS_PATHOGEN_ESCHERICHIA_ESPG_TO_MICROTUBULE_RHOA_SIGNALING_PATHWAY,-0.0795153053255378,1.29930159063934e-44,classical Monocyte
Bifidobacterium,KEGG_MEDICUS_PATHOGEN_ESCHERICHIA_ESPJ_TO_IGG_FCGR_RAC_SIGNALING_PATHWAY,-0.0727822190858655,1.21797542088058e-37,classical Monocyte
Bifidobacterium,KEGG_MEDICUS_PATHOGEN_ESCHERICHIA_ESPT_TO_RAC_SIGNALING_PATHWAY,0.00127344353364814,0.822708411867079,classical Monocyte
Bifidobacterium,KEGG_MEDICUS_PATHOGEN_ESCHERICHIA_MAP_TO_CDC42_SIGNALING_PATHWAY,-0.0044835068579589,0.430183175779673,classical Monocyte
Bifidobacterium,KEGG_MEDICUS_PATHOGEN_ESCHERICHIA_MAP_TO_LPA_GNA12_13_RHOA_SIGNALING_PATHWAY,0.0175418296187751,0.00202373183940344,classical Monocyte
Bifidobacterium,KEGG_MEDICUS_PATHOGEN_ESCHERICHIA_TIR_TO_TLR2_4_MAPK_SIGNALING_PATHWAY,-0.00995696307178031,0.0797783069806356,classical Monocyte
Bifidobacterium,KEGG_MEDICUS_PATHOGEN_HBV_HBX_TO_CREB_MEDIATED_TRANSCRIPTION,0.0367197309302849,1.02629459020975e-10,classical Monocyte
Bifidobacterium,KEGG_MEDICUS_PATHOGEN_HBV_HBX_TO_ERK_SIGNALING_PATHWAY,-0.00209468208995808,0.712455492611597,classical Monocyte
Bifidobacterium,KEGG_MEDICUS_PATHOGEN_HBV_HBX_TO_RAS_ERK_SIGNALING_PATHWAY,0.0681579057374737,3.28989472571491e-33,classical Monocyte
Bifidobacterium,KEGG_MEDICUS_PATHOGEN_HBV_LHBS_TO_PKC_ERK_SIGNALING_PATHWAY,0.0397280208756462,2.69229155898662e-12,classical Monocyte
Bifidobacterium,KEGG_MEDICUS_PATHOGEN_HCMV_GB_TO_PDGFR_RAS_ERK_SIGNALING_PATHWAY,0.0699111881537849,7.43224209112784e-35,classical Monocyte
Bifidobacterium,KEGG_MEDICUS_PATHOGEN_HCMV_GH_TO_ITGA_B_RHOA_SIGNALING_PATHWAY,-0.0334326036341774,4.00175873129876e-09,classical Monocyte
Bifidobacterium,KEGG_MEDICUS_PATHOGEN_HCMV_UL33_TO_GNAI_AC_PKA_SIGNALING_PATHWAY,0.00994227225405482,0.0802238371812565,classical Monocyte
Bifidobacterium,KEGG_MEDICUS_PATHOGEN_HCMV_UL33_TO_GNAQ_PLCB_G_CALCINEURIN_SIGNALING_PATHWAY,0.073111065756001,5.74709578204503e-38,classical Monocyte
Bifidobacterium,KEGG_MEDICUS_PATHOGEN_HCMV_UL33_TO_GNB_G_RHO_SIGNALING_PATHWAY,0.00291663650889972,0.60782255177688,classical Monocyte
Bifidobacterium,KEGG_MEDICUS_PATHOGEN_HCMV_US27_TO_CXCR4_GNB_G_PLCB_PKC_SIGNALING_PATHWAY,0.0689696524859634,5.75778412330461e-34,classical Monocyte
Bifidobacterium,KEGG_MEDICUS_PATHOGEN_HCMV_US28_TO_GNA12_13_RHO_SIGNALING_PATHWAY,0.00221879871864582,0.696241726954085,classical Monocyte
Bifidobacterium,KEGG_MEDICUS_PATHOGEN_HCMV_US28_TO_GNAQ_PLCB_G_CALCINEURIN_SIGNALING_PATHWAY,0.0104619846864317,0.0656450857315017,classical Monocyte
Bifidobacterium,KEGG_MEDICUS_PATHOGEN_HCMV_US28_TO_GNB_G_PI3K_NFKB_SIGNALING_PATHWAY,-0.0258434660593234,5.41775540312918e-06,classical Monocyte
Bifidobacterium,KEGG_MEDICUS_PATHOGEN_HCV_CORE_TO_ERK_SIGNALING_PATHWAY,0.00151973756929096,0.789162430603614,classical Monocyte
Bifidobacterium,KEGG_MEDICUS_PATHOGEN_HCV_CORE_TO_RXRA_LXRA_MEDIATED_TRANSCRIPTION,-0.00795341872732024,0.161684567353044,classical Monocyte
Bifidobacterium,KEGG_MEDICUS_PATHOGEN_HCV_CORE_TO_RXRA_PPARA_MEDIATED_TRANSCRIPTION,-0.00291155353151735,0.608448247412187,classical Monocyte
Bifidobacterium,KEGG_MEDICUS_PATHOGEN_HIV_GP120_TO_CXCR4_GNAI_PI3K_BAD_SIGNALING_PATHWAY,-0.0108904549966392,0.0553351401500488,classical Monocyte
Bifidobacterium,KEGG_MEDICUS_PATHOGEN_HIV_GP120_TO_CXCR4_GNAQ_PLCB_G_CALCINEURIN,-0.00342553979176842,0.54669068693875,classical Monocyte
Bifidobacterium,KEGG_MEDICUS_PATHOGEN_HIV_GP120_TO_CXCR4_GNB_G_RAC_SIGNALING_PATHWAY,-0.0384330824306842,1.3348364337438e-11,classical Monocyte
Bifidobacterium,KEGG_MEDICUS_PATHOGEN_HIV_GP120_TO_TNF_NFKB_SIGNALING_PATHWAY,-0.0100714557759608,0.0763745775495818,classical Monocyte
Bifidobacterium,KEGG_MEDICUS_PATHOGEN_HIV_NEF_TO_TNF_NFKB_SIGNALING_PATHWAY,-0.010224247518974,0.0720176999199179,classical Monocyte
Bifidobacterium,KEGG_MEDICUS_PATHOGEN_HIV_TAT_NEF_TO_CROSSTALK_BETWEEN_EXTRINSIC_AND_INTRINSIC_APOPTOTIC_PATHWAYS,-0.0234485930114489,3.68560226261998e-05,classical Monocyte
Bifidobacterium,KEGG_MEDICUS_PATHOGEN_HIV_VPR_TAT_TO_TNF_JNK_SIGNALING_PATHWAY,-0.00163730585740798,0.773281971120492,classical Monocyte
Bifidobacterium,KEGG_MEDICUS_PATHOGEN_HIV_VPR_TO_CDC25_CELL_CYCLE_G2M,0.0150091573679884,0.0082658267942156,classical Monocyte
Bifidobacterium,KEGG_MEDICUS_PATHOGEN_HIV_VPR_TO_WEE1_CELL_CYCLE_G2M,-0.026454254382502,3.2327689912743e-06,classical Monocyte
Bifidobacterium,KEGG_MEDICUS_PATHOGEN_HPV_E5_TO_ANTIGEN_PROCESSING_AND_PRESENTATION_BY_MHC_CLASS_I_MOLECULES,-0.00738777166642586,0.193635859083945,classical Monocyte
Bifidobacterium,KEGG_MEDICUS_PATHOGEN_HPV_E5_TO_EGFR_RAS_ERK_SIGNALING_PATHWAY,0.069557441445522,1.6091199248162e-34,classical Monocyte
Bifidobacterium,KEGG_MEDICUS_PATHOGEN_HPV_E6_TO_NOTCH_SIGNALING_PATHWAY_N00380,0.0673315937876746,1.89899465418057e-32,classical Monocyte
Bifidobacterium,KEGG_MEDICUS_PATHOGEN_HPV_E6_TO_NOTCH_SIGNALING_PATHWAY_N00381,0.0596412832409402,8.3456062976038e-26,classical Monocyte
Bifidobacterium,KEGG_MEDICUS_PATHOGEN_HPV_E6_TO_NOTCH_SIGNALING_PATHWAY_N00382,0.0679670890247694,4.94101836584545e-33,classical Monocyte
Bifidobacterium,KEGG_MEDICUS_PATHOGEN_HPV_E7_TO_CELL_CYCLE_G1_S,0.0419694407734165,1.4928962161498e-13,classical Monocyte
Bifidobacterium,KEGG_MEDICUS_PATHOGEN_HPV_E7_TO_P27_CELL_CYCLE_G1_S,0.0352074739407165,5.76644516920062e-10,classical Monocyte
Bifidobacterium,KEGG_MEDICUS_PATHOGEN_HSV_GD_TO_HVEM_NFKB_SIGNALING_PATHWAY,-0.0296069191571573,1.88344803606789e-07,classical Monocyte
Bifidobacterium,KEGG_MEDICUS_PATHOGEN_HTLV_1_P12_TO_ANTIGEN_PROCESSING_AND_PRESENTATION_BY_MHC_CLASS_I_MOLECULES,-0.00401459435240732,0.47995693144526,classical Monocyte
Bifidobacterium,KEGG_MEDICUS_PATHOGEN_HTLV_1_P12_TO_JAK_STAT_SIGNALING_PATHWAY,-0.013825332035063,0.014987239724267,classical Monocyte
Bifidobacterium,KEGG_MEDICUS_PATHOGEN_HTLV_1_TAX_TO_E47_MEDIATED_TRANSCRIPTION,-0.0255558801317445,6.88222909202898e-06,classical Monocyte
Bifidobacterium,KEGG_MEDICUS_PATHOGEN_HTLV_1_TAX_TO_NFY_MEDIATED_TRANSCRIPTION,-0.113205225195768,7.78111876339645e-89,classical Monocyte
Bifidobacterium,KEGG_MEDICUS_PATHOGEN_HTLV_1_TAX_TO_P21_CELL_CYCLE_G1_S_N00497,0.019865254835809,0.000472922736148021,classical Monocyte
Bifidobacterium,KEGG_MEDICUS_PATHOGEN_HTLV_1_TAX_TO_P21_CELL_CYCLE_G1_S_N00498,0.0204193140783835,0.00032669365505799,classical Monocyte
Bifidobacterium,KEGG_MEDICUS_PATHOGEN_HTLV_1_TAX_TO_SPINDLE_ASSEMBLY_CHECKPOINT_SIGNALING,-0.017561794067679,0.00199994263552867,classical Monocyte
Bifidobacterium,KEGG_MEDICUS_PATHOGEN_HTLV_1_TAX_TO_SRF_MEDIATED_TRANSCRIPTION,0.00221840179028308,0.696293363122464,classical Monocyte
Bifidobacterium,KEGG_MEDICUS_PATHOGEN_HTLV_1_TAX_TO_TNF_JNK_SIGNALING_PATHWAY,-0.0170490506613095,0.0026997676137145,classical Monocyte
Bifidobacterium,KEGG_MEDICUS_PATHOGEN_KSHV_K15_TO_TNF_NFKB_SIGNALING_PATHWAY,-0.0147978598424648,0.00921884456978645,classical Monocyte
Bifidobacterium,KEGG_MEDICUS_PATHOGEN_KSHV_LANA_TO_WNT_SIGNALING_PATHWAY,0.0239967654571427,2.41237128012119e-05,classical Monocyte
Bifidobacterium,KEGG_MEDICUS_PATHOGEN_KSHV_MIR1_2_TO_ANTIGEN_PROCESSING_AND_PRESENTATION_BY_MHC_CLASS_I_MOLECULES,-0.00303691780756783,0.593100953401818,classical Monocyte
Bifidobacterium,KEGG_MEDICUS_PATHOGEN_KSHV_MIR2_TO_CELL_SURFACE_MOLECULE_ENDOCYTOSIS,-0.0369036278157001,8.2804326125384e-11,classical Monocyte
Bifidobacterium,KEGG_MEDICUS_PATHOGEN_KSHV_VCYCLIN_TO_CELL_CYCLE_G1_S,0.0316070743587486,2.65688385344349e-08,classical Monocyte
Bifidobacterium,KEGG_MEDICUS_PATHOGEN_KSHV_VFLIP_TO_NFKB_SIGNALING_PATHWAY,-0.0183095345753638,0.00127371249842836,classical Monocyte
Bifidobacterium,KEGG_MEDICUS_PATHOGEN_KSHV_VFLIP_TO_TNF_NFKB_SIGNALING_PATHWAY,-0.0182835931969803,0.00129415756439356,classical Monocyte
Bifidobacterium,KEGG_MEDICUS_PATHOGEN_KSHV_VGPCR_TO_GNB_G_ERK_SIGNALING_PATHWAY,-0.000201561378558533,0.971709129575764,classical Monocyte
Bifidobacterium,KEGG_MEDICUS_PATHOGEN_KSHV_VGPCR_TO_GNB_G_PI3K_AKT_SIGNALING_PATHWAY,-0.0163941312616388,0.0039172984216552,classical Monocyte
Bifidobacterium,KEGG_MEDICUS_PATHOGEN_KSHV_VGPCR_TO_GNB_G_PI3K_JNK_SIGNALING_PATHWAY,-0.00557752228660573,0.326408232308457,classical Monocyte
Bifidobacterium,KEGG_MEDICUS_PATHOGEN_SALMONELLA_AVRA_TO_BETA_CATENIN_SIGNALING_PATHWAY,-0.00493768659794182,0.384960570138496,classical Monocyte
Bifidobacterium,KEGG_MEDICUS_PATHOGEN_SALMONELLA_SIFA_TO_MICROTUBULE_PLUS_END_DIRECTED_TRANSPORT,-0.0673753229474708,1.7316676520859e-32,classical Monocyte
Bifidobacterium,KEGG_MEDICUS_PATHOGEN_SALMONELLA_SIFA_TO_TETHERING_OF_LATE_ENDOSOMES_AND_LYSOSOMES,0.0134935178655258,0.0175824352949273,classical Monocyte
Bifidobacterium,KEGG_MEDICUS_PATHOGEN_SALMONELLA_SOPB_TO_ARNO_ARF_ACTB_G_SIGNALING_PATHWAY,-0.0111499876549602,0.0497736158438916,classical Monocyte
Bifidobacterium,KEGG_MEDICUS_PATHOGEN_SALMONELLA_SOPB_TO_RHOA_SIGNALING_PATHWAY,-0.0393241821385685,4.46010132287631e-12,classical Monocyte
Bifidobacterium,KEGG_MEDICUS_PATHOGEN_SALMONELLA_SOPB_TO_RHOG_SIGNALING_PATHWAY,-0.00430822982769792,0.448428384278158,classical Monocyte
Bifidobacterium,KEGG_MEDICUS_PATHOGEN_SALMONELLA_SOPE_E2_TO_NOD_NFKB_SIGNALING_PATHWAY,-0.0184756247194532,0.00114972050283144,classical Monocyte
Bifidobacterium,KEGG_MEDICUS_PATHOGEN_SALMONELLA_SOPE_TO_RAC_SIGNALING_PATHWAY,-0.00440332186823359,0.438475899440666,classical Monocyte
Bifidobacterium,KEGG_MEDICUS_PATHOGEN_SALMONELLA_SPVD_TO_TNF_NFKB_SIGNALING_PATHWAY,0.0135288856050602,0.0172882176598281,classical Monocyte
Bifidobacterium,KEGG_MEDICUS_PATHOGEN_SARS_COV_2_S_N_TO_LECTIN_PATHWAY_OF_COAGULATION_CASCADE,0.0645171058931796,6.34432303481141e-30,classical Monocyte
Bifidobacterium,KEGG_MEDICUS_PATHOGEN_SARS_COV_2_S_TO_ANGII_AT1R_NOX2_SIGNALING_PATHWAY,0.0119406969778034,0.0356371183081821,classical Monocyte
Bifidobacterium,KEGG_MEDICUS_PATHOGEN_SARS_COV_2_S_TO_CLASSICAL_PATHWAY_OF_COMPLEMENT_CASCADE,-0.0550211931400792,3.37999761477776e-22,classical Monocyte
Bifidobacterium,KEGG_MEDICUS_PATHOGEN_SHIGELLA_FIMA_TO_CROSSTALK_BETWEEN_EXTRINSIC_AND_INTRINSIC_APOPTOTIC_PATHWAYS,-0.00738131261605347,0.194025725504639,classical Monocyte
Bifidobacterium,KEGG_MEDICUS_PATHOGEN_SHIGELLA_IPAA_TO_ITGA_B_RHOGEF_RHOA_SIGNALING_PATHWAY,-0.00941536174458921,0.0975857615049298,classical Monocyte
Bifidobacterium,KEGG_MEDICUS_PATHOGEN_SHIGELLA_IPAB_C_D_TO_ITGA_B_TALIN_VINCULIN_SIGNALING_PATHWAY,0.000837225226334083,0.882887311029033,classical Monocyte
Bifidobacterium,KEGG_MEDICUS_PATHOGEN_SHIGELLA_IPAC_TO_ACTIN_SIGNALING_PATHWAY,-0.00263275416278307,0.643196198437426,classical Monocyte
Bifidobacterium,KEGG_MEDICUS_PATHOGEN_SHIGELLA_IPAH7.8_TO_NLRP3_INFLAMMASOME_SIGNALING_PATHWAY,-0.037471188677825,4.24161963876828e-11,classical Monocyte
Bifidobacterium,KEGG_MEDICUS_PATHOGEN_SHIGELLA_IPGB1_TO_ITGA_B_RHOG_RAC_SIGNALING_PATHWAY,0.0222444799765984,9.06267658118835e-05,classical Monocyte
Bifidobacterium,KEGG_MEDICUS_PATHOGEN_SHIGELLA_IPGD_TO_ARNO_ARF_ACTB_G_SIGNALING_PATHWAY,-0.00923591080398507,0.10414216430693,classical Monocyte
Bifidobacterium,KEGG_MEDICUS_PATHOGEN_SHIGELLA_OSPF_TO_TLR2_4_MAPK_SIGNALING_PATHWAY,0.0422536669788402,1.02324781546309e-13,classical Monocyte
Bifidobacterium,KEGG_MEDICUS_PATHOGEN_SHIGELLA_OSPG_TO_TNF_NFKB_SIGNALING_PATHWAY,-0.0348305781818223,8.77081035626425e-10,classical Monocyte
Bifidobacterium,KEGG_MEDICUS_PATHOGEN_YERSINIA_YOPH_TO_TCR_NFAT_SIGNALING_PATHWAY,0.0434212542178234,2.11253062821576e-14,classical Monocyte
Bifidobacterium,KEGG_MEDICUS_PATHOGEN_YERSINIA_YOPP_J_TO_TLR2_4_MAPK_SIGNALING_PATHWAY,0.0148773537971064,0.00884936305418388,classical Monocyte
Bifidobacterium,KEGG_MEDICUS_REFERENCE_26S_PROTEASOME_MEDIATED_PROTEIN_DEGRADATION,-0.0820646013237489,2.05482306075958e-47,classical Monocyte
Bifidobacterium,KEGG_MEDICUS_REFERENCE_ACH_CHRN_PI3K_SIGNALING_PATHWAY,0.0299254394536729,1.3899719219576e-07,classical Monocyte
Bifidobacterium,KEGG_MEDICUS_REFERENCE_ACH_CHRN_RAS_ERK_SIGNALING_PATHWAY,0.0496072939302477,2.46269017774836e-18,classical Monocyte
Bifidobacterium,KEGG_MEDICUS_REFERENCE_ACTH_CORTISOL_SIGNALING_PATHWAY,0.0215831704942752,0.000145864087872435,classical Monocyte
Bifidobacterium,KEGG_MEDICUS_REFERENCE_ACTIVATION_OF_PRC2.2_BY_UBIQUITINATION_OF_H2AK119,-0.0372473976210986,5.5283292272524e-11,classical Monocyte
Bifidobacterium,KEGG_MEDICUS_REFERENCE_ACTIVATION_OF_PRC2.2_BY_UBIQUITINATION_OF_H2AK119_IN_GERMLINE_GENES,-0.0308455916246342,5.68035428323352e-08,classical Monocyte
Bifidobacterium,KEGG_MEDICUS_REFERENCE_ACTIVIN_SIGNALING_PATHWAY,0.0374330834757153,4.43782638347557e-11,classical Monocyte
Bifidobacterium,KEGG_MEDICUS_REFERENCE_ADRB3_UCP1_SIGNALING_PATHWAY,0.0142049381536198,0.012437259578463,classical Monocyte
Bifidobacterium,KEGG_MEDICUS_REFERENCE_AGE_RAGE_SIGNALING_PATHWAY,0.0259388767493771,5.00160210296117e-06,classical Monocyte
Bifidobacterium,KEGG_MEDICUS_REFERENCE_AHR_SIGNALING_PATHWAY,0.0621714026889603,6.66913082094691e-28,classical Monocyte
Bifidobacterium,KEGG_MEDICUS_REFERENCE_ALTERNATIVE_PATHWAY_OF_COMPLEMENT_CASCADE_C3B_BREAKDOWN,0.0471197743315862,1.08270670690115e-16,classical Monocyte
Bifidobacterium,KEGG_MEDICUS_REFERENCE_AMH_SIGNALING_PATHWAY,0.00490047019183169,0.388553116012472,classical Monocyte
Bifidobacterium,KEGG_MEDICUS_REFERENCE_ANGII_AT1R_NOX2_SIGNALING_PATHWAY,0.0312956044970332,3.63306083257015e-08,classical Monocyte
Bifidobacterium,KEGG_MEDICUS_REFERENCE_ANGIOTENSIN_ALDOSTERONE_SIGNALING_PATHWAY,0.024414779318784,1.73572657637962e-05,classical Monocyte
Bifidobacterium,KEGG_MEDICUS_REFERENCE_ANTEROGRADE_AXONAL_TRANSPORT,-0.0707332330227595,1.21617761087175e-35,classical Monocyte
Bifidobacterium,KEGG_MEDICUS_REFERENCE_ANTIGEN_PROCESSING_AND_PRESENTATION_BY_MHC_CLASS_II_MOLECULES,-0.114001082411519,4.53423329108168e-90,classical Monocyte
Bifidobacterium,KEGG_MEDICUS_REFERENCE_ANTIGEN_PROCESSING_AND_PRESENTATION_BY_MHC_CLASS_I_MOLECULES,-0.0343144884965294,1.54667059107866e-09,classical Monocyte
Bifidobacterium,KEGG_MEDICUS_REFERENCE_ANXA2_S100A10_REGULATED_ACTIN_CYTOSKELETON,-0.00951454820887956,0.0941059798071291,classical Monocyte
Bifidobacterium,KEGG_MEDICUS_REFERENCE_AREG_EGFR_PI3K_SIGNALING_PATHWAY,0.0241463794901042,2.14552897969151e-05,classical Monocyte
Bifidobacterium,KEGG_MEDICUS_REFERENCE_AREG_EGFR_RAS_ERK_SIGNALING_PATHWAY,0.0700043729523771,6.05992985478583e-35,classical Monocyte
Bifidobacterium,KEGG_MEDICUS_REFERENCE_ARL8_REGULATED_MICROTUBULE_PLUS_END_DIRECTED_TRANSPORT,-0.0743618461675834,3.20147528206229e-39,classical Monocyte
Bifidobacterium,KEGG_MEDICUS_REFERENCE_ARNO_ARF_ACTB_G_SIGNALING_PATHWAY,-0.0146332152118961,0.0100281792917371,classical Monocyte
Bifidobacterium,KEGG_MEDICUS_REFERENCE_ASSEMBLY_AND_TRAFFICKING_OF_TELOMERASE,-0.0518864393663085,6.50529221644399e-20,classical Monocyte
Bifidobacterium,KEGG_MEDICUS_REFERENCE_ATR_P21_CELL_CYCLE_G2_M,0.029739498881542,1.66032611563987e-07,classical Monocyte
Bifidobacterium,KEGG_MEDICUS_REFERENCE_ATR_SIGNALING,-0.000466824511287674,0.934537049855628,classical Monocyte
Bifidobacterium,KEGG_MEDICUS_REFERENCE_AUTOPHAGOSOME_AND_LYSOSOME_FUSION_TETHERING_FACTOR,0.0235218913566662,3.48434062960161e-05,classical Monocyte
Bifidobacterium,KEGG_MEDICUS_REFERENCE_AUTOPHAGOSOME_AND_LYSOSOME_FUSION_TETHERING_FACTOR_GRASP55,-0.0113160583677258,0.0464668882858597,classical Monocyte
Bifidobacterium,KEGG_MEDICUS_REFERENCE_AUTOPHAGOSOME_AND_LYSOSOME_FUSION_TRANS_SNARE,-0.0138875885069293,0.0145398111641158,classical Monocyte
Bifidobacterium,KEGG_MEDICUS_REFERENCE_AUTOPHAGY_VESICLE_NUCLEATION_ELONGATION_MATURATION_E3_UBIQUITIN_LIGASE_MALIN,0.0177256600664342,0.00181416804009136,classical Monocyte
Bifidobacterium,KEGG_MEDICUS_REFERENCE_AUTOPHAGY_VESICLE_NUCLEATION_ELONGATION_MATURATION_LC3_II_FORMATION,0.00444181640888148,0.434483383006872,classical Monocyte
Bifidobacterium,KEGG_MEDICUS_REFERENCE_AUTOPHAGY_VESICLE_NUCLEATION_ELONGATION_MATURATION_MTORC1_PI3KC3_C1,0.0156289700147442,0.00595789793325608,classical Monocyte
Bifidobacterium,KEGG_MEDICUS_REFERENCE_AUTOPHAGY_VESICLE_NUCLEATION_ELONGATION_MATURATION_PACER_RUBCN_PI3KC3_C2,0.00663331829476763,0.243150997598894,classical Monocyte
Bifidobacterium,KEGG_MEDICUS_REFERENCE_AUTOPHAGY_VESICLE_NUCLEATION_ELONGATION_MATURATION_PI3P_SYNTHESIS_BY_PI3KC3_C1,-0.0191947662259016,0.000731119003267926,classical Monocyte
Bifidobacterium,KEGG_MEDICUS_REFERENCE_AUTOPHAGY_VESICLE_NUCLEATION_ELONGATION_MATURATION_SEQUESTOSOME_1_LIKE_RECEPTOR,-0.0417362519504604,2.03150933861768e-13,classical Monocyte
Bifidobacterium,KEGG_MEDICUS_REFERENCE_AVP_V2R_PKA_SIGNALING_PATHWAY,0.000915330819975592,0.872051858211762,classical Monocyte
Bifidobacterium,KEGG_MEDICUS_REFERENCE_BASE_EXCISION_AND_STRAND_CLEAVAGE_BY_BIFUNCTIONAL_GLYCOSYLASE,-0.0316906218797982,2.44175897263362e-08,classical Monocyte
Bifidobacterium,KEGG_MEDICUS_REFERENCE_BASE_EXCISION_AND_STRAND_CLEAVAGE_BY_MONOFUNCTIONAL_GLYCOSYLASE,-0.0160653474718535,0.00470032404201139,classical Monocyte
Bifidobacterium,KEGG_MEDICUS_REFERENCE_BASE_EXCISION_AND_STRAND_CLEAVAGE_BY_NEIL_GLYCOSYLASE,-0.0236123207908651,3.25040581577946e-05,classical Monocyte
Bifidobacterium,KEGG_MEDICUS_REFERENCE_BCR_BCAP_CD19_PI3K_SIGNALING_PATHWAY,0.0246771878683396,1.40793995174336e-05,classical Monocyte
Bifidobacterium,KEGG_MEDICUS_REFERENCE_BCR_PLCG_CALCINEURIN_SIGNALING_PATHWAY,0.00707948019012832,0.21289214279487,classical Monocyte
Bifidobacterium,KEGG_MEDICUS_REFERENCE_BCR_PLCG_ITPR_SIGNALING_PATHWAY,0.0514595819016666,1.30055899400628e-19,classical Monocyte
Bifidobacterium,KEGG_MEDICUS_REFERENCE_BETA_OXIDATION,-0.012345455324823,0.029835374474211,classical Monocyte
Bifidobacterium,KEGG_MEDICUS_REFERENCE_BETA_OXIDATION_ACYL_COA_SYNTHESIS,0.0228079850940455,5.98013366140091e-05,classical Monocyte
Bifidobacterium,KEGG_MEDICUS_REFERENCE_BETA_OXIDATION_PEROXISOME_VLCFA,-0.010022862210674,0.0778044569415271,classical Monocyte
Bifidobacterium,KEGG_MEDICUS_REFERENCE_BILE_ACID_BIOSYNTHESIS,0.00154755980230635,0.785396169934404,classical Monocyte
Bifidobacterium,KEGG_MEDICUS_REFERENCE_BLOCKING_UBIQUITINATION_OF_H2AK119_BY_CK2,-0.0115663287372809,0.0418340908894067,classical Monocyte
Bifidobacterium,KEGG_MEDICUS_REFERENCE_BLOOD_GROUP_H_O_ANTIGEN_TYPE_1_BIOSYNTHESIS,-0.00597349506695591,0.293236779873932,classical Monocyte
Bifidobacterium,KEGG_MEDICUS_REFERENCE_BLOOD_GROUP_H_O_ANTIGEN_TYPE_2_BIOSYNTHESIS,0.00106063521643089,0.851959280246105,classical Monocyte
Bifidobacterium,KEGG_MEDICUS_REFERENCE_BMP15_SIGNALING_PATHWAY,0.0195519067255731,0.000580657068911549,classical Monocyte
Bifidobacterium,KEGG_MEDICUS_REFERENCE_BMP9_10_SIGNALING_PATHWAY,0.0250015797445001,1.08389366332551e-05,classical Monocyte
Bifidobacterium,KEGG_MEDICUS_REFERENCE_BMP_HAMP_SIGNALING_PATHWAY,0.0169257450984966,0.00289849417562377,classical Monocyte
Bifidobacterium,KEGG_MEDICUS_REFERENCE_BMP_HAMP_SIGNALING_PATHWAY_AUXILIARY_FACTOR,0.0174541689298195,0.00213129037875309,classical Monocyte
Bifidobacterium,KEGG_MEDICUS_REFERENCE_BMP_SIGNALING_PATHWAY,0.021706152449708,0.000133639265255084,classical Monocyte
Bifidobacterium,KEGG_MEDICUS_REFERENCE_BMP_SIGNALING_PATHWAY_BMP_ANTAGONIST,-0.00926120244317954,0.103197468650109,classical Monocyte
Bifidobacterium,KEGG_MEDICUS_REFERENCE_BRANCHING_MICROTUBULE_NUCLEATION,-0.0824969721496981,6.74411315019325e-48,classical Monocyte
Bifidobacterium,KEGG_MEDICUS_REFERENCE_BREAK_INDUCED_REPLICATION,-0.0080507512466541,0.156613112143657,classical Monocyte
Bifidobacterium,KEGG_MEDICUS_REFERENCE_C9ORF72_MEDIATED_AUTOPHAGY_INITIATION,0.0489989253447199,6.32270507724491e-18,classical Monocyte
Bifidobacterium,KEGG_MEDICUS_REFERENCE_CA2_CAM_CAMK_SIGNALING_PATHWAY,-0.0329553032220973,6.62872304806507e-09,classical Monocyte
Bifidobacterium,KEGG_MEDICUS_REFERENCE_CA2_CAM_CN_SIGNALING_PATHWAY,-0.0288486604514108,3.8346834178519e-07,classical Monocyte
Bifidobacterium,KEGG_MEDICUS_REFERENCE_CA2_CAM_VGCC_RYR_SIGNALING_PATHWAY,-0.0481990401633553,2.14670995486979e-17,classical Monocyte
Bifidobacterium,KEGG_MEDICUS_REFERENCE_CA2_ENTRY_LIGAND_GATED_CA2_CHANNEL,-0.0011207951004279,0.843667688941186,classical Monocyte
Bifidobacterium,KEGG_MEDICUS_REFERENCE_CA2_ENTRY_STORE_OPERATED_CA2_CHANNEL,0.0022490248774923,0.692313775477637,classical Monocyte
Bifidobacterium,KEGG_MEDICUS_REFERENCE_CA2_ENTRY_VOLTAGE_GATED_CA2_CHANNEL,0.0112179902885961,0.0483964583431416,classical Monocyte
Bifidobacterium,KEGG_MEDICUS_REFERENCE_CA2_PLCD_ITPR_SIGNALING_PATHWAY,0.0510309410338501,2.59294612812464e-19,classical Monocyte
Bifidobacterium,KEGG_MEDICUS_REFERENCE_CA2_PYK2_RAS_ERK_SIGNALING_PATHWAY,0.0735061884255655,2.32046367017838e-38,classical Monocyte
Bifidobacterium,KEGG_MEDICUS_REFERENCE_CARDIAC_TYPE_VGCC_RYR_SIGNALING,0.0209300296618473,0.000230461810671991,classical Monocyte
Bifidobacterium,KEGG_MEDICUS_REFERENCE_CASR_PTH_SIGNALING_PATHWAY,0.0738909550647395,9.54961264716919e-39,classical Monocyte
Bifidobacterium,KEGG_MEDICUS_REFERENCE_CCR2_GNB_G_PI3K_NFKB_SIGNALING_PATHWAY,-0.0216900725633018,0.000135180933073761,classical Monocyte
Bifidobacterium,KEGG_MEDICUS_REFERENCE_CCR5_GNB_G_PLCB_G_PKC_SIGNALING_PATHWAY,0.0135407856432686,0.0171901988987238,classical Monocyte
Bifidobacterium,KEGG_MEDICUS_REFERENCE_CCR_CXCR_GNB_G_PI3K_RAC_SIGNALING_PATHWAY,-0.0190142148840371,0.000820281479053618,classical Monocyte
Bifidobacterium,KEGG_MEDICUS_REFERENCE_CD40_NFKB_SIGNALING_PATHWAY,0.0112968665908237,0.0468393208286522,classical Monocyte
Bifidobacterium,KEGG_MEDICUS_REFERENCE_CD80_CD86_CD28_PI3K_SIGNALING_PATHWAY,0.0312054845590416,3.97517629566128e-08,classical Monocyte
Bifidobacterium,KEGG_MEDICUS_REFERENCE_CD80_CD86_CTLA4_PP2A_SIGNALING_PATHWAY,-0.000926687255127094,0.870478347192871,classical Monocyte
Bifidobacterium,KEGG_MEDICUS_REFERENCE_CDC25_CELL_CYCLE_G2_M,0.0403830355621555,1.17476112553545e-12,classical Monocyte
Bifidobacterium,KEGG_MEDICUS_REFERENCE_CENPE_INTERACTION_WITH_NDC80_COMPLEX,-0.0217878254073445,0.000126061272798048,classical Monocyte
Bifidobacterium,KEGG_MEDICUS_REFERENCE_CGAS_STING_SIGNALING_PATHWAY,-0.00711668871735558,0.210497284871535,classical Monocyte
Bifidobacterium,KEGG_MEDICUS_REFERENCE_CHOLESTEROL_BIOSYNTHESIS,-0.00520751088933535,0.359525720447808,classical Monocyte
Bifidobacterium,KEGG_MEDICUS_REFERENCE_CHONDROITIN_SULFATE_BIOSYNTHESIS,0.0492810989371944,4.08872062791556e-18,classical Monocyte
Bifidobacterium,KEGG_MEDICUS_REFERENCE_CHRNA7_E2F_SIGNALING_PATHWAY,0.0370768556845073,6.75823562875991e-11,classical Monocyte
Bifidobacterium,KEGG_MEDICUS_REFERENCE_CITRATE_CYCLE_FIRST_CARBON_OXIDATION,-0.0382732180355472,1.6207839337213e-11,classical Monocyte
Bifidobacterium,KEGG_MEDICUS_REFERENCE_CITRATE_CYCLE_SECOND_CARBON_OXIDATION_2,-0.0474728576940692,6.40209388287802e-17,classical Monocyte
Bifidobacterium,KEGG_MEDICUS_REFERENCE_CLASSICAL_PATHWAY_OF_COMPLEMENT_CASCADE_C4_C2_TO_C3_CONVERTASE_FORMATION,-0.0415882854822913,2.46795912448667e-13,classical Monocyte
Bifidobacterium,KEGG_MEDICUS_REFERENCE_COHESIN_ACETYLATION,0.00287990137281023,0.61235094795135,classical Monocyte
Bifidobacterium,KEGG_MEDICUS_REFERENCE_COHESIN_DISSOCIATION_IN_ANAPHASE,-0.017354579283708,0.00225983012645877,classical Monocyte
Bifidobacterium,KEGG_MEDICUS_REFERENCE_COHESIN_DISSOCIATION_IN_PROPHASE,0.0235893603226096,3.30834789292842e-05,classical Monocyte
Bifidobacterium,KEGG_MEDICUS_REFERENCE_COHESIN_LOADING,0.0585197332984348,6.66174381723412e-25,classical Monocyte
Bifidobacterium,KEGG_MEDICUS_REFERENCE_COMMON_PATHWAY_OF_COMPLEMENT_CASCADE_MAC_FORMATION,0.00636244390678643,0.262933244882861,classical Monocyte
Bifidobacterium,KEGG_MEDICUS_REFERENCE_CONDENSIN_LOADING,0.00534082528281928,0.347357925100478,classical Monocyte
Bifidobacterium,KEGG_MEDICUS_REFERENCE_COPII_VESICLE_FORMATION,0.0113361571834979,0.0460795292206605,classical Monocyte
Bifidobacterium,KEGG_MEDICUS_REFERENCE_COPI_VESICLE_FORMATION,-0.0380134045429556,2.21821599898659e-11,classical Monocyte
Bifidobacterium,KEGG_MEDICUS_REFERENCE_CORE_NER_REACTION,-0.0194236997426041,0.000630998508828732,classical Monocyte
Bifidobacterium,KEGG_MEDICUS_REFERENCE_CREATINE_PATHWAY,-0.0411809638735936,4.20241835081065e-13,classical Monocyte
Bifidobacterium,KEGG_MEDICUS_REFERENCE_CRHR_PKA_ACTH_SIGNALING_PATHWAY,0.0253701697894748,8.02158733030947e-06,classical Monocyte
Bifidobacterium,KEGG_MEDICUS_REFERENCE_CROSSTALK_BETWEEN_EXTRINSIC_AND_INTRINSIC_APOPTOTIC_PATHWAYS,-0.0289762218189534,3.40650969866011e-07,classical Monocyte
Bifidobacterium,KEGG_MEDICUS_REFERENCE_CX3CR1_GNAI_AC_PKA_SIGNALING_PATHWAY,-0.0357635154194473,3.08165825401718e-10,classical Monocyte
Bifidobacterium,KEGG_MEDICUS_REFERENCE_CXCL12_CXCR4_PKC_ERK_SIGNALING_PATHAWAY,0.081064081709746,2.64623734387416e-46,classical Monocyte
Bifidobacterium,KEGG_MEDICUS_REFERENCE_CXCR4_GNA12_13_RHO_SIGNALING_PATHWAY,0.0240157963464042,2.37675520573812e-05,classical Monocyte
Bifidobacterium,KEGG_MEDICUS_REFERENCE_CXCR4_GNAI_PI3K_BAD_SIGNALING_PATHWAY,-0.0103040021366744,0.0698256280233248,classical Monocyte
Bifidobacterium,KEGG_MEDICUS_REFERENCE_CXCR4_GNAQ_PLCB_G_CALCINEURIN_SIGNALING_PATHWAY,0.0218476744023238,0.000120767357562573,classical Monocyte
Bifidobacterium,KEGG_MEDICUS_REFERENCE_CXCR4_GNB_G_PLCB_PKC_SIGNALING_PATHWAY,0.0370471725671075,6.99806879881461e-11,classical Monocyte
Bifidobacterium,KEGG_MEDICUS_REFERENCE_CXCR4_GNB_G_RAC_SIGNALING_PATHWAY,-0.0380468633540898,2.13061008464019e-11,classical Monocyte
Bifidobacterium,KEGG_MEDICUS_REFERENCE_CXCR_GNB_G_ERK_SIGNALING_PATHWAY,-0.0144797282766307,0.0108390382902984,classical Monocyte
Bifidobacterium,KEGG_MEDICUS_REFERENCE_CXCR_GNB_G_PI3K_AKT_SIGNALING_PATHWAY,-0.0234007741517278,3.82279942187063e-05,classical Monocyte
Bifidobacterium,KEGG_MEDICUS_REFERENCE_CYTOKINE_JAK_STAT_SIGNALING_PATHWAY,0.0269641647339669,2.08285022851147e-06,classical Monocyte
Bifidobacterium,KEGG_MEDICUS_REFERENCE_DEPHOSPHORYLATION_OF_KINETOCHORE,-0.0221132019836388,9.97086448049008e-05,classical Monocyte
Bifidobacterium,KEGG_MEDICUS_REFERENCE_DERMATAN_SULFATE_DEGRADATION,0.00296176999504886,0.602279421879988,classical Monocyte
Bifidobacterium,KEGG_MEDICUS_REFERENCE_DEUBIQUITINATION_OF_H2AK119,0.0336456214320426,3.18760676691618e-09,classical Monocyte
Bifidobacterium,KEGG_MEDICUS_REFERENCE_DISASSEMBLY_OF_MCC,-0.013658172244175,0.0162491283368614,classical Monocyte
Bifidobacterium,KEGG_MEDICUS_REFERENCE_DNA_DEGRADATION_BY_EXTRACELLULAR_ENDOLYSOSOMAL_DNASE,-0.0175901984218644,0.0019665387590113,classical Monocyte
Bifidobacterium,KEGG_MEDICUS_REFERENCE_DNA_END_RESECTION_AND_RPA_LOADING,0.00694872062580368,0.22146415701462,classical Monocyte
Bifidobacterium,KEGG_MEDICUS_REFERENCE_DNA_REPLICATION_LICENSING,-0.00655554651107795,0.248720552664229,classical Monocyte
Bifidobacterium,KEGG_MEDICUS_REFERENCE_DNA_REPLICATION_TERMINATION,-0.055059031307448,3.1661926776797e-22,classical Monocyte
Bifidobacterium,KEGG_MEDICUS_REFERENCE_DOUBLE_HOLLIDAY_JUNCTION_RESOLUTION,-0.00714415257690189,0.208742169673541,classical Monocyte
Bifidobacterium,KEGG_MEDICUS_REFERENCE_DOUBLE_STRAND_BREAK_SIGNALING,0.00649797612547081,0.252900454599074,classical Monocyte
Bifidobacterium,KEGG_MEDICUS_REFERENCE_DRD1_GNAS_AC_PKA_SIGNALING_PATHWAY,0.0243596712613187,1.81324945056328e-05,classical Monocyte
Bifidobacterium,KEGG_MEDICUS_REFERENCE_DYNEIN_RECRUITMENT_TO_THE_KINETOCHORE,-0.0198981900013292,0.000462753459860838,classical Monocyte
Bifidobacterium,KEGG_MEDICUS_REFERENCE_E2_ER_RAS_ERK_SIGNALING_PATHWAY,0.0493590279678372,3.62339525866982e-18,classical Monocyte
Bifidobacterium,KEGG_MEDICUS_REFERENCE_EARLY_ENDOSOMAL_FUSION,-0.0140503354867603,0.0134253400386259,classical Monocyte
Bifidobacterium,KEGG_MEDICUS_REFERENCE_EGF_EGFR_ACTIN_SIGNALING_PATHWAY,-0.000399368428839246,0.94397956505567,classical Monocyte
Bifidobacterium,KEGG_MEDICUS_REFERENCE_EGF_EGFR_PI3K_NFKB_SIGNALING_PATHWAY,-0.00402230345657893,0.479114018014719,classical Monocyte
Bifidobacterium,KEGG_MEDICUS_REFERENCE_EGF_EGFR_PI3K_SIGNALING_PATHWAY,0.0245014532843288,1.62015350289834e-05,classical Monocyte
Bifidobacterium,KEGG_MEDICUS_REFERENCE_EGF_EGFR_PLCG_CALCINEURIN_SIGNALING_PATHWAY,-0.0238590397817976,2.6856754513185e-05,classical Monocyte
Bifidobacterium,KEGG_MEDICUS_REFERENCE_EGF_EGFR_PLCG_CAMK_SIGNALING_PATHWAY,-0.0326650449539773,8.97952595330647e-09,classical Monocyte
Bifidobacterium,KEGG_MEDICUS_REFERENCE_EGF_EGFR_PLCG_ERK_SIGNALING_PATHWAY,0.0618421557392635,1.26441924339012e-27,classical Monocyte
Bifidobacterium,KEGG_MEDICUS_REFERENCE_EGF_EGFR_RAS_ERK_SIGNALING_PATHWAY,0.0694073047195807,2.23076990693141e-34,classical Monocyte
Bifidobacterium,KEGG_MEDICUS_REFERENCE_EGF_EGFR_RAS_JNK_SIGNALING_PATHWAY,0.0780179236801543,5.21884302975679e-43,classical Monocyte
Bifidobacterium,KEGG_MEDICUS_REFERENCE_EGF_EGFR_RAS_PI3K_SIGNALING_PATHWAY,0.0642380663935526,1.11371718916535e-29,classical Monocyte
Bifidobacterium,KEGG_MEDICUS_REFERENCE_EGF_EGFR_RAS_RALGDS_SIGNALING_PATHWAY,0.0495237930964573,2.80483551419277e-18,classical Monocyte
Bifidobacterium,KEGG_MEDICUS_REFERENCE_EGF_EGFR_RAS_RASSF1_SIGNALING_PATHWAY,0.0611650282584591,4.66295469025552e-27,classical Monocyte
Bifidobacterium,KEGG_MEDICUS_REFERENCE_EGF_ERBB2_RAS_ERK_SIGNALING_PATHWAY,0.0698557794385764,8.39030295431482e-35,classical Monocyte
Bifidobacterium,KEGG_MEDICUS_REFERENCE_EGF_JAK_STAT_SIGNALING_PATHWAY,-0.0010064185670113,0.859445810108517,classical Monocyte
Bifidobacterium,KEGG_MEDICUS_REFERENCE_ELECTRON_TRANSFER_IN_COMPLEX_I,-0.0579653293374299,1.83346440277549e-24,classical Monocyte
Bifidobacterium,KEGG_MEDICUS_REFERENCE_ELECTRON_TRANSFER_IN_COMPLEX_III,-0.0521719319407112,4.08017977901441e-20,classical Monocyte
Bifidobacterium,KEGG_MEDICUS_REFERENCE_ELECTRON_TRANSFER_IN_COMPLEX_IV,-0.0442772120714005,6.47100602420629e-15,classical Monocyte
Bifidobacterium,KEGG_MEDICUS_REFERENCE_EP_NE_ADRB_CAMP_SIGNALING_PATHWAY,0.00232360199763293,0.682657841215919,classical Monocyte
Bifidobacterium,KEGG_MEDICUS_REFERENCE_EREG_EGFR_PI3K_SIGNALING_PATHWAY,0.0236040300962584,3.27121576591632e-05,classical Monocyte
Bifidobacterium,KEGG_MEDICUS_REFERENCE_EREG_EGFR_RAS_ERK_SIGNALING_PATHWAY,0.0686148712827043,1.23644600741478e-33,classical Monocyte
Bifidobacterium,KEGG_MEDICUS_REFERENCE_ERK_RSK_SIGNALING,0.0303134421335624,9.56054266607387e-08,classical Monocyte
Bifidobacterium,KEGG_MEDICUS_REFERENCE_ESTABLISHMENT_OF_COHESION,0.0492573417086265,4.24197068830354e-18,classical Monocyte
Bifidobacterium,KEGG_MEDICUS_REFERENCE_EXTRINSIC_APOPTOTIC_PATHWAY,-0.0124166765213523,0.0289033755555961,classical Monocyte
Bifidobacterium,KEGG_MEDICUS_REFERENCE_FANCONI_ANEMIA_PATHWAY,-0.0558921719970421,7.42672888147004e-23,classical Monocyte
Bifidobacterium,KEGG_MEDICUS_REFERENCE_FASLG_RIPK1_3_SIGNALING_PATHWAY,-0.00487618417930683,0.390908445211617,classical Monocyte
Bifidobacterium,KEGG_MEDICUS_REFERENCE_FAS_JNK_SIGNALING_PATHWAY,0.0466306926651309,2.22762255436189e-16,classical Monocyte
Bifidobacterium,KEGG_MEDICUS_REFERENCE_FE3_FERRITIN_TRANSPORT,-0.00594305731754706,0.295703342873027,classical Monocyte
Bifidobacterium,KEGG_MEDICUS_REFERENCE_FE_TF_TRANSPORT,0.00140923938201842,0.804168309260049,classical Monocyte
Bifidobacterium,KEGG_MEDICUS_REFERENCE_FGF_FGFR_PI3K_SIGNALING_PATHWAY,0.0233338605181859,4.02293955292156e-05,classical Monocyte
Bifidobacterium,KEGG_MEDICUS_REFERENCE_FGF_FGFR_RAS_ERK_SIGNALING_PATHWAY,0.0696249561683301,1.38897099671199e-34,classical Monocyte
Bifidobacterium,KEGG_MEDICUS_REFERENCE_FLCN_MTORC1_SIGNALING_PATHWAY,-0.020313377246873,0.000350880190531326,classical Monocyte
Bifidobacterium,KEGG_MEDICUS_REFERENCE_FLT3LG_FLT3_RAS_ERK_SIGNALING_PATHWAY,0.0663435968659053,1.50212043769317e-31,classical Monocyte
Bifidobacterium,KEGG_MEDICUS_REFERENCE_FLT3LG_FLT3_RAS_PI3K_SIGNALING_PATHWAY,0.0614860446387211,2.51613942628472e-27,classical Monocyte
Bifidobacterium,KEGG_MEDICUS_REFERENCE_FSHR_GNAS_PKA_SIGNALING_PATHWAY,0.00297904895067091,0.60016332923448,classical Monocyte
Bifidobacterium,KEGG_MEDICUS_REFERENCE_GATOR1_MTORC1_SIGNALING_PATHWAY,-0.0189825289209684,0.000836933101265507,classical Monocyte
Bifidobacterium,KEGG_MEDICUS_REFERENCE_GENE_SILENCING_BY_METHYLATION_OF_H3K27_AND_UBIQUITINATION_OF_H2AK119,-0.0304223746761181,8.6000221308304e-08,classical Monocyte
Bifidobacterium,KEGG_MEDICUS_REFERENCE_GF_RTK_PI3K_SIGNALING_PATHWAY,-0.0112934991238435,0.0469049276746969,classical Monocyte
Bifidobacterium,KEGG_MEDICUS_REFERENCE_GF_RTK_RAS_ERK_SIGNALING_PATHWAY,0.0427366624271498,5.35479818229665e-14,classical Monocyte
Bifidobacterium,KEGG_MEDICUS_REFERENCE_GF_RTK_RAS_PI3K_SIGNALING_PATHWAY,0.0349357706177351,7.80539427314981e-10,classical Monocyte
Bifidobacterium,KEGG_MEDICUS_REFERENCE_GHRHR_PKA_GH_SIGNALING_PATHWAY,0.026242484299034,3.87143437987921e-06,classical Monocyte
Bifidobacterium,KEGG_MEDICUS_REFERENCE_GH_JAK_STAT_SIGNALING_PATHWAY,0.0532908153072095,6.39995393217152e-21,classical Monocyte
Bifidobacterium,KEGG_MEDICUS_REFERENCE_GLOBAL_GENOME_NER,-0.00792085008559375,0.163408932884329,classical Monocyte
Bifidobacterium,KEGG_MEDICUS_REFERENCE_GLUCONEOGENESIS,-0.031060475257086,4.59220612775871e-08,classical Monocyte
Bifidobacterium,KEGG_MEDICUS_REFERENCE_GLUTATHIONE_BIOSYNTHESIS,-0.0051936883440829,0.360802466773614,classical Monocyte
Bifidobacterium,KEGG_MEDICUS_REFERENCE_GLYCOGEN_BIOSYNTHESIS,-0.00185401477760064,0.744261924641622,classical Monocyte
Bifidobacterium,KEGG_MEDICUS_REFERENCE_GLYCOGEN_DEGRADATION,0.0294611607776917,2.16218088180555e-07,classical Monocyte
Bifidobacterium,KEGG_MEDICUS_REFERENCE_GLYCOGEN_DEGRADATION_AMYLASE_,0.000214105038456526,0.969949327463641,classical Monocyte
Bifidobacterium,KEGG_MEDICUS_REFERENCE_GLYCOLYSIS,-0.0025614799255658,0.652210221279895,classical Monocyte
Bifidobacterium,KEGG_MEDICUS_REFERENCE_GLYCOSAMINOGLYCAN_BIOSYNTHESIS_LINKAGE_TETRASACCHARIDE,-0.00459761290159397,0.418540720896791,classical Monocyte
Bifidobacterium,KEGG_MEDICUS_REFERENCE_GNRH_GNRHR_PLCB_PKC_SIGNALING_PATHWAY,0.0807648941000717,5.64750824453473e-46,classical Monocyte
Bifidobacterium,KEGG_MEDICUS_REFERENCE_GPCR_PI3K_SIGNALING_PATHWAY,-0.0165454227112664,0.00359846492902641,classical Monocyte
Bifidobacterium,KEGG_MEDICUS_REFERENCE_GPCR_PLCB_ITPR_SIGNALING_PATHWAY,0.0648635362195677,3.14419091982766e-30,classical Monocyte
Bifidobacterium,KEGG_MEDICUS_REFERENCE_GPI_ANCHOR_BIOSYNTHESIS,-0.0133155610089105,0.0191303824214007,classical Monocyte
Bifidobacterium,KEGG_MEDICUS_REFERENCE_HEDGEHOG_SIGNALING_PATHWAY,0.00596019713238995,0.294312692015101,classical Monocyte
Bifidobacterium,KEGG_MEDICUS_REFERENCE_HEDGEHOG_SIGNALING_PATHWAY_HH_LIGAND_SECRETION,0.00199000998689361,0.726231265097939,classical Monocyte
Bifidobacterium,KEGG_MEDICUS_REFERENCE_HEDGEHOG_SIGNALING_PATHWAY_PTCH_CORECEPTOR,-0.00611628995377314,0.281849902943821,classical Monocyte
Bifidobacterium,KEGG_MEDICUS_REFERENCE_HEME_BIOSYNTHESIS,-0.0219709549810555,0.000110516089845024,classical Monocyte
Bifidobacterium,KEGG_MEDICUS_REFERENCE_HEPARAN_SULFATE_BIOSYNTHESIS,0.0269549067810416,2.09968640805216e-06,classical Monocyte
Bifidobacterium,KEGG_MEDICUS_REFERENCE_HEPARAN_SULFATE_DEGRADATION,-0.00627398104128593,0.269628030496587,classical Monocyte
Bifidobacterium,KEGG_MEDICUS_REFERENCE_HGF_MET_PI3K_SIGNALING_PATHWAY,0.027331543979068,1.51012473224749e-06,classical Monocyte
Bifidobacterium,KEGG_MEDICUS_REFERENCE_HGF_MET_RAS_ERK_SIGNALING_PATHWAY,0.0702264099002824,3.7218262452028e-35,classical Monocyte
Bifidobacterium,KEGG_MEDICUS_REFERENCE_HIF_1_SIGNALING_PATHWAY,-0.00493813191267929,0.384917706663897,classical Monocyte
Bifidobacterium,KEGG_MEDICUS_REFERENCE_HOMOLOGOUS_RECOMBINATION,0.0026873464710686,0.636327184267664,classical Monocyte
Bifidobacterium,KEGG_MEDICUS_REFERENCE_HOMOLOGOUS_RECOMBINATION_IN_ICLR,-0.0604902078598964,1.68790541922961e-26,classical Monocyte
Bifidobacterium,KEGG_MEDICUS_REFERENCE_HORMONE_LIKE_CYTOKINE_TO_JAK_STAT_SIGNALING_PATHWAY,0.0962525559880884,1.25567140745717e-64,classical Monocyte
Bifidobacterium,KEGG_MEDICUS_REFERENCE_HYDROLYSIS_OF_SPHINGOMYELIN,-0.0213575710949329,0.000171072250168221,classical Monocyte
Bifidobacterium,KEGG_MEDICUS_REFERENCE_ICOSLG_ICOS_PI3K_SIGNALING_PATHWAY,0.00457421163885076,0.420913161257515,classical Monocyte
Bifidobacterium,KEGG_MEDICUS_REFERENCE_IFN_RIPK1_3_SIGNALING_PATHWAY,0.0225692688241351,7.13990351034746e-05,classical Monocyte
Bifidobacterium,KEGG_MEDICUS_REFERENCE_IGF2_IGF1R_PI3K_SIGNALING_PATHWAY,0.0240514018711885,2.31145931623338e-05,classical Monocyte
Bifidobacterium,KEGG_MEDICUS_REFERENCE_IGF_IGF1R_PI3K_SIGNALING_PATHWAY,0.00319566291123685,0.573925800655134,classical Monocyte
Bifidobacterium,KEGG_MEDICUS_REFERENCE_IGF_IGF1R_RAS_ERK_SIGNALING_PATHWAY,0.0695626929928404,1.59081844807383e-34,classical Monocyte
Bifidobacterium,KEGG_MEDICUS_REFERENCE_IGF_IGFR_PI3K_NFKB_SIGNALING_PATHWAY,-0.00327587616307659,0.564349666048374,classical Monocyte
Bifidobacterium,KEGG_MEDICUS_REFERENCE_IGG_FCGR_RAC_SIGNALING_PATHWAY,-0.0649471267558933,2.6527848827372e-30,classical Monocyte
Bifidobacterium,KEGG_MEDICUS_REFERENCE_II_BLOOD_GROUP_ANTIGEN_BIOSYNTHESIS,0.00773036027774069,0.17377317439568,classical Monocyte
Bifidobacterium,KEGG_MEDICUS_REFERENCE_IL10_FAMILY_TO_JAK_STAT_SIGNALING_PATHWAY,-0.00787063669622385,0.16609462104818,classical Monocyte
Bifidobacterium,KEGG_MEDICUS_REFERENCE_IL12_23_TO_JAK_STAT_SIGNALING_PATHWAY,0.0400270445176866,1.84673383326409e-12,classical Monocyte
Bifidobacterium,KEGG_MEDICUS_REFERENCE_IL1_IL1R_JNK_SIGNALING_PATHWAY,-0.00351558367083282,0.536199780749172,classical Monocyte
Bifidobacterium,KEGG_MEDICUS_REFERENCE_IL1_IL1R_P38_SIGNALING_PATHWAY,-0.0103095439122419,0.0696753685860359,classical Monocyte
Bifidobacterium,KEGG_MEDICUS_REFERENCE_IL2_FAMILY_TO_JAK_STAT_SIGNALING_PATHWAY,0.0016162169206555,0.776123781297756,classical Monocyte
Bifidobacterium,KEGG_MEDICUS_REFERENCE_IL6_FAMILY_TO_JAK_STAT_SIGNALING_PATHWAY,0.0393016840792533,4.58663456744999e-12,classical Monocyte
Bifidobacterium,KEGG_MEDICUS_REFERENCE_INACTIVATION_OF_CONDENSIN_I,0.0135359420330784,0.0172300359792119,classical Monocyte
Bifidobacterium,KEGG_MEDICUS_REFERENCE_INTRINSIC_APOPTOTIC_PATHWAY,-0.0176621175920459,0.00188423798336213,classical Monocyte
Bifidobacterium,KEGG_MEDICUS_REFERENCE_IRE1A_JNK_SIGNALING_PATHWAY,0.0524302871959796,2.66935776054211e-20,classical Monocyte
Bifidobacterium,KEGG_MEDICUS_REFERENCE_ISOLEUCINE_DEGRADATION,-0.0284063368798531,5.75950754638318e-07,classical Monocyte
Bifidobacterium,KEGG_MEDICUS_REFERENCE_ITGA_B_FAK_CDC42_SIGNALING_PATHWAY,-0.00348530446286086,0.539716239476461,classical Monocyte
Bifidobacterium,KEGG_MEDICUS_REFERENCE_ITGA_B_FAK_RAC_SIGNALING_PATHWAY,-0.013298911881409,0.0192811221443456,classical Monocyte
Bifidobacterium,KEGG_MEDICUS_REFERENCE_ITGA_B_RHOGAP_RHOA_SIGNALING_PATHWAY,-0.0347486016553184,9.60298299653763e-10,classical Monocyte
Bifidobacterium,KEGG_MEDICUS_REFERENCE_ITGA_B_RHOGEF_RHOA_SIGNALING_PATHWAY,-0.0345142173777507,1.24300406856865e-09,classical Monocyte
Bifidobacterium,KEGG_MEDICUS_REFERENCE_ITGA_B_RHOG_RAC_SIGNALING_PATHWAY,-0.0326603128537713,9.02388110814464e-09,classical Monocyte
Bifidobacterium,KEGG_MEDICUS_REFERENCE_ITGA_B_TALIN_VINCULIN_SIGNALING_PATHWAY,-0.016483802421844,0.00372536159281591,classical Monocyte
Bifidobacterium,KEGG_MEDICUS_REFERENCE_KEAP1_NRF2_SIGNALING_PATHWAY,-0.0288239842116739,3.923304115242e-07,classical Monocyte
Bifidobacterium,KEGG_MEDICUS_REFERENCE_KERATAN_SULFATE_DEGRADATION,-0.00396107153300168,0.485831351836773,classical Monocyte
Bifidobacterium,KEGG_MEDICUS_REFERENCE_KINETOCHORE_FIBER_ORGANIZATION,-0.0716821942707825,1.46590077300949e-36,classical Monocyte
Bifidobacterium,KEGG_MEDICUS_REFERENCE_KINETOCHORE_MICROTUBULE_ATTACHMENT,-0.0798885921131181,5.11820595939886e-45,classical Monocyte
Bifidobacterium,KEGG_MEDICUS_REFERENCE_KISS1_KISS1R_PLCB_PKC_SIGNALING_PATHWAY,0.0825070266374485,6.57117261066938e-48,classical Monocyte
Bifidobacterium,KEGG_MEDICUS_REFERENCE_KITLG_KIT_PI3K_SIGNALING_PATHWAY,0.0242729885369552,1.94190106617316e-05,classical Monocyte
Bifidobacterium,KEGG_MEDICUS_REFERENCE_KITLG_KIT_RAS_ERK_SIGNALING_PATHWAY,0.069856969115677,8.36849705226237e-35,classical Monocyte
Bifidobacterium,KEGG_MEDICUS_REFERENCE_LECTIN_PATHWAY_OF_COAGULATION_CASCADE_PROTHROMBIN_TO_THROMBIN,0.0645171058931796,6.34432303481141e-30,classical Monocyte
Bifidobacterium,KEGG_MEDICUS_REFERENCE_LECTIN_PATHWAY_OF_COMPLEMENT_CASCADE_C4_C2_TO_C3_CONVERTASE_FORMATION,0.0626124699770522,2.81578600760855e-28,classical Monocyte
Bifidobacterium,KEGG_MEDICUS_REFERENCE_LESION_BYPASS_BY_TLS_AND_DSB_FORMATION,-0.0576955262605214,2.99054458087589e-24,classical Monocyte
Bifidobacterium,KEGG_MEDICUS_REFERENCE_LEUCINE_DEGRADATION,-0.00434891444746382,0.444154650623347,classical Monocyte
Bifidobacterium,KEGG_MEDICUS_REFERENCE_LHCGR_GNAS_PKA_SIGNALING_PATHWAY,0.00297904895067091,0.60016332923448,classical Monocyte
Bifidobacterium,KEGG_MEDICUS_REFERENCE_LIGHT_HVEM_NFKB_SIGNALING_PATHWAY,-0.0249135676100047,1.16396983761206e-05,classical Monocyte
Bifidobacterium,KEGG_MEDICUS_REFERENCE_LOADING_OF_THE_SMC5_SMC6_COMPLEX,-0.0453380096201023,1.44753939853872e-15,classical Monocyte
Bifidobacterium,KEGG_MEDICUS_REFERENCE_LONG_PATCH_BER,-0.00536957855448788,0.344768322174943,classical Monocyte
Bifidobacterium,KEGG_MEDICUS_REFERENCE_LPAR_GNB_G_RHO_SIGNALING_PATHWAY,-0.0325272716826765,1.03618414048677e-08,classical Monocyte
Bifidobacterium,KEGG_MEDICUS_REFERENCE_LPA_GNA12_13_RHOA_SIGNALING_PATHWAY,0.0347434986023035,9.6572572121916e-10,classical Monocyte
Bifidobacterium,KEGG_MEDICUS_REFERENCE_LPA_GNAQ_11_RHOA_SIGNALING_PATHWAY,0.0115209248139904,0.0426442956609776,classical Monocyte
Bifidobacterium,KEGG_MEDICUS_REFERENCE_LYSOSOMAL_CA2_RELEASE,-0.0337460993243766,2.86194475284983e-09,classical Monocyte
Bifidobacterium,KEGG_MEDICUS_REFERENCE_MACHR_CA2_APOPTOTIC_PATHWAY,0.00358382227570188,0.528317437566527,classical Monocyte
Bifidobacterium,KEGG_MEDICUS_REFERENCE_MAGI_PTEN_SIGNALING_PATHWAY,0.0137218814851797,0.0157575794045124,classical Monocyte
Bifidobacterium,KEGG_MEDICUS_REFERENCE_MANNOSE_TYPE_O_GLYCAN_BIOSYNTHESIS_FKTN_TO_LARGE,-0.00646324176295287,0.255445886972024,classical Monocyte
Bifidobacterium,KEGG_MEDICUS_REFERENCE_MANNOSE_TYPE_O_GLYCAN_BIOSYNTHESIS_POMT_TO_POMK,-0.00959475160218159,0.0913655401807222,classical Monocyte
Bifidobacterium,KEGG_MEDICUS_REFERENCE_MDA5_IRF7_3_SIGNALING_PATHWAY,0.0221282607739354,9.86248395620443e-05,classical Monocyte
Bifidobacterium,KEGG_MEDICUS_REFERENCE_MDM2_P21_CELL_CYCLE_G1_S_N00066,0.0228161234635889,5.94392779983307e-05,classical Monocyte
Bifidobacterium,KEGG_MEDICUS_REFERENCE_MDM2_P21_CELL_CYCLE_G1_S_N00536,0.0235654792746196,3.36965332348991e-05,classical Monocyte
Bifidobacterium,KEGG_MEDICUS_REFERENCE_MEMBRANE_INITIATED_PROGESTERONE_SIGNALING_PATHWAY,0.027486076512454,1.31749428207471e-06,classical Monocyte
Bifidobacterium,KEGG_MEDICUS_REFERENCE_METHIONINE_DEGRADATION,-0.00678802510470276,0.232333791886147,classical Monocyte
Bifidobacterium,KEGG_MEDICUS_REFERENCE_MEVALONATE_PATHWAY,-0.0226390563831647,6.7805175750314e-05,classical Monocyte
Bifidobacterium,KEGG_MEDICUS_REFERENCE_MGLUR1_TRPC3_SIGNALING_PATHWAY,0.0860882467074219,5.14403610023787e-52,classical Monocyte
Bifidobacterium,KEGG_MEDICUS_REFERENCE_MGLUR5_CA2_APOPTOTIC_PATHWAY,0.00956498470721003,0.0923750518179176,classical Monocyte
Bifidobacterium,KEGG_MEDICUS_REFERENCE_MICROTUBULE_DEPOLYMERIZATION,-0.079332014324114,2.04963697957939e-44,classical Monocyte
Bifidobacterium,KEGG_MEDICUS_REFERENCE_MICROTUBULE_DEPOLYMERIZATION_AT_THE_MINUS_ENDS,-0.0778883381979781,7.16041636628038e-43,classical Monocyte
Bifidobacterium,KEGG_MEDICUS_REFERENCE_MICROTUBULE_NUCLEATION,-0.0779212083732833,6.60870970528158e-43,classical Monocyte
Bifidobacterium,KEGG_MEDICUS_REFERENCE_MICROTUBULE_RHOA_SIGNALING_PATHWAY,-0.0393739357853591,4.19230531436578e-12,classical Monocyte
Bifidobacterium,KEGG_MEDICUS_REFERENCE_MISMATCH_REPAIR,0.000392763509444458,0.944904567776256,classical Monocyte
Bifidobacterium,KEGG_MEDICUS_REFERENCE_MITOCHONDRIAL_COMPLEX_UCP1_IN_THERMOGENESIS,-0.0661269298287881,2.35455730877166e-31,classical Monocyte
Bifidobacterium,KEGG_MEDICUS_REFERENCE_MLK_JNK_SIGNALING_PATHWAY,0.0210316685611644,0.000214804617018947,classical Monocyte
Bifidobacterium,KEGG_MEDICUS_REFERENCE_MODIFYING_OF_CONDENSIN_II_SUBUNITS,-0.00323173034800268,0.569610427908362,classical Monocyte
Bifidobacterium,KEGG_MEDICUS_REFERENCE_MODIFYING_OF_CONDENSIN_I_SUBUNITS,0.011193060551071,0.0488975617412256,classical Monocyte
Bifidobacterium,KEGG_MEDICUS_REFERENCE_MYOSTATIN_SIGNALING_PATHWAY,0.017115968224342,0.00259720794359287,classical Monocyte
Bifidobacterium,KEGG_MEDICUS_REFERENCE_NAD_BIOSYNTHESIS,0.0279454100026657,8.74494269840687e-07,classical Monocyte
Bifidobacterium,KEGG_MEDICUS_REFERENCE_NALP12_INFLAMMASOME_SIGNALING_PATHWAY,-0.0321787311794159,1.4846916548093e-08,classical Monocyte
Bifidobacterium,KEGG_MEDICUS_REFERENCE_NLRC4_INFLAMMASOME_SIGNALING_PATHWAY,-0.0381166653163246,1.95861002163719e-11,classical Monocyte
Bifidobacterium,KEGG_MEDICUS_REFERENCE_NLRP1_INFLAMMASOME_SIGNALING_PATHWAY,-0.0204866681940356,0.000312137000764928,classical Monocyte
Bifidobacterium,KEGG_MEDICUS_REFERENCE_NLRP3_INFLAMMASOME_SIGNALING_PATHWAY,-0.0392687932257065,4.7779742165618e-12,classical Monocyte
Bifidobacterium,KEGG_MEDICUS_REFERENCE_NODAL_SIGNALING_PATHWAY,0.0377126590549162,3.18153428107016e-11,classical Monocyte
Bifidobacterium,KEGG_MEDICUS_REFERENCE_NOD_NFKB_SIGNALING_PATHWAY,-0.014416519942809,0.011189561421626,classical Monocyte
Bifidobacterium,KEGG_MEDICUS_REFERENCE_NON_CANONICAL_INFLAMMASOME_SIGNALING_PATHWAY,-0.0459086011569362,6.37695306233688e-16,classical Monocyte
Bifidobacterium,KEGG_MEDICUS_REFERENCE_NON_HOMOLOGOUS_END_JOINING,-0.000948805477832329,0.867415194396345,classical Monocyte
Bifidobacterium,KEGG_MEDICUS_REFERENCE_NOTCH_LIGAND_UBIQUITYLATION,-0.0077329797442628,0.173627398835439,classical Monocyte
Bifidobacterium,KEGG_MEDICUS_REFERENCE_NOTCH_MESP2_SIGNALING,0.0218834573607355,0.000117703060513512,classical Monocyte
Bifidobacterium,KEGG_MEDICUS_REFERENCE_NOTCH_PROTEOLYTIC_ACTIVATION,0.025847224002694,5.40075519564291e-06,classical Monocyte
Bifidobacterium,KEGG_MEDICUS_REFERENCE_NOTCH_SIGNALING_PATHWAY,0.0508616489677295,3.39991297506586e-19,classical Monocyte
Bifidobacterium,KEGG_MEDICUS_REFERENCE_NRG_ERBB4_PI3K_SIGNALING_PATHWAY,0.0282405209928913,6.69810023881878e-07,classical Monocyte
Bifidobacterium,KEGG_MEDICUS_REFERENCE_NUCLEAR_EXPORT_OF_MRNA,-0.00954429982686845,0.0930818173257741,classical Monocyte
Bifidobacterium,KEGG_MEDICUS_REFERENCE_NUCLEAR_INITIATED_ESTROGEN_SIGNALING_PATHWAY,0.0958131606972462,4.71492087373863e-64,classical Monocyte
Bifidobacterium,KEGG_MEDICUS_REFERENCE_NUCLEAR_INITIATED_PROGESTERONE_SIGNALING_PATHWAY,-0.0238031432814337,2.80479026003176e-05,classical Monocyte
Bifidobacterium,KEGG_MEDICUS_REFERENCE_N_GLYCAN_BIOSYNTHESIS,0.0258877775486569,5.22051825764881e-06,classical Monocyte
Bifidobacterium,KEGG_MEDICUS_REFERENCE_N_GLYCAN_PRECURSOR_BIOSYNTHESIS_ALG6_TO_OST,-0.0186142983367295,0.00105484558000573,classical Monocyte
Bifidobacterium,KEGG_MEDICUS_REFERENCE_N_GLYCAN_PRECURSOR_BIOSYNTHESIS_ALG7_TO_ALG11,0.0116291213810413,0.0407350930690627,classical Monocyte
Bifidobacterium,KEGG_MEDICUS_REFERENCE_N_GLYCAN_PRECURSOR_BIOSYNTHESIS_GLC_6P_TO_MAN_P_DOL,-0.0167189446370465,0.00326196250898755,classical Monocyte
Bifidobacterium,KEGG_MEDICUS_REFERENCE_OKAZAKI_FRAGMENT_MATURATION,-0.0208326672085769,0.000246459278578373,classical Monocyte
Bifidobacterium,KEGG_MEDICUS_REFERENCE_ORGANIZATION_OF_THE_INNER_KINETOCHORE,-0.00645261053101859,0.256228520727676,classical Monocyte
Bifidobacterium,KEGG_MEDICUS_REFERENCE_ORGANIZATION_OF_THE_OUTER_KINETOCHORE,-0.00501444351689762,0.377615530387178,classical Monocyte
Bifidobacterium,KEGG_MEDICUS_REFERENCE_ORIGIN_UNWINDING_AND_ELONGATION,-0.00834957568101314,0.141795969974876,classical Monocyte
Bifidobacterium,KEGG_MEDICUS_REFERENCE_P15_CELL_CYCLE_G1_S,0.0246252735953011,1.46770092811063e-05,classical Monocyte
Bifidobacterium,KEGG_MEDICUS_REFERENCE_P16_CELL_CYCLE_G1_S,0.0298798708469932,1.45199199060998e-07,classical Monocyte
Bifidobacterium,KEGG_MEDICUS_REFERENCE_P27_CELL_CYCLE_G1_S,-0.0167536363673115,0.00319822742140174,classical Monocyte
Bifidobacterium,KEGG_MEDICUS_REFERENCE_P300_P21_CELL_CYCLE_G1_S,0.039416023093995,3.97813128288798e-12,classical Monocyte
Bifidobacterium,KEGG_MEDICUS_REFERENCE_P4_PR_PI3K_SIGNALING_PATHWAY,0.0274350797376929,1.37829007537073e-06,classical Monocyte
Bifidobacterium,KEGG_MEDICUS_REFERENCE_P4_PR_RAS_ERK_SIGNALING_PATHWAY,0.0684247858636159,1.85913195371055e-33,classical Monocyte
Bifidobacterium,KEGG_MEDICUS_REFERENCE_PDGF_PDGFR_PI3K_SIGNALING_PATHWAY,0.0239364990779561,2.52853921573743e-05,classical Monocyte
Bifidobacterium,KEGG_MEDICUS_REFERENCE_PDGF_PDGFR_PLCG_CAMK_SIGNALING_PATHWAY,-0.0326994664045431,8.66320227064068e-09,classical Monocyte
Bifidobacterium,KEGG_MEDICUS_REFERENCE_PDGF_PDGFR_RAS_ERK_SIGNALING_PATHWAY,0.0698659448818648,8.20578263848366e-35,classical Monocyte
Bifidobacterium,KEGG_MEDICUS_REFERENCE_PDL_PD1_SHP_PI3K_SIGNALING_PATHWAY,-0.0149930237310927,0.00833535674023727,classical Monocyte
Bifidobacterium,KEGG_MEDICUS_REFERENCE_PINK_PARKIN_MEDIATED_AUTOPHAGOSOME_FORMATION,-0.034522525307716,1.23172185674177e-09,classical Monocyte
Bifidobacterium,KEGG_MEDICUS_REFERENCE_PKA_HOLOENZYME,0.00374688564966358,0.509723763065675,classical Monocyte
Bifidobacterium,KEGG_MEDICUS_REFERENCE_PKR_EIF2ALPHA_SIGNALING_PATHWAY,-0.0216159204724991,0.000142509593979044,classical Monocyte
Bifidobacterium,KEGG_MEDICUS_REFERENCE_PLASMIN_MEDIATED_ACTIVATION_OF_LATENT_TGF_BETA,-0.0315924326066515,2.69643241542327e-08,classical Monocyte
Bifidobacterium,KEGG_MEDICUS_REFERENCE_PP2A_AKT_SIGNALING_PATHWAY,0.002335469522007,0.681126012429781,classical Monocyte
Bifidobacterium,KEGG_MEDICUS_REFERENCE_PRE_IC_FORMATION,-0.00174504244555966,0.758812214035674,classical Monocyte
Bifidobacterium,KEGG_MEDICUS_REFERENCE_PRL_JAK_STAT_SIGNALING_PATHWAY,0.054605177992298,6.91296605743401e-22,classical Monocyte
Bifidobacterium,KEGG_MEDICUS_REFERENCE_PRNP_PI3K_NOX2_SIGNALING_PATHWAY,0.0276323315225375,1.15710544715077e-06,classical Monocyte
Bifidobacterium,KEGG_MEDICUS_REFERENCE_PROK_PRKR_GI_ERK_SIGNALING_PATHWAY,-0.0202570482980536,0.000364412907087681,classical Monocyte
Bifidobacterium,KEGG_MEDICUS_REFERENCE_PROMOTION_OF_MICROTUBULE_GROWTH,-0.0541926375186036,1.39804727508732e-21,classical Monocyte
Bifidobacterium,KEGG_MEDICUS_REFERENCE_PTH_PTH1R_PKA_SIGNALING_PATHWAY,0.00297904895067091,0.60016332923448,classical Monocyte
Bifidobacterium,KEGG_MEDICUS_REFERENCE_PURINE_SALVAGE_PATHWAY_ADENINE_TO_AMP,-0.00652698458482697,0.250788215910487,classical Monocyte
Bifidobacterium,KEGG_MEDICUS_REFERENCE_PURINE_SALVAGE_PATHWAY_HYPOXANTHINE_GUANINE_TO_IMP_GMP,0.00996686767611321,0.0794790653838677,classical Monocyte
Bifidobacterium,KEGG_MEDICUS_REFERENCE_PYRIN_INFLAMMASOME_SIGNALING_PATHWAY,-0.0399618573869742,2.00537628179512e-12,classical Monocyte
Bifidobacterium,KEGG_MEDICUS_REFERENCE_RAB7_REGULATED_MICROTUBULE_MINUS_END_DIRECTED_TRANSPORT,-0.0727756783282923,1.23626491541396e-37,classical Monocyte
Bifidobacterium,KEGG_MEDICUS_REFERENCE_RAC_CDC42_PAK_ERK_SIGNALING_PATHWAY,0.0194260183808597,0.000630053101359773,classical Monocyte
Bifidobacterium,KEGG_MEDICUS_REFERENCE_RAD51_DSDNA_DESTABILIZATION,0.0106980679154103,0.0597841850568867,classical Monocyte
Bifidobacterium,KEGG_MEDICUS_REFERENCE_RECRUITMENT_AND_FORMATION_OF_THE_MCC,-0.0121315893790611,0.0327908314830701,classical Monocyte
Bifidobacterium,KEGG_MEDICUS_REFERENCE_REGULATION_OF_COMPLEMENT_CASCADE_MAC_INHIBITION,-0.0188325037042957,0.000920116103289497,classical Monocyte
Bifidobacterium,KEGG_MEDICUS_REFERENCE_REGULATION_OF_EXTRINSIC_APOPTOTIC_PATHWAY_XIAP,0.00316474946877765,0.577636792582641,classical Monocyte
Bifidobacterium,KEGG_MEDICUS_REFERENCE_REGULATION_OF_FIBRINOLYTIC_SYSTEM_C1INH,-0.0305560138436288,7.54875218490977e-08,classical Monocyte
Bifidobacterium,KEGG_MEDICUS_REFERENCE_REGULATION_OF_FIBRINOLYTIC_SYSTEM_PAI,0.00306969771829618,0.589117425765909,classical Monocyte
Bifidobacterium,KEGG_MEDICUS_REFERENCE_REGULATION_OF_GF_RTK_RAS_ERK_SIGNALING_MRAS_SHOC2_PP1_HOLOPHOSPHATASE,0.0132490013299375,0.0197392448073089,classical Monocyte
Bifidobacterium,KEGG_MEDICUS_REFERENCE_REGULATION_OF_GF_RTK_RAS_ERK_SIGNALING_PATHWAY_ADAPTOR_PROTEINS,0.0713299551867274,3.22558629083081e-36,classical Monocyte
Bifidobacterium,KEGG_MEDICUS_REFERENCE_REGULATION_OF_GF_RTK_RAS_ERK_SIGNALING_PTP,0.00421315332374902,0.458506236675597,classical Monocyte
Bifidobacterium,KEGG_MEDICUS_REFERENCE_REGULATION_OF_GF_RTK_RAS_ERK_SIGNALING_RASGAP,0.0326736094338484,8.89978724714428e-09,classical Monocyte
Bifidobacterium,KEGG_MEDICUS_REFERENCE_REGULATION_OF_GF_RTK_RAS_ERK_SIGNALING_RAS_UBIQUITINATION_BY_CUL3_COMPLEX,0.0238311133561813,2.7445720327133e-05,classical Monocyte
Bifidobacterium,KEGG_MEDICUS_REFERENCE_REGULATION_OF_GF_RTK_RAS_ERK_SIGNALING_SPRED_AND_NF1,0.0240304965362084,2.34958705342562e-05,classical Monocyte
Bifidobacterium,KEGG_MEDICUS_REFERENCE_REGULATION_OF_GF_RTK_RAS_ERK_SIGNALING_UBIQUITINATION_OF_RTK_BY_CBL,-0.026425734382552,3.31247959022706e-06,classical Monocyte
Bifidobacterium,KEGG_MEDICUS_REFERENCE_REGULATION_OF_NLRP3_INFLAMMASOME_SIGNALING_PATHWAY_NLRP3_INHIBITION,-0.0365267185658663,1.28419517228469e-10,classical Monocyte
Bifidobacterium,KEGG_MEDICUS_REFERENCE_REGULATION_OF_SERCA,-0.0143802209815059,0.0113953769697872,classical Monocyte
Bifidobacterium,KEGG_MEDICUS_REFERENCE_REGULATION_OF_TNF_NFKB_SIGNALING_PATHWAY_LUBAC_MEDIATED_LINEAR_UBIQUITINATION,-0.0145777573016391,0.0103147047220501,classical Monocyte
Bifidobacterium,KEGG_MEDICUS_REFERENCE_RELN_VLDLR_PI3K_SIGNALING_PATHWAY,0.0134772766311499,0.0177190072843399,classical Monocyte
Bifidobacterium,KEGG_MEDICUS_REFERENCE_RETROGRADE_AXONAL_TRANSPORT,-0.0778725754214695,7.44100558847814e-43,classical Monocyte
Bifidobacterium,KEGG_MEDICUS_REFERENCE_RIG_I_IRF7_3_SIGNALING_PATHWAY,0.0255736989987722,6.78144110116269e-06,classical Monocyte
Bifidobacterium,KEGG_MEDICUS_REFERENCE_RIG_I_NFKB_SIGNALING_PATHWAY,-0.0151187643436551,0.00780704277573737,classical Monocyte
Bifidobacterium,KEGG_MEDICUS_REFERENCE_RORA_MEDIATED_TRANSCRIPTION,0.00801192576547669,0.15862143693236,classical Monocyte
Bifidobacterium,KEGG_MEDICUS_REFERENCE_RTK_PLCG_ITPR_SIGNALING_PATHWAY,0.042476168216733,7.59991356007279e-14,classical Monocyte
Bifidobacterium,KEGG_MEDICUS_REFERENCE_SIALYL_LEWIS_X_ANTIGEN_BIOSYNTHESIS,0.00997849610516817,0.0791289082213541,classical Monocyte
Bifidobacterium,KEGG_MEDICUS_REFERENCE_SKELETAL_TYPE_VGCC_RYR_SIGNALING,0.017707317763171,0.00183414466667119,classical Monocyte
Bifidobacterium,KEGG_MEDICUS_REFERENCE_SPINDLE_ASSEMBLY_CHECKPOINT_SIGNALING,-0.0236132914471843,3.2479776728127e-05,classical Monocyte
Bifidobacterium,KEGG_MEDICUS_REFERENCE_STRAD_STK11_TSC_SIGNALING_PATHWAY,-0.00266329845439005,0.639349191659991,classical Monocyte
Bifidobacterium,KEGG_MEDICUS_REFERENCE_TAC3_TACR3_PLC_PKC_SIGNALING_PATHWAY,0.0829793311711038,1.93250921688505e-48,classical Monocyte
Bifidobacterium,KEGG_MEDICUS_REFERENCE_TBK1_MEDIATED_AUTOPHAGOSOME_FORMATION,-0.0163797113311256,0.00394898854842532,classical Monocyte
Bifidobacterium,KEGG_MEDICUS_REFERENCE_TCR_PLCG_ITPR_SIGNALING_PATHWAY,0.0264056360749659,3.36978090162149e-06,classical Monocyte
Bifidobacterium,KEGG_MEDICUS_REFERENCE_TELOMERASE_RNA_MATURATION,0.0106015812799915,0.0621248558913618,classical Monocyte
Bifidobacterium,KEGG_MEDICUS_REFERENCE_TELOMERE_ELONGATION,-0.0272702736112872,1.59376523425249e-06,classical Monocyte
Bifidobacterium,KEGG_MEDICUS_REFERENCE_TESTOSTERONE_BIOSYNTHESIS,-0.0113844877063936,0.0451591867295687,classical Monocyte
Bifidobacterium,KEGG_MEDICUS_REFERENCE_TETHERING_OF_LATE_ENDOSOMES_AND_LYSOSOMES,0.0181295981231868,0.00142189137053469,classical Monocyte
Bifidobacterium,KEGG_MEDICUS_REFERENCE_TGFA_EGFR_PI3K_SIGNALING_PATHWAY,0.028804800760447,3.99356042883201e-07,classical Monocyte
Bifidobacterium,KEGG_MEDICUS_REFERENCE_TGFA_EGFR_PLCG_PKC_SIGNALING_PATHWAY,0.0579836246895398,1.77349059439794e-24,classical Monocyte
Bifidobacterium,KEGG_MEDICUS_REFERENCE_TGFA_EGFR_RAS_ERK_SIGNALING_PATHWAY,0.0700767345111229,5.17064261024802e-35,classical Monocyte
Bifidobacterium,KEGG_MEDICUS_REFERENCE_TGF_BETA_SIGNALING_PATHWAY,-0.00447088688140038,0.431482262597118,classical Monocyte
Bifidobacterium,KEGG_MEDICUS_REFERENCE_THYROID_HORMONE_SIGNALING_PATHWAY,0.00501453305645083,0.377607012894099,classical Monocyte
Bifidobacterium,KEGG_MEDICUS_REFERENCE_TIGHT_JUNCTION_ACTIN_SIGNALING_PATHWAY,-0.00235976559803781,0.677994043013063,classical Monocyte
Bifidobacterium,KEGG_MEDICUS_REFERENCE_TLR1_2_4_NFKB_SIGNALING_PATHWAY,0.00946965703520325,0.0956683824414811,classical Monocyte
Bifidobacterium,KEGG_MEDICUS_REFERENCE_TLR2_4_MAPK_SIGNALING_PATHWAY,0.0372267834196978,5.66447118873574e-11,classical Monocyte
Bifidobacterium,KEGG_MEDICUS_REFERENCE_TLR3_IRF3_SIGNALING_PATHWAY,0.0422568010960202,1.01898056035962e-13,classical Monocyte
Bifidobacterium,KEGG_MEDICUS_REFERENCE_TLR3_IRF7_SIGNALING_PATHWAY,0.000638298235241414,0.91057859406218,classical Monocyte
Bifidobacterium,KEGG_MEDICUS_REFERENCE_TLR3_NFKB_SIGNALING_PATHWAY,-0.0143813067876699,0.0113891720073043,classical Monocyte
Bifidobacterium,KEGG_MEDICUS_REFERENCE_TLR4_IRF3_7_SIGNALING_PATHWAY,0.0180991122420955,0.00144851750351201,classical Monocyte
Bifidobacterium,KEGG_MEDICUS_REFERENCE_TLR5_NFKB_SIGNALING_PATHWAY,-0.0240048383137758,2.39720145481615e-05,classical Monocyte
Bifidobacterium,KEGG_MEDICUS_REFERENCE_TLR7_8_9_IRF5_SIGNALING_PATHWAY,-0.0327760896038355,7.99746260912679e-09,classical Monocyte
Bifidobacterium,KEGG_MEDICUS_REFERENCE_TLR7_9_IRF7_SIGNALING_PATHWAY,-0.042460263099914,7.7636178992223e-14,classical Monocyte
Bifidobacterium,KEGG_MEDICUS_REFERENCE_TNFSF10_RIPK1_3_SIGNALING_PATHWAY,-0.0194670567038411,0.000613536566637537,classical Monocyte
Bifidobacterium,KEGG_MEDICUS_REFERENCE_TNF_JNK_SIGNALING_PATHWAY,0.00518221117708238,0.361864736289548,classical Monocyte
Bifidobacterium,KEGG_MEDICUS_REFERENCE_TNF_NFKB_SIGNALING_PATHWAY,-0.0122746237232039,0.0307877838002013,classical Monocyte
Bifidobacterium,KEGG_MEDICUS_REFERENCE_TNF_P38_SIGNALING_PATHWAY,0.0437906383130304,1.27133095458335e-14,classical Monocyte
Bifidobacterium,KEGG_MEDICUS_REFERENCE_TNF_RIPK1_3_SIGNALING_PATHWAY,-0.0112808373164012,0.0471523042490921,classical Monocyte
Bifidobacterium,KEGG_MEDICUS_REFERENCE_TRAIP_DEPENDENT_REPLISOME_DISASSEMBLY,-0.066013388963587,2.97816970252333e-31,classical Monocyte
Bifidobacterium,KEGG_MEDICUS_REFERENCE_TRANSCRIPTIONAL_ACTIVATION_BY_ACETYLATION_OF_H3K27,-0.0233310183369646,4.03165694423316e-05,classical Monocyte
Bifidobacterium,KEGG_MEDICUS_REFERENCE_TRANSCRIPTION_COUPLED_NER,-0.0211124494489625,0.0002030788668918,classical Monocyte
Bifidobacterium,KEGG_MEDICUS_REFERENCE_TRANSLATION_INITIATION,-0.0383737470981516,1.434680787133e-11,classical Monocyte
Bifidobacterium,KEGG_MEDICUS_REFERENCE_TRAPPI_RAB1_SIGNALING_PATHWAY,-0.025402541634849,7.81079341077798e-06,classical Monocyte
Bifidobacterium,KEGG_MEDICUS_REFERENCE_TRH_TRHR_PLCB_PKC_SIGNALING_PATHWAY,0.0824717786725186,7.19760422696334e-48,classical Monocyte
Bifidobacterium,KEGG_MEDICUS_REFERENCE_TSC1_2_MTORC1_SIGNALING_PATHWAY,-0.0129953936404326,0.0222168643987721,classical Monocyte
Bifidobacterium,KEGG_MEDICUS_REFERENCE_TSH_DUOX2_TG_SIGNALING_PATHWAY,0.0831444426950939,1.25773632016108e-48,classical Monocyte
Bifidobacterium,KEGG_MEDICUS_REFERENCE_TSH_TG_SIGNALING_PATHWAY,0.0257420804621283,5.89622474882103e-06,classical Monocyte
Bifidobacterium,KEGG_MEDICUS_REFERENCE_TYPE_II_INTERFERON_TO_JAK_STAT_SIGNALING_PATHWAY,0.0204501729774347,0.00031994726564747,classical Monocyte
Bifidobacterium,KEGG_MEDICUS_REFERENCE_TYPE_I_IFN_SIGNALING_PATHWAY,-0.0143631650851406,0.0114932393699327,classical Monocyte
Bifidobacterium,KEGG_MEDICUS_REFERENCE_TYPE_I_INTERFERON_TO_JAK_STAT_SIGNALING_PATHWAY,-0.0106170771909084,0.0617439082150694,classical Monocyte
Bifidobacterium,KEGG_MEDICUS_REFERENCE_TYROSINE_DEGRADATION,-0.00971104981561777,0.0875061279606686,classical Monocyte
Bifidobacterium,KEGG_MEDICUS_REFERENCE_UCHL1_MEDIATED_HYDROLYSIS,-0.0464366670312621,2.95978131944157e-16,classical Monocyte
Bifidobacterium,KEGG_MEDICUS_REFERENCE_UREA_CYCLE,-0.00452518615043071,0.425908920874884,classical Monocyte
Bifidobacterium,KEGG_MEDICUS_REFERENCE_VALINE_DEGRADATION,-0.0189858321350333,0.000835182668451178,classical Monocyte
Bifidobacterium,KEGG_MEDICUS_REFERENCE_VGCC_CA2_APOPTOTIC_PATHWAY,-0.0518231928449649,7.21106072452893e-20,classical Monocyte
Bifidobacterium,KEGG_MEDICUS_REFERENCE_V_D_J_RECOMBINATION,-0.00399515013332294,0.48208654959122,classical Monocyte
Bifidobacterium,KEGG_MEDICUS_REFERENCE_WEE1_CELL_CYCLE_G2_M,0.0227969114182798,6.0297335611037e-05,classical Monocyte
Bifidobacterium,KEGG_MEDICUS_REFERENCE_WNT5A_ROR_SIGNALING_PATHWAY,-0.0332802198849308,4.70491692723752e-09,classical Monocyte
Bifidobacterium,KEGG_MEDICUS_REFERENCE_WNT_SIGNALING_MODULATION_LGR_RSPO,-0.0278748236977032,9.31725112375906e-07,classical Monocyte
Bifidobacterium,KEGG_MEDICUS_REFERENCE_WNT_SIGNALING_MODULATION_SOST_LRP4,-0.0277663115169171,1.02679643284899e-06,classical Monocyte
Bifidobacterium,KEGG_MEDICUS_REFERENCE_WNT_SIGNALING_MODULATION_WNT_ACYLATION,-0.0226097233153392,6.92943800560321e-05,classical Monocyte
Bifidobacterium,KEGG_MEDICUS_REFERENCE_WNT_SIGNALING_MODULATION_WNT_INHIBITOR,-0.0192546856181003,0.000703577306731788,classical Monocyte
Bifidobacterium,KEGG_MEDICUS_REFERENCE_WNT_SIGNALING_PATHWAY,0.00374008830418143,0.510491947400631,classical Monocyte
Bifidobacterium,KEGG_MEDICUS_VARIANT_AML1_ETO_FUSION_TO_PU.1_MEDIATED_TRANSCRIPTION,0.0227878887752092,6.07043443875824e-05,classical Monocyte
Bifidobacterium,KEGG_MEDICUS_VARIANT_AMPLIFIED_CCND1_TO_CELL_CYCLE_G1_S,0.0303312225937283,9.39696485150761e-08,classical Monocyte
Bifidobacterium,KEGG_MEDICUS_VARIANT_AMPLIFIED_CCNE_TO_CELL_CYCLE_G1_S,0.0353454519332046,4.94041052075167e-10,classical Monocyte
Bifidobacterium,KEGG_MEDICUS_VARIANT_AMPLIFIED_CDK4_TO_CELL_CYCLE_G1_S,0.0295825461809886,1.92750523518729e-07,classical Monocyte
Bifidobacterium,KEGG_MEDICUS_VARIANT_AMPLIFIED_EGFR_TO_PI3K_SIGNALING_PATHWAY,0.028705885975961,4.37552274776103e-07,classical Monocyte
Bifidobacterium,KEGG_MEDICUS_VARIANT_AMPLIFIED_EGFR_TO_PLCG_CAMK_SIGNALING_PATHWAY,-0.0326472988674381,9.14696556702759e-09,classical Monocyte
Bifidobacterium,KEGG_MEDICUS_VARIANT_AMPLIFIED_FGFR_TO_PI3K_SIGNALING_PATHWAY,0.0274836600152987,1.3203159513011e-06,classical Monocyte
Bifidobacterium,KEGG_MEDICUS_VARIANT_AMPLIFIED_FGFR_TO_RAS_ERK_SIGNALING_PATHWAY,0.0696618606489273,1.28156618286931e-34,classical Monocyte
Bifidobacterium,KEGG_MEDICUS_VARIANT_AMPLIFIED_MDM2_TO_P21_CELL_CYCLE_G1_S,0.0229547432403316,5.35822538576874e-05,classical Monocyte
Bifidobacterium,KEGG_MEDICUS_VARIANT_AMPLIFIED_MET_TO_PI3K_SIGNALING_PATHWAY,0.0332143824620102,5.04465010185519e-09,classical Monocyte
Bifidobacterium,KEGG_MEDICUS_VARIANT_AMPLIFIED_MYCN_TO_TRANSCRIPTIONAL_ACTIVATION,0.00914091156941514,0.107752083852183,classical Monocyte
Bifidobacterium,KEGG_MEDICUS_VARIANT_AMPLIFIED_MYCN_TO_TRANSCRIPTIONAL_REPRESSION,0.00127940321598998,0.821892579619936,classical Monocyte
Bifidobacterium,KEGG_MEDICUS_VARIANT_AMPLIFIED_MYC_TO_CELL_CYCLE_G1_S,0.0251704852026167,9.4471280692473e-06,classical Monocyte
Bifidobacterium,KEGG_MEDICUS_VARIANT_AMPLIFIED_MYC_TO_P27_CELL_CYCLE_G1_S,-0.0169458458383473,0.00286521364486174,classical Monocyte
Bifidobacterium,KEGG_MEDICUS_VARIANT_AMPLIFIED_PDGFR_TO_PI3K_SIGNALING_PATHWAY,0.028705885975961,4.37552274776103e-07,classical Monocyte
Bifidobacterium,KEGG_MEDICUS_VARIANT_AMPLIFIED_PDGFR_TO_PLCG_CAMK_SIGNALING_PATHWAY,-0.0326472988674381,9.14696556702759e-09,classical Monocyte
Bifidobacterium,KEGG_MEDICUS_VARIANT_AMPLIFIED_PDGFR_TO_RAS_ERK_SIGNALING_PATHWAY,0.0699757442452992,6.45232629067043e-35,classical Monocyte
Bifidobacterium,KEGG_MEDICUS_VARIANT_AMPLIFIED_REL_TO_TRANSCRIPTION,-0.0185031224230293,0.00113030280904839,classical Monocyte
Bifidobacterium,KEGG_MEDICUS_VARIANT_BCL2_OVEREXPRESSION_TO_INTRINSIC_APOPTOTIC_PATHWAY,-0.00158618417219491,0.780175971962504,classical Monocyte
Bifidobacterium,KEGG_MEDICUS_VARIANT_BCR_ABL_FUSION_KINASE_TO_PI3K_SIGNALING_PATHWAY,0.0330512722396425,5.99240295852384e-09,classical Monocyte
Bifidobacterium,KEGG_MEDICUS_VARIANT_BCR_ABL_FUSION_KINASE_TO_RAS_ERK_SIGNALING_PATHWAY,0.0699854413345005,6.31666584728836e-35,classical Monocyte
Bifidobacterium,KEGG_MEDICUS_VARIANT_CDH1_REDUCED_EXPRESSION_TO_BETA_CATENIN_SIGNALING_PATHWAY,-0.00710738774774524,0.211094089398314,classical Monocyte
Bifidobacterium,KEGG_MEDICUS_VARIANT_CDX2_OVEREXPRESSION_TO_TRANSCRIPTIONAL_ACTIVATION,-0.0175622127950813,0.00199944644820742,classical Monocyte
Bifidobacterium,KEGG_MEDICUS_VARIANT_CYP11B1_CYP11B2_FUSION_TO_ACTH_CORTISOL_SIGNALING_PATHWAY,0.0215831704942752,0.000145864087872435,classical Monocyte
Bifidobacterium,KEGG_MEDICUS_VARIANT_DELETED_DMD_TO_DYSTROPHIN_ASSOCIATED_PROTEIN_COMPLEX,0.0313585828389035,3.41111734695426e-08,classical Monocyte
Bifidobacterium,KEGG_MEDICUS_VARIANT_DUPLICATION_OR_MUTATION_ACTIVATED_FLT3_TO_JAK_STAT_SIGNALING_PATHWAY,0.00404524772356927,0.476610080496097,classical Monocyte
Bifidobacterium,KEGG_MEDICUS_VARIANT_DUPLICATION_OR_MUTATION_ACTIVATED_FLT3_TO_RAS_ERK_SIGNALING_PATHWAY,0.0673611105867084,1.78437847138784e-32,classical Monocyte
Bifidobacterium,KEGG_MEDICUS_VARIANT_DUPLICATION_OR_MUTATION_ACTIVATED_FLT3_TO_RAS_PI3K_SIGNALING_PATHWAY,0.0614730670955961,2.57984119070711e-27,classical Monocyte
Bifidobacterium,KEGG_MEDICUS_VARIANT_EGFR_OVEREXPRESSION_TO_PI3K_SIGNALING_PATHWAY,0.0244793302852834,1.64893521509028e-05,classical Monocyte
Bifidobacterium,KEGG_MEDICUS_VARIANT_EGF_OVEREXPRESSION_TO_PI3K_SIGNALING_PATHWAY,0.0296617883810695,1.78779833245883e-07,classical Monocyte
Bifidobacterium,KEGG_MEDICUS_VARIANT_EGF_OVEREXPRESSION_TO_RAS_ERK_SIGNALING_PATHWAY,0.069947511144239,6.86400553420406e-35,classical Monocyte
Bifidobacterium,KEGG_MEDICUS_VARIANT_EML4_ALK_FUSION_KINASE_TO_JAK_STAT_SIGNALING_PATHWAY,0.0120437782311789,0.0340750070655876,classical Monocyte
Bifidobacterium,KEGG_MEDICUS_VARIANT_EML4_ALK_FUSION_KINASE_TO_PI3K_SIGNALING_PATHWAY,0.0247489894741367,1.32909923248167e-05,classical Monocyte
Bifidobacterium,KEGG_MEDICUS_VARIANT_EML4_ALK_FUSION_KINASE_TO_PLCG_ERK_SIGNALING_PATHWAY,0.0619012485462816,1.12754972386542e-27,classical Monocyte
Bifidobacterium,KEGG_MEDICUS_VARIANT_EML4_ALK_FUSION_KINASE_TO_RAS_ERK_SIGNALING_PATHWAY,0.033045065398194,6.03169433572347e-09,classical Monocyte
Bifidobacterium,KEGG_MEDICUS_VARIANT_ERBB2_OVEREXPRESSION_TO_EGF_JAK_STAT_SIGNALING_PATHWAY,-0.00274032482080971,0.629690999192033,classical Monocyte
Bifidobacterium,KEGG_MEDICUS_VARIANT_ERBB2_OVEREXPRESSION_TO_PI3K_SIGNALING_PATHWAY,0.0241519565946276,2.13614663175382e-05,classical Monocyte
Bifidobacterium,KEGG_MEDICUS_VARIANT_ESR1_POSITIVE_TO_NUCLEAR_INITIATED_ESTROGEN_SIGNALING_PATHWAY,0.0425191964100372,7.17385903129044e-14,classical Monocyte
Bifidobacterium,KEGG_MEDICUS_VARIANT_EWSR1_WT1_FUSION_TO_TRANSCRIPTIONAL_ACTIVATION,-0.0263141686011048,3.64278376187398e-06,classical Monocyte
Bifidobacterium,KEGG_MEDICUS_VARIANT_FUS_DDIT3_FUSION_TO_NFKB_MEDIATED_TRANSCRIPTION,-0.0108830453098567,0.0555012347209228,classical Monocyte
Bifidobacterium,KEGG_MEDICUS_VARIANT_FZD7_OVEREXPRESSION_TO_WNT_SIGNALING_PATHWAY,0.00951903802913701,0.0939508469936851,classical Monocyte
Bifidobacterium,KEGG_MEDICUS_VARIANT_HRAS_OVEREXPRESSION_TO_ERK_SIGNALING_PATHWAY,0.0368336757058754,8.9859721916348e-11,classical Monocyte
Bifidobacterium,KEGG_MEDICUS_VARIANT_IGF2_OVEREXPRESSION_TO_RAS_ERK_SIGNALING_PATHWAY,0.0696170481428052,1.41312456429834e-34,classical Monocyte
Bifidobacterium,KEGG_MEDICUS_VARIANT_IGH_MMSET_FUSION_TO_TRANSCRIPTIONAL_ACTIVATION,-0.0388178669356519,8.33953634480206e-12,classical Monocyte
Bifidobacterium,KEGG_MEDICUS_VARIANT_LMO2_REARRANGEMENT_TO_TRANSCRIPTIONAL_ACTIVATION,-0.0338691073544254,2.50716019065818e-09,classical Monocyte
Bifidobacterium,KEGG_MEDICUS_VARIANT_LMO2_REARRANGEMENT_TO_TRANSCRIPTIONAL_REPRESSION,-0.0363992339705187,1.48821838744016e-10,classical Monocyte
Bifidobacterium,KEGG_MEDICUS_VARIANT_LOSS_OF_CDKN1B_TO_P27_CELL_CYCLE_G1_S,0.0190034445042482,0.000825906740779038,classical Monocyte
Bifidobacterium,KEGG_MEDICUS_VARIANT_LOSS_OF_NKX3_1_TO_PI3K_SIGNALING_PATHWAY,-0.016192326352019,0.00438250365893586,classical Monocyte
Bifidobacterium,KEGG_MEDICUS_VARIANT_LOSS_OF_RASSF1_TO_RAS_RASSF1_SIGNALING_PATHWAY,0.018687458797608,0.00100776228888031,classical Monocyte
Bifidobacterium,KEGG_MEDICUS_VARIANT_LOSS_OF_VHL_TO_HIF_1_SIGNALING_PATHWAY,-0.0179952570457087,0.0015427110782102,classical Monocyte
Bifidobacterium,KEGG_MEDICUS_VARIANT_LRP6_OVEREXPRESSION_TO_WNT_SIGNALING_PATHWAY,0.00365625954417,0.520015164506316,classical Monocyte
Bifidobacterium,KEGG_MEDICUS_VARIANT_MET_OVEREXPRESSION_TO_RAS_ERK_SIGNALING_PATHWAY,0.0699952487701536,6.1823441207996e-35,classical Monocyte
Bifidobacterium,KEGG_MEDICUS_VARIANT_MLL_AF4_FUSION_TO_TRANSCRIPTIONAL_ACTIVATION,0.0540912731616816,1.66082422849277e-21,classical Monocyte
Bifidobacterium,KEGG_MEDICUS_VARIANT_MLL_ENL_FUSION_TO_TRANSCRIPTIONAL_ACTIVATION,0.00558967515968775,0.325355229104661,classical Monocyte
Bifidobacterium,KEGG_MEDICUS_VARIANT_MUTATION_ACTIVATED_BRAF_TO_ERK_SIGNALING_PATHWAY,0.0287575636756856,4.17177210906767e-07,classical Monocyte
Bifidobacterium,KEGG_MEDICUS_VARIANT_MUTATION_ACTIVATED_CACNA1D_H_TO_ANGIOTENSIN_ALDOSTERONE_SIGNALING_PATHWAY,-0.0151111408738391,0.00783819832265498,classical Monocyte
Bifidobacterium,KEGG_MEDICUS_VARIANT_MUTATION_ACTIVATED_EGFR_TO_PI3K_SIGNALING_PATHWAY,0.0247489894741367,1.32909923248167e-05,classical Monocyte
Bifidobacterium,KEGG_MEDICUS_VARIANT_MUTATION_ACTIVATED_EGFR_TO_PLCG_ERK_SIGNALING_PATHWAY,0.0619012485462816,1.12754972386542e-27,classical Monocyte
Bifidobacterium,KEGG_MEDICUS_VARIANT_MUTATION_ACTIVATED_EGFR_TO_RAS_ERK_SIGNALING_PATHWAY,0.0694354522759113,2.09836491326608e-34,classical Monocyte
Bifidobacterium,KEGG_MEDICUS_VARIANT_MUTATION_ACTIVATED_FGFR3_TO_RAS_ERK_SIGNALING_PATHWAY,0.0689656687129453,5.807536020606e-34,classical Monocyte
Bifidobacterium,KEGG_MEDICUS_VARIANT_MUTATION_ACTIVATED_GNAS_TO_ACTH_CORTISOL_SIGNALING_PATHWAY,0.0223666590400685,8.28812792303803e-05,classical Monocyte
Bifidobacterium,KEGG_MEDICUS_VARIANT_MUTATION_ACTIVATED_GNAS_TO_CRHR_PKA_ACTH_SIGNALING_PATHWAY,0.0253701697894748,8.02158733030947e-06,classical Monocyte
Bifidobacterium,KEGG_MEDICUS_VARIANT_MUTATION_ACTIVATED_KCNJ5_TO_ANGIOTENSIN_ALDOSTERONE_SIGNALING_PATHWAY,-0.0151111408738391,0.00783819832265498,classical Monocyte
Bifidobacterium,KEGG_MEDICUS_VARIANT_MUTATION_ACTIVATED_KIT_TO_PI3K_SIGNALING_PATHWAY,0.0246373730874131,1.45356020293232e-05,classical Monocyte
Bifidobacterium,KEGG_MEDICUS_VARIANT_MUTATION_ACTIVATED_KIT_TO_RAS_ERK_SIGNALING_PATHWAY,0.069856969115677,8.36849705226237e-35,classical Monocyte
Bifidobacterium,KEGG_MEDICUS_VARIANT_MUTATION_ACTIVATED_KRAS_NRAS_TO_ERK_SIGNALING_PATHWAY,0.0337685503684069,2.79373485970284e-09,classical Monocyte
Bifidobacterium,KEGG_MEDICUS_VARIANT_MUTATION_ACTIVATED_KRAS_NRAS_TO_PI3K_SIGNALING_PATHWAY,0.0248895005038109,1.18683136698613e-05,classical Monocyte
Bifidobacterium,KEGG_MEDICUS_VARIANT_MUTATION_ACTIVATED_LRRK2_TO_INTRINSIC_APOPTOTIC_PATHWAY,0.0788544835053375,6.6879359212391e-44,classical Monocyte
Bifidobacterium,KEGG_MEDICUS_VARIANT_MUTATION_ACTIVATED_MET_TO_PI3K_SIGNALING_PATHWAY,0.0293064591894369,2.50152204328426e-07,classical Monocyte
Bifidobacterium,KEGG_MEDICUS_VARIANT_MUTATION_ACTIVATED_MET_TO_RAS_ERK_SIGNALING_PATHWAY,0.069454971796781,2.01115975831809e-34,classical Monocyte
Bifidobacterium,KEGG_MEDICUS_VARIANT_MUTATION_ACTIVATED_PI3K_TO_PI3K_SIGNALING_PATHWAY,0.00786241713013528,0.166537392447565,classical Monocyte
Bifidobacterium,KEGG_MEDICUS_VARIANT_MUTATION_ACTIVATED_PRKACA_TO_ACTH_CORTISOL_SIGNALING_PATHWAY,0.0296339216311206,1.83577424304699e-07,classical Monocyte
Bifidobacterium,KEGG_MEDICUS_VARIANT_MUTATION_ACTIVATED_PRKCG_TO_MGLUR1_TRPC3_SIGNALING_PATHWAY,0.0790344100491871,4.28681273743673e-44,classical Monocyte
Bifidobacterium,KEGG_MEDICUS_VARIANT_MUTATION_ACTIVATED_RET_TO_PI3K_SIGNALING_PATHWAY,0.0278878744490037,9.20878843882658e-07,classical Monocyte
Bifidobacterium,KEGG_MEDICUS_VARIANT_MUTATION_ACTIVATED_SMO_TO_HEDGEHOG_SIGNALING_PATHWAY,-0.0011866741591753,0.83460771216652,classical Monocyte
Bifidobacterium,KEGG_MEDICUS_VARIANT_MUTATION_ACTIVATED_USP8_TO_EGFR_ERK_ACTH_SIGNALING_PATHWAY,0.0226697880679649,6.62774756304329e-05,classical Monocyte
Bifidobacterium,KEGG_MEDICUS_VARIANT_MUTATION_CAUSED_ABBERANT_ATXN2_3_TO_MGLUR5_CA2_APOPTOTIC_PATHWAY,0.000762796991165677,0.893233069846505,classical Monocyte
Bifidobacterium,KEGG_MEDICUS_VARIANT_MUTATION_CAUSED_ABERRANT_ABETA_TO_26S_PROTEASOME_MEDIATED_PROTEIN_DEGRADATION,-0.0816254106406762,6.33347363021993e-47,classical Monocyte
Bifidobacterium,KEGG_MEDICUS_VARIANT_MUTATION_CAUSED_ABERRANT_ABETA_TO_AGE_RAGE_SIGNALING_PATHWAY,0.0281694733873838,7.14389962585023e-07,classical Monocyte
Bifidobacterium,KEGG_MEDICUS_VARIANT_MUTATION_CAUSED_ABERRANT_ABETA_TO_ANTEROGRADE_AXONAL_TRANSPORT,-0.0748689539375502,9.7912639264658e-40,classical Monocyte
Bifidobacterium,KEGG_MEDICUS_VARIANT_MUTATION_CAUSED_ABERRANT_ABETA_TO_CROSSTALK_BETWEEN_EXTRINSIC_AND_INTRINSIC_APOPTOTIC_PATHWAYS,-0.0209020603459699,0.000234954719997913,classical Monocyte
Bifidobacterium,KEGG_MEDICUS_VARIANT_MUTATION_CAUSED_ABERRANT_ABETA_TO_ELECTRON_TRANSFER_IN_COMPLEX_I,-0.0580607007121364,1.54145331320812e-24,classical Monocyte
Bifidobacterium,KEGG_MEDICUS_VARIANT_MUTATION_CAUSED_ABERRANT_ABETA_TO_ELECTRON_TRANSFER_IN_COMPLEX_IV,-0.043348497691105,2.33361321996335e-14,classical Monocyte
Bifidobacterium,KEGG_MEDICUS_VARIANT_MUTATION_CAUSED_ABERRANT_ABETA_TO_IRE1A_JNK_SIGNALING_PATHWAY,0.0533812930606232,5.50031326838231e-21,classical Monocyte
Bifidobacterium,KEGG_MEDICUS_VARIANT_MUTATION_CAUSED_ABERRANT_ABETA_TO_MACHR_CA2_APOPTOTIC_PATHWAY,0.00522341890131494,0.35805986340391,classical Monocyte
Bifidobacterium,KEGG_MEDICUS_VARIANT_MUTATION_CAUSED_ABERRANT_ABETA_TO_MGLUR5_CA2_APOPTOTIC_PATHWAY,0.0111308701411607,0.0501666409542591,classical Monocyte
Bifidobacterium,KEGG_MEDICUS_VARIANT_MUTATION_CAUSED_ABERRANT_ABETA_TO_TRANSPORT_OF_CALCIUM,-0.0567341290661202,1.67847758427921e-23,classical Monocyte
Bifidobacterium,KEGG_MEDICUS_VARIANT_MUTATION_CAUSED_ABERRANT_ABETA_TO_VGCC_CA2_APOPTOTIC_PATHWAY_N01004,-0.0567488814126463,1.6349849477191e-23,classical Monocyte
Bifidobacterium,KEGG_MEDICUS_VARIANT_MUTATION_CAUSED_ABERRANT_ABETA_TO_VGCC_CA2_APOPTOTIC_PATHWAY_N01006,-0.0627375825236098,2.20241948216961e-28,classical Monocyte
Bifidobacterium,KEGG_MEDICUS_VARIANT_MUTATION_CAUSED_ABERRANT_ATXN1_TO_RORA_MEDIATED_TRANSCRIPTION,0.0525892381882575,2.05395014468077e-20,classical Monocyte
Bifidobacterium,KEGG_MEDICUS_VARIANT_MUTATION_CAUSED_ABERRANT_DCTN1_TO_RETROGRADE_AXONAL_TRANSPORT,-0.081533898949493,8.00152877056513e-47,classical Monocyte
Bifidobacterium,KEGG_MEDICUS_VARIANT_MUTATION_CAUSED_ABERRANT_HTT_TO_26S_PROTEASOME_MEDIATED_PROTEIN_DEGRADATION,-0.0817368417078843,4.76273365505526e-47,classical Monocyte
Bifidobacterium,KEGG_MEDICUS_VARIANT_MUTATION_CAUSED_ABERRANT_HTT_TO_ANTEROGRADE_AXONAL_TRANSPORT,-0.0674414337465254,1.50609694718056e-32,classical Monocyte
Bifidobacterium,KEGG_MEDICUS_VARIANT_MUTATION_CAUSED_ABERRANT_HTT_TO_AUTOPHAGY_VESICLE_NUCLEATION,0.00559953156898771,0.324502830912343,classical Monocyte
Bifidobacterium,KEGG_MEDICUS_VARIANT_MUTATION_CAUSED_ABERRANT_HTT_TO_CREB_MEDIATED_TRANSCRIPTION,0.0390616866800849,6.17561378453375e-12,classical Monocyte
Bifidobacterium,KEGG_MEDICUS_VARIANT_MUTATION_CAUSED_ABERRANT_HTT_TO_ELECTRON_TRANSFER_IN_COMPLEX_II,-0.0221643130071493,9.60751135472187e-05,classical Monocyte
Bifidobacterium,KEGG_MEDICUS_VARIANT_MUTATION_CAUSED_ABERRANT_HTT_TO_ELECTRON_TRANSFER_IN_COMPLEX_III,-0.050474261502239,6.29934419867914e-19,classical Monocyte
Bifidobacterium,KEGG_MEDICUS_VARIANT_MUTATION_CAUSED_ABERRANT_HTT_TO_EXTRINSIC_APOPTOTIC_PATHWAY,0.00948445153261453,0.0951511932049531,classical Monocyte
Bifidobacterium,KEGG_MEDICUS_VARIANT_MUTATION_CAUSED_ABERRANT_HTT_TO_MGLUR5_CA2_APOPTOTIC_PATHWAY,0.0117295694129779,0.0390279593009313,classical Monocyte
Bifidobacterium,KEGG_MEDICUS_VARIANT_MUTATION_CAUSED_ABERRANT_HTT_TO_REST_MEDIATED_TRANSCRIPTIONAL_REPRESSION,0.0141635587996878,0.0126951993213141,classical Monocyte
Bifidobacterium,KEGG_MEDICUS_VARIANT_MUTATION_CAUSED_ABERRANT_HTT_TO_RETROGRADE_AXONAL_TRANSPORT,-0.0747554864350848,1.27722234765123e-39,classical Monocyte
Bifidobacterium,KEGG_MEDICUS_VARIANT_MUTATION_CAUSED_ABERRANT_HTT_TO_TNF_JNK_SIGNALING_PATHWAY,0.0314916409473779,2.98460392419088e-08,classical Monocyte
Bifidobacterium,KEGG_MEDICUS_VARIANT_MUTATION_CAUSED_ABERRANT_HTT_TO_TRANSPORT_OF_CALCIUM,-0.0480180106977398,2.82314147065554e-17,classical Monocyte
Bifidobacterium,KEGG_MEDICUS_VARIANT_MUTATION_CAUSED_ABERRANT_PSEN1_TO_ANTEROGRADE_AXONAL_TRANSPORT,0.0486943406987093,1.00939058948659e-17,classical Monocyte
Bifidobacterium,KEGG_MEDICUS_VARIANT_MUTATION_CAUSED_ABERRANT_PSEN1_TO_MGLUR5_CA2_APOPTOTIC_PATHWAY,-0.0350973236916977,6.52125287938574e-10,classical Monocyte
Bifidobacterium,KEGG_MEDICUS_VARIANT_MUTATION_CAUSED_ABERRANT_PSEN1_TO_PERK_ATF4_SIGNALING_PATHWAY,0.0156091949932238,0.0060214782176004,classical Monocyte
Bifidobacterium,KEGG_MEDICUS_VARIANT_MUTATION_CAUSED_ABERRANT_PSEN_TO_MGLUR5_CA2_APOPTOTIC_PATHWAY,-0.0415756991037699,2.50907667681381e-13,classical Monocyte
Bifidobacterium,KEGG_MEDICUS_VARIANT_MUTATION_CAUSED_ABERRANT_SNCA_TO_26S_PROTEASOME_MEDIATED_PROTEIN_DEGRADATION,-0.0826878655428648,4.11614586264256e-48,classical Monocyte
Bifidobacterium,KEGG_MEDICUS_VARIANT_MUTATION_CAUSED_ABERRANT_SNCA_TO_ANTEROGRADE_AXONAL_TRANSPORT,-0.0704078571450162,2.49603305233486e-35,classical Monocyte
Bifidobacterium,KEGG_MEDICUS_VARIANT_MUTATION_CAUSED_ABERRANT_SNCA_TO_ELECTRON_TRANSFER_IN_COMPLEX_I,-0.0579622692496529,1.84368993014383e-24,classical Monocyte
Bifidobacterium,KEGG_MEDICUS_VARIANT_MUTATION_CAUSED_ABERRANT_SNCA_TO_PERK_ATF4_SIGNALING_PATHWAY,-0.0201686579378213,0.0003866355367216,classical Monocyte
Bifidobacterium,KEGG_MEDICUS_VARIANT_MUTATION_CAUSED_ABERRANT_SNCA_TO_VGCC_CA2_APOPTOTIC_PATHWAY,-0.0514006776823207,1.43039497907934e-19,classical Monocyte
Bifidobacterium,KEGG_MEDICUS_VARIANT_MUTATION_CAUSED_ABERRANT_SOD1_TO_26S_PROTEASOME_MEDIATED_PROTEIN_DEGRADATION,-0.0861577976297121,4.26400628192835e-52,classical Monocyte
Bifidobacterium,KEGG_MEDICUS_VARIANT_MUTATION_CAUSED_ABERRANT_SOD1_TO_INTRINSIC_APOPTOTIC_PATHWAY,-0.0240609291532763,2.29427916169802e-05,classical Monocyte
Bifidobacterium,KEGG_MEDICUS_VARIANT_MUTATION_CAUSED_ABERRANT_SOD1_TO_PERK_ATF4_SIGNALING_PATHWAY,-0.0381753154581361,1.82466196886814e-11,classical Monocyte
Bifidobacterium,KEGG_MEDICUS_VARIANT_MUTATION_CAUSED_ABERRANT_SOD1_TO_RETROGRADE_AXONAL_TRANSPORT,-0.0335817111693151,3.4132301368782e-09,classical Monocyte
Bifidobacterium,KEGG_MEDICUS_VARIANT_MUTATION_CAUSED_ABERRANT_SPTBN2_TO_MGLUR1_TRPC3_SIGNALING_PATHWAY,0.0791328400293391,3.35953871322416e-44,classical Monocyte
Bifidobacterium,KEGG_MEDICUS_VARIANT_MUTATION_CAUSED_ABERRANT_TDP43_TO_ELECTRON_TRANSFER_IN_COMPLEX_I,-0.0579562178963001,1.86407761865533e-24,classical Monocyte
Bifidobacterium,KEGG_MEDICUS_VARIANT_MUTATION_INACTIVATED_APC_TO_WNT_SIGNALING_PATHWAY,0.0258913452519708,5.20494049376499e-06,classical Monocyte
Bifidobacterium,KEGG_MEDICUS_VARIANT_MUTATION_INACTIVATED_ATP1A1_TO_ANGIOTENSIN_ALDOSTERONE_SIGNALING_PATHWAY,-0.0201577948243862,0.000389452425177008,classical Monocyte
Bifidobacterium,KEGG_MEDICUS_VARIANT_MUTATION_INACTIVATED_ATP2B3_TO_ANGIOTENSIN_ALDOSTERONE_SIGNALING_PATHWAY,-0.0153677811520489,0.00684845169839869,classical Monocyte
Bifidobacterium,KEGG_MEDICUS_VARIANT_MUTATION_INACTIVATED_ATXN3_TO_AUTOPHAGY_VESICLE_NUCLEATION,0.00730071669139877,0.198939006620387,classical Monocyte
Bifidobacterium,KEGG_MEDICUS_VARIANT_MUTATION_INACTIVATED_AXIN_TO_WNT_SIGNALING_PATHWAY,0.0264244334390861,3.31616018523558e-06,classical Monocyte
Bifidobacterium,KEGG_MEDICUS_VARIANT_MUTATION_INACTIVATED_DJ1_TO_FAS_JNK_SIGNALING_PATWHAY,0.0211057867388104,0.000204022762111212,classical Monocyte
Bifidobacterium,KEGG_MEDICUS_VARIANT_MUTATION_INACTIVATED_ERBB4_TO_NRG_ERBB4_PI3K_SIGNALING_PATHWAY,0.00615431815562926,0.278868687232763,classical Monocyte
Bifidobacterium,KEGG_MEDICUS_VARIANT_MUTATION_INACTIVATED_FGF17_TO_RAS_ERK_SIGNALING_PATHWAY,0.0698342733729905,8.79437065630171e-35,classical Monocyte
Bifidobacterium,KEGG_MEDICUS_VARIANT_MUTATION_INACTIVATED_OPTN_TO_PINK_PARKIN_MEDIATED_AUTOPHAGOSOME_FORMATION,-0.028331263567569,6.16758237958763e-07,classical Monocyte
Bifidobacterium,KEGG_MEDICUS_VARIANT_MUTATION_INACTIVATED_P62_TO_PINK_PARKIN_MEDIATED_AUTOPHAGOSOME_FORMATION,-0.0406795364716968,8.03601633015162e-13,classical Monocyte
Bifidobacterium,KEGG_MEDICUS_VARIANT_MUTATION_INACTIVATED_PDE11A_PDE8B_TO_ACTH_CORTISOL_SIGNALING_PATHWAY,0.0262156824865647,3.96040673270882e-06,classical Monocyte
Bifidobacterium,KEGG_MEDICUS_VARIANT_MUTATION_INACTIVATED_PINK1_TO_ELECTRON_TRANSFER_IN_COMPLEX_I,-0.0588530159016758,3.6080941509777e-25,classical Monocyte
Bifidobacterium,KEGG_MEDICUS_VARIANT_MUTATION_INACTIVATED_PINK1_TO_INTRINSIC_APOPTOTIC_PATHWAY_N01048,0.00545638979530241,0.33702479594658,classical Monocyte
Bifidobacterium,KEGG_MEDICUS_VARIANT_MUTATION_INACTIVATED_PINK1_TO_INTRINSIC_APOPTOTIC_PATHWAY_N01050,-0.00152250225635589,0.788787956278168,classical Monocyte
Bifidobacterium,KEGG_MEDICUS_VARIANT_MUTATION_INACTIVATED_PRKAR1A_TO_ACTH_CORTISOL_SIGNALING_PATHWAY,0.0262875532445413,3.72612494906428e-06,classical Monocyte
Bifidobacterium,KEGG_MEDICUS_VARIANT_MUTATION_INACTIVATED_PRKN_TO_INTRINSIC_APOPTOTIC_PATHWAY,0.00241711824938843,0.670622915839346,classical Monocyte
Bifidobacterium,KEGG_MEDICUS_VARIANT_MUTATION_INACTIVATED_PRKN_TO_MGLUR1_SIGNALING_PATHWAY,0.0519685380087135,5.69011394583504e-20,classical Monocyte
Bifidobacterium,KEGG_MEDICUS_VARIANT_MUTATION_INACTIVATED_PROK2_TO_PROK_PRKR_GI_ERK_SIGNALING_PATHWAY,-0.0202570482980536,0.000364412907087681,classical Monocyte
Bifidobacterium,KEGG_MEDICUS_VARIANT_MUTATION_INACTIVATED_PROKR2_TO_PROK_PRKR_GI_ERK_SIGNALING_PATHWAY,-0.0202570482980536,0.000364412907087681,classical Monocyte
Bifidobacterium,KEGG_MEDICUS_VARIANT_MUTATION_INACTIVATED_PTCH1_TO_HEDGEHOG_SIGNALING_PATHWAY,-0.0011866741591753,0.83460771216652,classical Monocyte
Bifidobacterium,KEGG_MEDICUS_VARIANT_MUTATION_INACTIVATED_RASD1_TO_CRHR_PKA_ACTH_SIGNALING_PATHWAY,0.00923409074033153,0.104210411594903,classical Monocyte
Bifidobacterium,KEGG_MEDICUS_VARIANT_MUTATION_INACTIVATED_RUNX1_TO_TRANSCRIPTION,-0.0189288269976928,0.000865872319314253,classical Monocyte
Bifidobacterium,KEGG_MEDICUS_VARIANT_MUTATION_INACTIVATED_SIGMAR1_TO_CA2_APOPTOTIC_PATHWAY,-0.0463226432865439,3.49586553457537e-16,classical Monocyte
Bifidobacterium,KEGG_MEDICUS_VARIANT_MUTATION_INACTIVATED_TP53_TO_TRANSCRIPTION,-0.0228086225489641,5.97729024049488e-05,classical Monocyte
Bifidobacterium,KEGG_MEDICUS_VARIANT_MUTATION_INACTIVATED_UBQLN2_TO_26S_PROTEASOME_MEDIATED_PROTEIN_DEGRADATION,-0.0826997100977187,3.99180340650102e-48,classical Monocyte
Bifidobacterium,KEGG_MEDICUS_VARIANT_MUTATION_INACTIVATED_VCP_TO_26S_PROTEASOME_MEDIATED_PROTEIN_DEGRADATION,-0.0823856758798123,8.98910149838494e-48,classical Monocyte
Bifidobacterium,KEGG_MEDICUS_VARIANT_NOTCH_OVEREXPRESSION_TO_NOTCH_SIGNALING_PATHWAY,0.0253905251298353,7.88841500473413e-06,classical Monocyte
Bifidobacterium,KEGG_MEDICUS_VARIANT_OLIGOMERIC_CONFORMATION_PRPC_TO_ANTEROGRADE_AXONAL_TRANSPORT,0.0207596293533802,0.00025913751662861,classical Monocyte
Bifidobacterium,KEGG_MEDICUS_VARIANT_PAX8_PPARG_FUSION_TO_PPARG_MEDIATED_TRANSCRIPTION,0.00415962117819415,0.464235914922741,classical Monocyte
Bifidobacterium,KEGG_MEDICUS_VARIANT_RET_FUSION_KINASE_TO_RAS_ERK_SIGNALING_PATHWAY,0.0336691201462142,3.10835587078782e-09,classical Monocyte
Bifidobacterium,KEGG_MEDICUS_VARIANT_SCRAPIE_CONFORMATION_PRPSC_TO_26S_PROTEASOME_MEDIATED_PROTEIN_DEGRADATION,-0.0802054842422503,2.31290694657955e-45,classical Monocyte
Bifidobacterium,KEGG_MEDICUS_VARIANT_SCRAPIE_CONFORMATION_PRPSC_TO_MGLUR5_CA2_APOPTOTIC_PATHWAY,-0.0343736274465619,1.4499251822518e-09,classical Monocyte
Bifidobacterium,KEGG_MEDICUS_VARIANT_SCRAPIE_CONFORMATION_PRPSC_TO_PERK_ATF4_SIGNALING_PATHWAY,-0.0153417560758654,0.00694343457680143,classical Monocyte
Bifidobacterium,KEGG_MEDICUS_VARIANT_SCRAPIE_CONFORMATION_PRPSC_TO_TRANSPORT_OF_CALCIUM,-0.047583262500865,5.42785770162073e-17,classical Monocyte
Bifidobacterium,KEGG_MEDICUS_VARIANT_SCRAPIE_CONFORMATION_PRPSC_TO_VGCC_CA2_APOPTOTIC_PATHWAY,0.00862209156615986,0.129244569542511,classical Monocyte
Bifidobacterium,KEGG_MEDICUS_VARIANT_TEL_AML1_FUSION_TO_TRANSCRIPTIONAL_REPRESSION,0.00537738762134016,0.344067146872377,classical Monocyte
Bifidobacterium,KEGG_MEDICUS_VARIANT_TGFA_OVEREXPRESSION_TO_PI3K_SIGNALING_PATHWAY,0.030089870113573,1.18678238986043e-07,classical Monocyte
Bifidobacterium,KEGG_MEDICUS_VARIANT_TMPRSS2_ERG_FUSION_TO_TRANSCRIPTIONAL_ACTIVATION,-0.00947004300862875,0.0956548609654121,classical Monocyte
Bifidobacterium,KEGG_MEDICUS_VARIANT_TRK_FUSION_KINASE_TO_RAS_ERK_SIGNALING_PATHWAY,0.0338275177257013,2.62203426705951e-09,classical Monocyte
Butyricimonas,KEGG_ABC_TRANSPORTERS,0.0169728906493115,0.00282098628818772,classical Monocyte
Butyricimonas,KEGG_ACUTE_MYELOID_LEUKEMIA,0.0770074730780258,6.06201156942358e-42,classical Monocyte
Butyricimonas,KEGG_ADHERENS_JUNCTION,0.0150704977523905,0.00800618565645082,classical Monocyte
Butyricimonas,KEGG_ADIPOCYTOKINE_SIGNALING_PATHWAY,0.115662811388395,1.12288024760929e-92,classical Monocyte
Butyricimonas,KEGG_ALANINE_ASPARTATE_AND_GLUTAMATE_METABOLISM,0.00109977368719759,0.846563065020865,classical Monocyte
Butyricimonas,KEGG_ALDOSTERONE_REGULATED_SODIUM_REABSORPTION,0.0885007849639226,7.0153526769409e-55,classical Monocyte
Butyricimonas,KEGG_ALLOGRAFT_REJECTION,-0.300053614064298,0,classical Monocyte
Butyricimonas,KEGG_ALPHA_LINOLENIC_ACID_METABOLISM,0.0346116977912384,1.1167400372585e-09,classical Monocyte
Butyricimonas,KEGG_ALZHEIMERS_DISEASE,-0.192868706521939,3.3829786079894e-257,classical Monocyte
Butyricimonas,KEGG_AMINOACYL_TRNA_BIOSYNTHESIS,-0.0175994520602789,0.00195576746280227,classical Monocyte
Butyricimonas,KEGG_AMINO_SUGAR_AND_NUCLEOTIDE_SUGAR_METABOLISM,0.0254321058641395,7.62291688680395e-06,classical Monocyte
Butyricimonas,KEGG_AMYOTROPHIC_LATERAL_SCLEROSIS_ALS,-0.0235849730536843,3.31953049398648e-05,classical Monocyte
Butyricimonas,KEGG_ANTIGEN_PROCESSING_AND_PRESENTATION,-0.29501726926526,0,classical Monocyte
Butyricimonas,KEGG_APOPTOSIS,0.0876367971801763,7.60907730929251e-54,classical Monocyte
Butyricimonas,KEGG_ARACHIDONIC_ACID_METABOLISM,-0.0522794086886505,3.42081789291828e-20,classical Monocyte
Butyricimonas,KEGG_ARGININE_AND_PROLINE_METABOLISM,-0.0397717795655375,2.54822603091266e-12,classical Monocyte
Butyricimonas,KEGG_ARRHYTHMOGENIC_RIGHT_VENTRICULAR_CARDIOMYOPATHY_ARVC,-0.00721591998600512,0.204205892047103,classical Monocyte
Butyricimonas,KEGG_ASCORBATE_AND_ALDARATE_METABOLISM,-0.00204835942077177,0.718540709742643,classical Monocyte
Butyricimonas,KEGG_ASTHMA,-0.310544184316205,0,classical Monocyte
Butyricimonas,KEGG_AUTOIMMUNE_THYROID_DISEASE,-0.299737443888417,0,classical Monocyte
Butyricimonas,KEGG_AXON_GUIDANCE,0.00415521054438802,0.46470976648687,classical Monocyte
Butyricimonas,KEGG_BASAL_CELL_CARCINOMA,0.053627521548317,3.63739244355052e-21,classical Monocyte
Butyricimonas,KEGG_BASAL_TRANSCRIPTION_FACTORS,-0.011621259434383,0.0408713388585943,classical Monocyte
Butyricimonas,KEGG_BASE_EXCISION_REPAIR,-0.0266658544820507,2.6962422581191e-06,classical Monocyte
Butyricimonas,KEGG_BETA_ALANINE_METABOLISM,0.0937354681878115,2.26188928658579e-61,classical Monocyte
Butyricimonas,KEGG_BIOSYNTHESIS_OF_UNSATURATED_FATTY_ACIDS,-0.0125264824440606,0.0275155878275624,classical Monocyte
Butyricimonas,KEGG_BLADDER_CANCER,0.0902322632953435,5.50139096820794e-57,classical Monocyte
Butyricimonas,KEGG_BUTANOATE_METABOLISM,-0.00373380766540894,0.511202275082556,classical Monocyte
Butyricimonas,KEGG_B_CELL_RECEPTOR_SIGNALING_PATHWAY,0.0603399311577001,2.24350486283304e-26,classical Monocyte
Butyricimonas,KEGG_CALCIUM_SIGNALING_PATHWAY,0.00892233573067985,0.116434029002424,classical Monocyte
Butyricimonas,KEGG_CARDIAC_MUSCLE_CONTRACTION,-0.172134014571915,1.64543135976563e-204,classical Monocyte
Butyricimonas,KEGG_CELL_ADHESION_MOLECULES_CAMS,-0.213475963084329,5.77325005480951e-316,classical Monocyte
Butyricimonas,KEGG_CELL_CYCLE,0.0408645391468965,6.33219339503216e-13,classical Monocyte
Butyricimonas,KEGG_CHEMOKINE_SIGNALING_PATHWAY,0.0478286685972508,3.75565560191217e-17,classical Monocyte
Butyricimonas,KEGG_CHRONIC_MYELOID_LEUKEMIA,0.120546724958579,1.46978295268318e-100,classical Monocyte
Butyricimonas,KEGG_CIRCADIAN_RHYTHM_MAMMAL,0.0244043251664448,1.75018586364566e-05,classical Monocyte
Butyricimonas,KEGG_CITRATE_CYCLE_TCA_CYCLE,-0.0512704504099497,1.76463787154312e-19,classical Monocyte
Butyricimonas,KEGG_COLORECTAL_CANCER,0.00272431940943858,0.631692755507843,classical Monocyte
Butyricimonas,KEGG_COMPLEMENT_AND_COAGULATION_CASCADES,0.00426307179397232,0.453199254387478,classical Monocyte
Butyricimonas,KEGG_CYSTEINE_AND_METHIONINE_METABOLISM,-0.036534024015775,1.27337111229292e-10,classical Monocyte
Butyricimonas,KEGG_CYTOKINE_CYTOKINE_RECEPTOR_INTERACTION,-0.00128916412205961,0.820556806952256,classical Monocyte
Butyricimonas,KEGG_CYTOSOLIC_DNA_SENSING_PATHWAY,-0.0531212298188616,8.49556582970587e-21,classical Monocyte
Butyricimonas,KEGG_DILATED_CARDIOMYOPATHY,-0.0378263050209762,2.77708252416077e-11,classical Monocyte
Butyricimonas,KEGG_DNA_REPLICATION,-0.0225665681289972,7.1541671259573e-05,classical Monocyte
Butyricimonas,KEGG_DORSO_VENTRAL_AXIS_FORMATION,0.104253632185289,1.47846047089186e-75,classical Monocyte
Butyricimonas,KEGG_DRUG_METABOLISM_CYTOCHROME_P450,-0.0848655827279566,1.35821881198481e-50,classical Monocyte
Butyricimonas,KEGG_DRUG_METABOLISM_OTHER_ENZYMES,0.0905620875371212,2.16133803600516e-57,classical Monocyte
Butyricimonas,KEGG_ECM_RECEPTOR_INTERACTION,0.0469792580020074,1.33309097310865e-16,classical Monocyte
Butyricimonas,KEGG_ENDOCYTOSIS,0.0121560000351235,0.0324412898144929,classical Monocyte
Butyricimonas,KEGG_ENDOMETRIAL_CANCER,0.120775585960559,6.16112386510966e-101,classical Monocyte
Butyricimonas,KEGG_EPITHELIAL_CELL_SIGNALING_IN_HELICOBACTER_PYLORI_INFECTION,-0.0483800296981186,1.63080653123093e-17,classical Monocyte
Butyricimonas,KEGG_ERBB_SIGNALING_PATHWAY,0.119329447159271,1.45640459895854e-98,classical Monocyte
Butyricimonas,KEGG_ETHER_LIPID_METABOLISM,0.0598276751946629,5.88693966566659e-26,classical Monocyte
Butyricimonas,KEGG_FATTY_ACID_METABOLISM,0.024337226701357,1.84575909722339e-05,classical Monocyte
Butyricimonas,KEGG_FC_EPSILON_RI_SIGNALING_PATHWAY,0.0960190676112363,2.53828602986114e-64,classical Monocyte
Butyricimonas,KEGG_FC_GAMMA_R_MEDIATED_PHAGOCYTOSIS,-0.0174776749511259,0.00210194586927113,classical Monocyte
Butyricimonas,KEGG_FOCAL_ADHESION,0.035012905826753,7.16416199784832e-10,classical Monocyte
Butyricimonas,KEGG_FOLATE_BIOSYNTHESIS,-0.00673894467553251,0.235727898226747,classical Monocyte
Butyricimonas,KEGG_FRUCTOSE_AND_MANNOSE_METABOLISM,-0.0326584911727708,9.04101289271322e-09,classical Monocyte
Butyricimonas,KEGG_GALACTOSE_METABOLISM,0.0316304452390794,2.59492075534554e-08,classical Monocyte
Butyricimonas,KEGG_GAP_JUNCTION,0.02124601276546,0.00018500094349428,classical Monocyte
Butyricimonas,KEGG_GLIOMA,0.0737953753116623,1.19112572547055e-38,classical Monocyte
Butyricimonas,KEGG_GLUTATHIONE_METABOLISM,-0.0556004868246094,1.23689424113612e-22,classical Monocyte
Butyricimonas,KEGG_GLYCEROLIPID_METABOLISM,0.040554251747542,9.43766187702009e-13,classical Monocyte
Butyricimonas,KEGG_GLYCEROPHOSPHOLIPID_METABOLISM,0.0831295256572449,1.30754662545196e-48,classical Monocyte
Butyricimonas,KEGG_GLYCINE_SERINE_AND_THREONINE_METABOLISM,0.00231757066531115,0.683436851434537,classical Monocyte
Butyricimonas,KEGG_GLYCOLYSIS_GLUCONEOGENESIS,-0.0268470313466924,2.30575414741527e-06,classical Monocyte
Butyricimonas,KEGG_GLYCOSAMINOGLYCAN_BIOSYNTHESIS_CHONDROITIN_SULFATE,0.0726573238480325,1.6186015134372e-37,classical Monocyte
Butyricimonas,KEGG_GLYCOSAMINOGLYCAN_BIOSYNTHESIS_HEPARAN_SULFATE,0.0667827454918494,6.01324370882879e-32,classical Monocyte
Butyricimonas,KEGG_GLYCOSAMINOGLYCAN_BIOSYNTHESIS_KERATAN_SULFATE,0.0419981107715026,1.43724452355107e-13,classical Monocyte
Butyricimonas,KEGG_GLYCOSAMINOGLYCAN_DEGRADATION,0.0210244917990574,0.000215876546261546,classical Monocyte
Butyricimonas,KEGG_GLYCOSPHINGOLIPID_BIOSYNTHESIS_GANGLIO_SERIES,0.013610016700303,0.0166295641522354,classical Monocyte
Butyricimonas,KEGG_GLYCOSPHINGOLIPID_BIOSYNTHESIS_GLOBO_SERIES,-0.000984629926144744,0.862458106547406,classical Monocyte
Butyricimonas,KEGG_GLYCOSPHINGOLIPID_BIOSYNTHESIS_LACTO_AND_NEOLACTO_SERIES,0.0387452088310709,9.11731739735189e-12,classical Monocyte
Butyricimonas,KEGG_GLYCOSYLPHOSPHATIDYLINOSITOL_GPI_ANCHOR_BIOSYNTHESIS,0.0037690973913596,0.507217785663269,classical Monocyte
Butyricimonas,KEGG_GLYOXYLATE_AND_DICARBOXYLATE_METABOLISM,-0.0467972287004147,1.74384825059807e-16,classical Monocyte
Butyricimonas,KEGG_GNRH_SIGNALING_PATHWAY,0.0846516790774089,2.39654808952752e-50,classical Monocyte
Butyricimonas,KEGG_GRAFT_VERSUS_HOST_DISEASE,-0.301590473191902,0,classical Monocyte
Butyricimonas,KEGG_HEDGEHOG_SIGNALING_PATHWAY,0.0486409160144071,1.09538135555456e-17,classical Monocyte
Butyricimonas,KEGG_HEMATOPOIETIC_CELL_LINEAGE,-0.0436338443109804,1.5779597479374e-14,classical Monocyte
Butyricimonas,KEGG_HISTIDINE_METABOLISM,0.0062163892470814,0.274048855522086,classical Monocyte
Butyricimonas,KEGG_HOMOLOGOUS_RECOMBINATION,-0.0260527589187149,4.544901868676e-06,classical Monocyte
Butyricimonas,KEGG_HUNTINGTONS_DISEASE,-0.216441367882474,0,classical Monocyte
Butyricimonas,KEGG_HYPERTROPHIC_CARDIOMYOPATHY_HCM,-0.0208608608837342,0.000241722796396997,classical Monocyte
Butyricimonas,KEGG_INOSITOL_PHOSPHATE_METABOLISM,0.0729930753890832,7.52756627503538e-38,classical Monocyte
Butyricimonas,KEGG_INSULIN_SIGNALING_PATHWAY,0.0718376965798622,1.03362772824663e-36,classical Monocyte
Butyricimonas,KEGG_INTESTINAL_IMMUNE_NETWORK_FOR_IGA_PRODUCTION,-0.280922752957017,0,classical Monocyte
Butyricimonas,KEGG_JAK_STAT_SIGNALING_PATHWAY,0.159971979913957,1.48756433594126e-176,classical Monocyte
Butyricimonas,KEGG_LEISHMANIA_INFECTION,-0.200605670379632,1.66757543160606e-278,classical Monocyte
Butyricimonas,KEGG_LEUKOCYTE_TRANSENDOTHELIAL_MIGRATION,-0.00970265626889115,0.0877801953622674,classical Monocyte
Butyricimonas,KEGG_LIMONENE_AND_PINENE_DEGRADATION,-0.00828910173985863,0.144704207011383,classical Monocyte
Butyricimonas,KEGG_LINOLEIC_ACID_METABOLISM,0.0254610691729995,7.4430540373343e-06,classical Monocyte
Butyricimonas,KEGG_LONG_TERM_DEPRESSION,0.0594990700013574,1.08839509108305e-25,classical Monocyte
Butyricimonas,KEGG_LONG_TERM_POTENTIATION,0.0607796835430641,9.73737505689792e-27,classical Monocyte
Butyricimonas,KEGG_LYSINE_DEGRADATION,0.0793957268312846,1.74950411885773e-44,classical Monocyte
Butyricimonas,KEGG_LYSOSOME,-0.0113361359069961,0.0460799378347104,classical Monocyte
Butyricimonas,KEGG_MAPK_SIGNALING_PATHWAY,0.0536115503253052,3.73649261962277e-21,classical Monocyte
Butyricimonas,KEGG_MELANOGENESIS,0.0282028199043633,6.93121321275396e-07,classical Monocyte
Butyricimonas,KEGG_MELANOMA,0.110740401551113,4.55506412401474e-85,classical Monocyte
Butyricimonas,KEGG_METABOLISM_OF_XENOBIOTICS_BY_CYTOCHROME_P450,-0.0197481763903756,0.000510784883947564,classical Monocyte
Butyricimonas,KEGG_MISMATCH_REPAIR,-0.00617365302630069,0.277361187145993,classical Monocyte
Butyricimonas,KEGG_MTOR_SIGNALING_PATHWAY,0.0678922419775052,5.79383259733261e-33,classical Monocyte
Butyricimonas,KEGG_NATURAL_KILLER_CELL_MEDIATED_CYTOTOXICITY,-0.0261517981734235,4.18045097082339e-06,classical Monocyte
Butyricimonas,KEGG_NEUROACTIVE_LIGAND_RECEPTOR_INTERACTION,0.00235553449885039,0.678539069387546,classical Monocyte
Butyricimonas,KEGG_NEUROTROPHIN_SIGNALING_PATHWAY,0.0335757082716406,3.4352038932555e-09,classical Monocyte
Butyricimonas,KEGG_NICOTINATE_AND_NICOTINAMIDE_METABOLISM,0.0753847484766914,2.91022383309791e-40,classical Monocyte
Butyricimonas,KEGG_NITROGEN_METABOLISM,0.0141786565811722,0.0126005432171578,classical Monocyte
Butyricimonas,KEGG_NOD_LIKE_RECEPTOR_SIGNALING_PATHWAY,0.0104195128218654,0.0667481706987797,classical Monocyte
Butyricimonas,KEGG_NON_HOMOLOGOUS_END_JOINING,0.0100774103940096,0.0762008445715294,classical Monocyte
Butyricimonas,KEGG_NON_SMALL_CELL_LUNG_CANCER,0.136723648549517,4.58592849902859e-129,classical Monocyte
Butyricimonas,KEGG_NOTCH_SIGNALING_PATHWAY,0.0942044084355172,5.68271272608469e-62,classical Monocyte
Butyricimonas,KEGG_NUCLEOTIDE_EXCISION_REPAIR,-0.000309386193675304,0.956587329205529,classical Monocyte
Butyricimonas,KEGG_N_GLYCAN_BIOSYNTHESIS,0.00332061586699557,0.559042108337741,classical Monocyte
Butyricimonas,KEGG_ONE_CARBON_POOL_BY_FOLATE,-0.00674992989300992,0.234965196229837,classical Monocyte
Butyricimonas,KEGG_OOCYTE_MEIOSIS,-0.0389563082206897,7.0333485099562e-12,classical Monocyte
Butyricimonas,KEGG_OTHER_GLYCAN_DEGRADATION,0.0372203498796122,5.70762757983606e-11,classical Monocyte
Butyricimonas,KEGG_OXIDATIVE_PHOSPHORYLATION,-0.215824937202431,3.95252516672997e-323,classical Monocyte
Butyricimonas,KEGG_O_GLYCAN_BIOSYNTHESIS,0.0635559355713328,4.36287276715597e-29,classical Monocyte
Butyricimonas,KEGG_P53_SIGNALING_PATHWAY,0.0946175785310487,1.67293574189797e-62,classical Monocyte
Butyricimonas,KEGG_PANCREATIC_CANCER,0.0476351076265354,5.02233395137021e-17,classical Monocyte
Butyricimonas,KEGG_PANTOTHENATE_AND_COA_BIOSYNTHESIS,0.144508047878494,4.19721056599876e-144,classical Monocyte
Butyricimonas,KEGG_PARKINSONS_DISEASE,-0.215378706920965,1.01777523043297e-321,classical Monocyte
Butyricimonas,KEGG_PATHOGENIC_ESCHERICHIA_COLI_INFECTION,-0.0983535573319174,2.06350692374929e-67,classical Monocyte
Butyricimonas,KEGG_PATHWAYS_IN_CANCER,0.0492077018269795,4.58071640896526e-18,classical Monocyte
Butyricimonas,KEGG_PENTOSE_AND_GLUCURONATE_INTERCONVERSIONS,-0.0317537959181615,2.29041574630128e-08,classical Monocyte
Butyricimonas,KEGG_PENTOSE_PHOSPHATE_PATHWAY,0.028549467750239,5.05243597902108e-07,classical Monocyte
Butyricimonas,KEGG_PEROXISOME,-0.0164060012136141,0.00389138578816355,classical Monocyte
Butyricimonas,KEGG_PHENYLALANINE_METABOLISM,-0.0571117378758335,8.55358156545515e-24,classical Monocyte
Butyricimonas,KEGG_PHOSPHATIDYLINOSITOL_SIGNALING_SYSTEM,0.0892788987413202,8.03353815522511e-56,classical Monocyte
Butyricimonas,KEGG_PORPHYRIN_AND_CHLOROPHYLL_METABOLISM,-0.0424419896760537,7.95597965036583e-14,classical Monocyte
Butyricimonas,KEGG_PPAR_SIGNALING_PATHWAY,0.0435041203975959,1.88575385218579e-14,classical Monocyte
Butyricimonas,KEGG_PRIMARY_BILE_ACID_BIOSYNTHESIS,-0.00676621033477499,0.233838063718437,classical Monocyte
Butyricimonas,KEGG_PRIMARY_IMMUNODEFICIENCY,-0.042641391529447,6.0878358934796e-14,classical Monocyte
Butyricimonas,KEGG_PRION_DISEASES,-0.0345218603619698,1.23262116909302e-09,classical Monocyte
Butyricimonas,KEGG_PROGESTERONE_MEDIATED_OOCYTE_MATURATION,0.035294283438004,5.23230189629262e-10,classical Monocyte
Butyricimonas,KEGG_PROPANOATE_METABOLISM,-0.0221842158792713,9.46943147761098e-05,classical Monocyte
Butyricimonas,KEGG_PROSTATE_CANCER,0.0726098522402598,1.80312654765902e-37,classical Monocyte
Butyricimonas,KEGG_PROTEASOME,-0.211727596335907,9.98353554434077e-311,classical Monocyte
Butyricimonas,KEGG_PROTEIN_EXPORT,-0.0949318136468075,6.5765450297261e-63,classical Monocyte
Butyricimonas,KEGG_PROXIMAL_TUBULE_BICARBONATE_RECLAMATION,-0.0212872042921298,0.000179738226141414,classical Monocyte
Butyricimonas,KEGG_PURINE_METABOLISM,-0.0308515871881988,5.64685735053887e-08,classical Monocyte
Butyricimonas,KEGG_PYRIMIDINE_METABOLISM,0.0133549799246101,0.0187775874111503,classical Monocyte
Butyricimonas,KEGG_PYRUVATE_METABOLISM,-0.0111485114248498,0.0498038724736128,classical Monocyte
Butyricimonas,KEGG_REGULATION_OF_ACTIN_CYTOSKELETON,-0.00964658915152409,0.0896287102017644,classical Monocyte
Butyricimonas,KEGG_REGULATION_OF_AUTOPHAGY,-0.0310545826823326,4.61914920283272e-08,classical Monocyte
Butyricimonas,KEGG_RENAL_CELL_CARCINOMA,0.0470949207406913,1.12333772173243e-16,classical Monocyte
Butyricimonas,KEGG_RENIN_ANGIOTENSIN_SYSTEM,0.0692738660590245,2.98048161374825e-34,classical Monocyte
Butyricimonas,KEGG_RETINOL_METABOLISM,-0.00167251548549213,0.768544130655864,classical Monocyte
Butyricimonas,KEGG_RIBOFLAVIN_METABOLISM,-0.0378167610501047,2.80901583062313e-11,classical Monocyte
Butyricimonas,KEGG_RIBOSOME,-0.256174243652407,0,classical Monocyte
Butyricimonas,KEGG_RIG_I_LIKE_RECEPTOR_SIGNALING_PATHWAY,0.0931347217288261,1.31397417796529e-60,classical Monocyte
Butyricimonas,KEGG_RNA_DEGRADATION,0.0300683528038554,1.21163758649437e-07,classical Monocyte
Butyricimonas,KEGG_RNA_POLYMERASE,-0.0821929925818743,1.47694134328635e-47,classical Monocyte
Butyricimonas,KEGG_SELENOAMINO_ACID_METABOLISM,0.00268593513956215,0.636504373603768,classical Monocyte
Butyricimonas,KEGG_SMALL_CELL_LUNG_CANCER,0.102385874567023,6.31307441288423e-73,classical Monocyte
Butyricimonas,KEGG_SNARE_INTERACTIONS_IN_VESICULAR_TRANSPORT,-0.0226674402400109,6.63930293879348e-05,classical Monocyte
Butyricimonas,KEGG_SPHINGOLIPID_METABOLISM,0.0144244050544907,0.0111452916467872,classical Monocyte
Butyricimonas,KEGG_SPLICEOSOME,-0.123609090680133,1.13201719962973e-105,classical Monocyte
Butyricimonas,KEGG_STARCH_AND_SUCROSE_METABOLISM,0.0748869188626943,9.38744527948863e-40,classical Monocyte
Butyricimonas,KEGG_STEROID_BIOSYNTHESIS,-0.0279678195380427,8.57043741079847e-07,classical Monocyte
Butyricimonas,KEGG_STEROID_HORMONE_BIOSYNTHESIS,0.0938176124294079,1.77665343058982e-61,classical Monocyte
Butyricimonas,KEGG_SULFUR_METABOLISM,0.0804895791371248,1.13171243141489e-45,classical Monocyte
Butyricimonas,KEGG_SYSTEMIC_LUPUS_ERYTHEMATOSUS,-0.310379855731301,0,classical Monocyte
Butyricimonas,KEGG_TASTE_TRANSDUCTION,-0.0117710846912362,0.0383403560814756,classical Monocyte
Butyricimonas,KEGG_TAURINE_AND_HYPOTAURINE_METABOLISM,0.0198419936108352,0.000480230215826139,classical Monocyte
Butyricimonas,KEGG_TERPENOID_BACKBONE_BIOSYNTHESIS,0.00782309155708811,0.168668066648616,classical Monocyte
Butyricimonas,KEGG_TGF_BETA_SIGNALING_PATHWAY,0.033236915484781,4.92577275150966e-09,classical Monocyte
Butyricimonas,KEGG_THYROID_CANCER,0.0556158835317599,1.20411328337809e-22,classical Monocyte
Butyricimonas,KEGG_TIGHT_JUNCTION,-0.0233455691172973,3.9872158039213e-05,classical Monocyte
Butyricimonas,KEGG_TOLL_LIKE_RECEPTOR_SIGNALING_PATHWAY,0.0547344600119055,5.53789151442596e-22,classical Monocyte
Butyricimonas,KEGG_TRYPTOPHAN_METABOLISM,0.0757762784958078,1.15223466574754e-40,classical Monocyte
Butyricimonas,KEGG_TYPE_II_DIABETES_MELLITUS,0.132785636700302,8.73032797418616e-122,classical Monocyte
Butyricimonas,KEGG_TYPE_I_DIABETES_MELLITUS,-0.30178823270255,0,classical Monocyte
Butyricimonas,KEGG_TYROSINE_METABOLISM,-0.0446183088433532,4.01321192754619e-15,classical Monocyte
Butyricimonas,KEGG_T_CELL_RECEPTOR_SIGNALING_PATHWAY,0.077148273275196,4.31562117869623e-42,classical Monocyte
Butyricimonas,KEGG_UBIQUITIN_MEDIATED_PROTEOLYSIS,0.0827008760676018,3.97976721898092e-48,classical Monocyte
Butyricimonas,KEGG_VALINE_LEUCINE_AND_ISOLEUCINE_BIOSYNTHESIS,0.000327747703705485,0.954013640492556,classical Monocyte
Butyricimonas,KEGG_VALINE_LEUCINE_AND_ISOLEUCINE_DEGRADATION,0.00229278737161187,0.686641406576415,classical Monocyte
Butyricimonas,KEGG_VASCULAR_SMOOTH_MUSCLE_CONTRACTION,0.00294408070341493,0.604449242405554,classical Monocyte
Butyricimonas,KEGG_VASOPRESSIN_REGULATED_WATER_REABSORPTION,-0.0483054071620314,1.8267221314101e-17,classical Monocyte
Butyricimonas,KEGG_VEGF_SIGNALING_PATHWAY,0.0554806888326851,1.52401048549761e-22,classical Monocyte
Butyricimonas,KEGG_VIBRIO_CHOLERAE_INFECTION,-0.0640123932959085,1.75248947632236e-29,classical Monocyte
Butyricimonas,KEGG_VIRAL_MYOCARDITIS,-0.256064225693751,0,classical Monocyte
Butyricimonas,KEGG_WNT_SIGNALING_PATHWAY,0.0778622336017424,7.63101233214249e-43,classical Monocyte
Butyricimonas,KEGG_MEDICUS_ENV_FACTOR_ARSENIC_TO_ELECTRON_TRANSFER_IN_COMPLEX_IV,-0.176949178673011,3.54083507411652e-216,classical Monocyte
Butyricimonas,KEGG_MEDICUS_ENV_FACTOR_BENZO_A_PYRENRE_TO_CYP_MEDIATED_METABOLISM,0.111897504288601,7.95086826056456e-87,classical Monocyte
Butyricimonas,KEGG_MEDICUS_ENV_FACTOR_DCE_TO_DNA_ADDUCTS,-0.0666739426346706,7.54848525211184e-32,classical Monocyte
Butyricimonas,KEGG_MEDICUS_ENV_FACTOR_E2_TO_NUCLEAR_INITIATED_ESTROGEN_SIGNALING_PATHWAY,0.0110377955978564,0.052117449282095,classical Monocyte
Butyricimonas,KEGG_MEDICUS_ENV_FACTOR_E2_TO_RAS_ERK_SIGNALING_PATHWAY,0.0186472576971652,0.00103338778721047,classical Monocyte
Butyricimonas,KEGG_MEDICUS_ENV_FACTOR_IRON_TO_ANTEROGRADE_AXONAL_TRANSPORT,-0.134661277089558,3.17131111551466e-125,classical Monocyte
Butyricimonas,KEGG_MEDICUS_ENV_FACTOR_METALS_TO_JNK_SIGNALING_PATHWAY,0.0133241213246849,0.0190532798349662,classical Monocyte
Butyricimonas,KEGG_MEDICUS_ENV_FACTOR_METALS_TO_KEAP1_NRF2_SIGNALIG_PATHWAY,-0.026389845380356,3.41546653896041e-06,classical Monocyte
Butyricimonas,KEGG_MEDICUS_ENV_FACTOR_METALS_TO_NFKB_SIGNALING_PATHWAY,0.0420258599861898,1.38532346935827e-13,classical Monocyte
Butyricimonas,KEGG_MEDICUS_ENV_FACTOR_METALS_TO_RAS_ERK_SIGNALING_PATHWAY,0.0190055497581845,0.000824804381695809,classical Monocyte
Butyricimonas,KEGG_MEDICUS_ENV_FACTOR_NICOTINE_NNK_TO_PI3K_SIGNALING_PATHWAY,0.00427615274137825,0.451814334601356,classical Monocyte
Butyricimonas,KEGG_MEDICUS_ENV_FACTOR_NICOTINE_TO_JAK_STAT_SIGNALING_PATHWAY,0.0609081359971767,7.62197153397618e-27,classical Monocyte
Butyricimonas,KEGG_MEDICUS_ENV_FACTOR_NNK_NNN_TO_CHRNA7_E2F_SIGNALING_PATHWAY,0.046677739308497,2.07893038167778e-16,classical Monocyte
Butyricimonas,KEGG_MEDICUS_ENV_FACTOR_NNK_NNN_TO_PI3K_SIGNALING_PATHWAY_N01339,0.0552404797613846,2.31303224032909e-22,classical Monocyte
Butyricimonas,KEGG_MEDICUS_ENV_FACTOR_NNK_NNN_TO_PI3K_SIGNALING_PATHWAY_N01350,0.044576692878379,4.25489618292777e-15,classical Monocyte
Butyricimonas,KEGG_MEDICUS_ENV_FACTOR_NNK_NNN_TO_RAS_ERK_SIGNALING_PATHWAY,0.0196341305179748,0.000550366886611859,classical Monocyte
Butyricimonas,KEGG_MEDICUS_ENV_FACTOR_PARAQUAT_TO_FAS_JNK_SIGNALING_PATHWAY,-0.00538616730521064,0.343279907778797,classical Monocyte
Butyricimonas,KEGG_MEDICUS_ENV_FACTOR_PHIP_TO_DNA_ADDUCTS,0.0495001229424239,2.91008666818084e-18,classical Monocyte
Butyricimonas,KEGG_MEDICUS_ENV_FACTOR_TCDD_TO_AHR_SIGNALING_PATHWAY,0.0180448248567286,0.00149707235034806,classical Monocyte
Butyricimonas,KEGG_MEDICUS_ENV_FACTOR_ZN_TO_ANTEROGRADE_AXONAL_TRANSPORT,-0.115346760937345,3.53980239419737e-92,classical Monocyte
Butyricimonas,KEGG_MEDICUS_PATHOGEN_ARSENIC_TO_ELECTRON_TRANSFER_IN_COMPLEX_II,-0.0446552693786643,3.8099293889684e-15,classical Monocyte
Butyricimonas,KEGG_MEDICUS_PATHOGEN_EBV_BARF1_TO_INTRINSIC_APOPTOTIC_PATHWAY,0.016525281106987,0.00363950399634305,classical Monocyte
Butyricimonas,KEGG_MEDICUS_PATHOGEN_EBV_EBNA1_TO_P53_MEDIATED_TRANSCRIPTION,-0.00888819395123516,0.117838452910176,classical Monocyte
Butyricimonas,KEGG_MEDICUS_PATHOGEN_EBV_EBNA2_TO_RBP_JK_MEDIATED_TRANSCRIPTION,0.00578095665872175,0.309072838634951,classical Monocyte
Butyricimonas,KEGG_MEDICUS_PATHOGEN_EBV_EBNA3C_TO_CELL_CYCLE_G1_S_N00483,0.111941915513077,6.80088622327383e-87,classical Monocyte
Butyricimonas,KEGG_MEDICUS_PATHOGEN_EBV_EBNA3C_TO_CELL_CYCLE_G1_S_N00484,0.0485197873599505,1.31803275700489e-17,classical Monocyte
Butyricimonas,KEGG_MEDICUS_PATHOGEN_EBV_EBNA3C_TO_P27_CELL_CYCLE_G1_S_N00264,0.0399601066314794,2.00981630157011e-12,classical Monocyte
Butyricimonas,KEGG_MEDICUS_PATHOGEN_EBV_EBNA3C_TO_P27_CELL_CYCLE_G1_S_N00482,0.0495626062987043,2.64032595638922e-18,classical Monocyte
Butyricimonas,KEGG_MEDICUS_PATHOGEN_EBV_EBNA3C_TO_P53_MEDIATED_TRANSCRIPTION,-0.0024049969657369,0.672178167977772,classical Monocyte
Butyricimonas,KEGG_MEDICUS_PATHOGEN_EBV_LMP1_TO_NFKB_SIGNALING_PATHWAY,0.0278889571291976,9.19984526878839e-07,classical Monocyte
Butyricimonas,KEGG_MEDICUS_PATHOGEN_EBV_LMP1_TO_PI3K_SIGNALING_PATHWAY,0.0654149220900365,1.02074010769476e-30,classical Monocyte
Butyricimonas,KEGG_MEDICUS_PATHOGEN_EBV_LMP2A_TO_PI3K_SIGNALING_PATHWAY,0.0601962247187931,2.9431891624867e-26,classical Monocyte
Butyricimonas,KEGG_MEDICUS_PATHOGEN_ESCHERICHIA_EAE_TIR_TCCP_TO_ACTIN_SIGNALING_PATHWAY,-0.0813778962443047,1.19122091782517e-46,classical Monocyte
Butyricimonas,KEGG_MEDICUS_PATHOGEN_ESCHERICHIA_EAE_TIR_TO_ACTIN_SIGNALING_PATHWAY,-0.0721171869965177,5.50566717512572e-37,classical Monocyte
Butyricimonas,KEGG_MEDICUS_PATHOGEN_ESCHERICHIA_ESPG_TO_MICROTUBULE_RHOA_SIGNALING_PATHWAY,-0.134222980433595,2.03941801931905e-124,classical Monocyte
Butyricimonas,KEGG_MEDICUS_PATHOGEN_ESCHERICHIA_ESPJ_TO_IGG_FCGR_RAC_SIGNALING_PATHWAY,-0.0886744738649883,4.33201060754079e-55,classical Monocyte
Butyricimonas,KEGG_MEDICUS_PATHOGEN_ESCHERICHIA_ESPT_TO_RAC_SIGNALING_PATHWAY,-0.078603917366411,1.2403626322345e-43,classical Monocyte
Butyricimonas,KEGG_MEDICUS_PATHOGEN_ESCHERICHIA_MAP_TO_CDC42_SIGNALING_PATHWAY,-0.0817231288897223,4.93285820289916e-47,classical Monocyte
Butyricimonas,KEGG_MEDICUS_PATHOGEN_ESCHERICHIA_MAP_TO_LPA_GNA12_13_RHOA_SIGNALING_PATHWAY,-0.00665277635081806,0.241771342303133,classical Monocyte
Butyricimonas,KEGG_MEDICUS_PATHOGEN_ESCHERICHIA_TIR_TO_TLR2_4_MAPK_SIGNALING_PATHWAY,-0.00615361201734067,0.278923848669359,classical Monocyte
Butyricimonas,KEGG_MEDICUS_PATHOGEN_HBV_HBX_TO_CREB_MEDIATED_TRANSCRIPTION,0.0729107626701853,9.08465087428209e-38,classical Monocyte
Butyricimonas,KEGG_MEDICUS_PATHOGEN_HBV_HBX_TO_ERK_SIGNALING_PATHWAY,-0.00818362516519826,0.149885726176479,classical Monocyte
Butyricimonas,KEGG_MEDICUS_PATHOGEN_HBV_HBX_TO_RAS_ERK_SIGNALING_PATHWAY,0.092026566274655,3.27399929033716e-59,classical Monocyte
Butyricimonas,KEGG_MEDICUS_PATHOGEN_HBV_LHBS_TO_PKC_ERK_SIGNALING_PATHWAY,0.0388064603484698,8.45718817166423e-12,classical Monocyte
Butyricimonas,KEGG_MEDICUS_PATHOGEN_HCMV_GB_TO_PDGFR_RAS_ERK_SIGNALING_PATHWAY,0.093868469710976,1.52978272066751e-61,classical Monocyte
Butyricimonas,KEGG_MEDICUS_PATHOGEN_HCMV_GH_TO_ITGA_B_RHOA_SIGNALING_PATHWAY,-0.109391993593974,4.82763867474537e-83,classical Monocyte
Butyricimonas,KEGG_MEDICUS_PATHOGEN_HCMV_UL33_TO_GNAI_AC_PKA_SIGNALING_PATHWAY,0.0143821785386297,0.0113841924583542,classical Monocyte
Butyricimonas,KEGG_MEDICUS_PATHOGEN_HCMV_UL33_TO_GNAQ_PLCB_G_CALCINEURIN_SIGNALING_PATHWAY,0.0773102546839469,2.91699578628003e-42,classical Monocyte
Butyricimonas,KEGG_MEDICUS_PATHOGEN_HCMV_UL33_TO_GNB_G_RHO_SIGNALING_PATHWAY,-0.0313137469548657,3.56772745693695e-08,classical Monocyte
Butyricimonas,KEGG_MEDICUS_PATHOGEN_HCMV_US27_TO_CXCR4_GNB_G_PLCB_PKC_SIGNALING_PATHWAY,0.0866165751397148,1.23211888945444e-52,classical Monocyte
Butyricimonas,KEGG_MEDICUS_PATHOGEN_HCMV_US28_TO_GNA12_13_RHO_SIGNALING_PATHWAY,-0.00835983671436754,0.14130699587747,classical Monocyte
Butyricimonas,KEGG_MEDICUS_PATHOGEN_HCMV_US28_TO_GNAQ_PLCB_G_CALCINEURIN_SIGNALING_PATHWAY,-0.00143370910015199,0.800838833964462,classical Monocyte
Butyricimonas,KEGG_MEDICUS_PATHOGEN_HCMV_US28_TO_GNB_G_PI3K_NFKB_SIGNALING_PATHWAY,-0.00496363273965309,0.382468011305634,classical Monocyte
Butyricimonas,KEGG_MEDICUS_PATHOGEN_HCV_CORE_TO_ERK_SIGNALING_PATHWAY,-0.0233892266044014,3.85664981679337e-05,classical Monocyte
Butyricimonas,KEGG_MEDICUS_PATHOGEN_HCV_CORE_TO_RXRA_LXRA_MEDIATED_TRANSCRIPTION,0.00409640145272208,0.471053500977156,classical Monocyte
Butyricimonas,KEGG_MEDICUS_PATHOGEN_HCV_CORE_TO_RXRA_PPARA_MEDIATED_TRANSCRIPTION,0.0131505283397431,0.020671060128064,classical Monocyte
Butyricimonas,KEGG_MEDICUS_PATHOGEN_HIV_GP120_TO_CXCR4_GNAI_PI3K_BAD_SIGNALING_PATHWAY,-3.86547944009882e-05,0.994573372189969,classical Monocyte
Butyricimonas,KEGG_MEDICUS_PATHOGEN_HIV_GP120_TO_CXCR4_GNAQ_PLCB_G_CALCINEURIN,-0.0363050923772707,1.65888490304105e-10,classical Monocyte
Butyricimonas,KEGG_MEDICUS_PATHOGEN_HIV_GP120_TO_CXCR4_GNB_G_RAC_SIGNALING_PATHWAY,-0.107001483878358,1.6294694928316e-79,classical Monocyte
Butyricimonas,KEGG_MEDICUS_PATHOGEN_HIV_GP120_TO_TNF_NFKB_SIGNALING_PATHWAY,0.0256433309486506,6.40095833430194e-06,classical Monocyte
Butyricimonas,KEGG_MEDICUS_PATHOGEN_HIV_NEF_TO_TNF_NFKB_SIGNALING_PATHWAY,0.0330097507338178,6.26006241502272e-09,classical Monocyte
Butyricimonas,KEGG_MEDICUS_PATHOGEN_HIV_TAT_NEF_TO_CROSSTALK_BETWEEN_EXTRINSIC_AND_INTRINSIC_APOPTOTIC_PATHWAYS,-0.0157963186015195,0.00544359424591162,classical Monocyte
Butyricimonas,KEGG_MEDICUS_PATHOGEN_HIV_VPR_TAT_TO_TNF_JNK_SIGNALING_PATHWAY,-0.0133438462454087,0.0188766513275097,classical Monocyte
Butyricimonas,KEGG_MEDICUS_PATHOGEN_HIV_VPR_TO_CDC25_CELL_CYCLE_G2M,0.0444135417394648,5.34850279202027e-15,classical Monocyte
Butyricimonas,KEGG_MEDICUS_PATHOGEN_HIV_VPR_TO_WEE1_CELL_CYCLE_G2M,0.00274473967947893,0.62913932139549,classical Monocyte
Butyricimonas,KEGG_MEDICUS_PATHOGEN_HPV_E5_TO_ANTIGEN_PROCESSING_AND_PRESENTATION_BY_MHC_CLASS_I_MOLECULES,-0.0947251791392369,1.2155897982659e-62,classical Monocyte
Butyricimonas,KEGG_MEDICUS_PATHOGEN_HPV_E5_TO_EGFR_RAS_ERK_SIGNALING_PATHWAY,0.0940544643101811,8.84521511932891e-62,classical Monocyte
Butyricimonas,KEGG_MEDICUS_PATHOGEN_HPV_E6_TO_NOTCH_SIGNALING_PATHWAY_N00380,0.0968841840688772,1.85452812495675e-65,classical Monocyte
Butyricimonas,KEGG_MEDICUS_PATHOGEN_HPV_E6_TO_NOTCH_SIGNALING_PATHWAY_N00381,0.0875304693450865,1.01866974695805e-53,classical Monocyte
Butyricimonas,KEGG_MEDICUS_PATHOGEN_HPV_E6_TO_NOTCH_SIGNALING_PATHWAY_N00382,0.0973827691254067,4.06134188055595e-66,classical Monocyte
Butyricimonas,KEGG_MEDICUS_PATHOGEN_HPV_E7_TO_CELL_CYCLE_G1_S,0.0534570450010399,4.84418987022287e-21,classical Monocyte
Butyricimonas,KEGG_MEDICUS_PATHOGEN_HPV_E7_TO_P27_CELL_CYCLE_G1_S,0.0490065133433415,6.24922167597538e-18,classical Monocyte
Butyricimonas,KEGG_MEDICUS_PATHOGEN_HSV_GD_TO_HVEM_NFKB_SIGNALING_PATHWAY,0.00683482717896064,0.229129683833069,classical Monocyte
Butyricimonas,KEGG_MEDICUS_PATHOGEN_HTLV_1_P12_TO_ANTIGEN_PROCESSING_AND_PRESENTATION_BY_MHC_CLASS_I_MOLECULES,-0.0906869108956638,1.51626615672719e-57,classical Monocyte
Butyricimonas,KEGG_MEDICUS_PATHOGEN_HTLV_1_P12_TO_JAK_STAT_SIGNALING_PATHWAY,-0.0113577298555318,0.0456667942698571,classical Monocyte
Butyricimonas,KEGG_MEDICUS_PATHOGEN_HTLV_1_TAX_TO_E47_MEDIATED_TRANSCRIPTION,-0.0295359188660766,2.01458167520971e-07,classical Monocyte
Butyricimonas,KEGG_MEDICUS_PATHOGEN_HTLV_1_TAX_TO_NFY_MEDIATED_TRANSCRIPTION,-0.302662978473488,0,classical Monocyte
Butyricimonas,KEGG_MEDICUS_PATHOGEN_HTLV_1_TAX_TO_P21_CELL_CYCLE_G1_S_N00497,0.0261119459530592,4.32360162186317e-06,classical Monocyte
Butyricimonas,KEGG_MEDICUS_PATHOGEN_HTLV_1_TAX_TO_P21_CELL_CYCLE_G1_S_N00498,0.0270997099222814,1.85071681321977e-06,classical Monocyte
Butyricimonas,KEGG_MEDICUS_PATHOGEN_HTLV_1_TAX_TO_SPINDLE_ASSEMBLY_CHECKPOINT_SIGNALING,-0.0131158458546727,0.0210082615162682,classical Monocyte
Butyricimonas,KEGG_MEDICUS_PATHOGEN_HTLV_1_TAX_TO_SRF_MEDIATED_TRANSCRIPTION,-0.0575871185752413,3.63788205657562e-24,classical Monocyte
Butyricimonas,KEGG_MEDICUS_PATHOGEN_HTLV_1_TAX_TO_TNF_JNK_SIGNALING_PATHWAY,-0.00356435107798262,0.530560553057363,classical Monocyte
Butyricimonas,KEGG_MEDICUS_PATHOGEN_KSHV_K15_TO_TNF_NFKB_SIGNALING_PATHWAY,0.0192058224700898,0.00072596287565112,classical Monocyte
Butyricimonas,KEGG_MEDICUS_PATHOGEN_KSHV_LANA_TO_WNT_SIGNALING_PATHWAY,0.0478039283514108,3.89804289888962e-17,classical Monocyte
Butyricimonas,KEGG_MEDICUS_PATHOGEN_KSHV_MIR1_2_TO_ANTIGEN_PROCESSING_AND_PRESENTATION_BY_MHC_CLASS_I_MOLECULES,-0.0890750884434635,1.41978231998461e-55,classical Monocyte
Butyricimonas,KEGG_MEDICUS_PATHOGEN_KSHV_MIR2_TO_CELL_SURFACE_MOLECULE_ENDOCYTOSIS,-0.0524200466594552,2.71473789547561e-20,classical Monocyte
Butyricimonas,KEGG_MEDICUS_PATHOGEN_KSHV_VCYCLIN_TO_CELL_CYCLE_G1_S,0.0424936979424784,7.4234171060365e-14,classical Monocyte
Butyricimonas,KEGG_MEDICUS_PATHOGEN_KSHV_VFLIP_TO_NFKB_SIGNALING_PATHWAY,0.0172456918219897,0.00240846981530431,classical Monocyte
Butyricimonas,KEGG_MEDICUS_PATHOGEN_KSHV_VFLIP_TO_TNF_NFKB_SIGNALING_PATHWAY,0.0173469838382814,0.00226991928439884,classical Monocyte
Butyricimonas,KEGG_MEDICUS_PATHOGEN_KSHV_VGPCR_TO_GNB_G_ERK_SIGNALING_PATHWAY,-0.01175048534574,0.0386802378812692,classical Monocyte
Butyricimonas,KEGG_MEDICUS_PATHOGEN_KSHV_VGPCR_TO_GNB_G_PI3K_AKT_SIGNALING_PATHWAY,-0.0298146841239451,1.54538629290893e-07,classical Monocyte
Butyricimonas,KEGG_MEDICUS_PATHOGEN_KSHV_VGPCR_TO_GNB_G_PI3K_JNK_SIGNALING_PATHWAY,-0.0228469853569021,5.80850702621281e-05,classical Monocyte
Butyricimonas,KEGG_MEDICUS_PATHOGEN_SALMONELLA_AVRA_TO_BETA_CATENIN_SIGNALING_PATHWAY,0.0207596692780367,0.000259130422234172,classical Monocyte
Butyricimonas,KEGG_MEDICUS_PATHOGEN_SALMONELLA_SIFA_TO_MICROTUBULE_PLUS_END_DIRECTED_TRANSPORT,-0.109427991594545,4.26575680916001e-83,classical Monocyte
Butyricimonas,KEGG_MEDICUS_PATHOGEN_SALMONELLA_SIFA_TO_TETHERING_OF_LATE_ENDOSOMES_AND_LYSOSOMES,0.0144428078999871,0.0110425763075814,classical Monocyte
Butyricimonas,KEGG_MEDICUS_PATHOGEN_SALMONELLA_SOPB_TO_ARNO_ARF_ACTB_G_SIGNALING_PATHWAY,-0.0672235307581801,2.38455076552377e-32,classical Monocyte
Butyricimonas,KEGG_MEDICUS_PATHOGEN_SALMONELLA_SOPB_TO_RHOA_SIGNALING_PATHWAY,-0.129899911531644,1.36784833432868e-116,classical Monocyte
Butyricimonas,KEGG_MEDICUS_PATHOGEN_SALMONELLA_SOPB_TO_RHOG_SIGNALING_PATHWAY,-0.0356603589756272,3.46399244131195e-10,classical Monocyte
Butyricimonas,KEGG_MEDICUS_PATHOGEN_SALMONELLA_SOPE_E2_TO_NOD_NFKB_SIGNALING_PATHWAY,-0.00392487005239083,0.489826607406852,classical Monocyte
Butyricimonas,KEGG_MEDICUS_PATHOGEN_SALMONELLA_SOPE_TO_RAC_SIGNALING_PATHWAY,-0.0867652159524303,8.22902746401893e-53,classical Monocyte
Butyricimonas,KEGG_MEDICUS_PATHOGEN_SALMONELLA_SPVD_TO_TNF_NFKB_SIGNALING_PATHWAY,0.032430602414714,1.14530044441605e-08,classical Monocyte
Butyricimonas,KEGG_MEDICUS_PATHOGEN_SARS_COV_2_S_N_TO_LECTIN_PATHWAY_OF_COAGULATION_CASCADE,0.111539073410808,2.79898345250378e-86,classical Monocyte
Butyricimonas,KEGG_MEDICUS_PATHOGEN_SARS_COV_2_S_TO_ANGII_AT1R_NOX2_SIGNALING_PATHWAY,0.0602230343041945,2.79798742400107e-26,classical Monocyte
Butyricimonas,KEGG_MEDICUS_PATHOGEN_SARS_COV_2_S_TO_CLASSICAL_PATHWAY_OF_COMPLEMENT_CASCADE,-0.0170272305563008,0.0027340014052568,classical Monocyte
Butyricimonas,KEGG_MEDICUS_PATHOGEN_SHIGELLA_FIMA_TO_CROSSTALK_BETWEEN_EXTRINSIC_AND_INTRINSIC_APOPTOTIC_PATHWAYS,0.0277336553086938,1.05719033377355e-06,classical Monocyte
Butyricimonas,KEGG_MEDICUS_PATHOGEN_SHIGELLA_IPAA_TO_ITGA_B_RHOGEF_RHOA_SIGNALING_PATHWAY,-0.0854874059325134,2.58520339147336e-51,classical Monocyte
Butyricimonas,KEGG_MEDICUS_PATHOGEN_SHIGELLA_IPAB_C_D_TO_ITGA_B_TALIN_VINCULIN_SIGNALING_PATHWAY,0.019822936413008,0.000486295344362033,classical Monocyte
Butyricimonas,KEGG_MEDICUS_PATHOGEN_SHIGELLA_IPAC_TO_ACTIN_SIGNALING_PATHWAY,-0.0813288209174956,1.34986120442106e-46,classical Monocyte
Butyricimonas,KEGG_MEDICUS_PATHOGEN_SHIGELLA_IPAH7.8_TO_NLRP3_INFLAMMASOME_SIGNALING_PATHWAY,-0.0794259190543037,1.62297026177854e-44,classical Monocyte
Butyricimonas,KEGG_MEDICUS_PATHOGEN_SHIGELLA_IPGB1_TO_ITGA_B_RHOG_RAC_SIGNALING_PATHWAY,-0.0289739544421873,3.41370086001194e-07,classical Monocyte
Butyricimonas,KEGG_MEDICUS_PATHOGEN_SHIGELLA_IPGD_TO_ARNO_ARF_ACTB_G_SIGNALING_PATHWAY,-0.0622730423328091,5.47027543210981e-28,classical Monocyte
Butyricimonas,KEGG_MEDICUS_PATHOGEN_SHIGELLA_OSPF_TO_TLR2_4_MAPK_SIGNALING_PATHWAY,0.0677005265763808,8.70445115949022e-33,classical Monocyte
Butyricimonas,KEGG_MEDICUS_PATHOGEN_SHIGELLA_OSPG_TO_TNF_NFKB_SIGNALING_PATHWAY,-0.0447468280981121,3.34900087727318e-15,classical Monocyte
Butyricimonas,KEGG_MEDICUS_PATHOGEN_YERSINIA_YOPH_TO_TCR_NFAT_SIGNALING_PATHWAY,0.058056304023565,1.55384034090286e-24,classical Monocyte
Butyricimonas,KEGG_MEDICUS_PATHOGEN_YERSINIA_YOPP_J_TO_TLR2_4_MAPK_SIGNALING_PATHWAY,0.0391128507186841,5.79700318818888e-12,classical Monocyte
Butyricimonas,KEGG_MEDICUS_REFERENCE_26S_PROTEASOME_MEDIATED_PROTEIN_DEGRADATION,-0.185161051418312,7.26141771493855e-237,classical Monocyte
Butyricimonas,KEGG_MEDICUS_REFERENCE_ACH_CHRN_PI3K_SIGNALING_PATHWAY,0.0524115813004827,2.75282664102362e-20,classical Monocyte
Butyricimonas,KEGG_MEDICUS_REFERENCE_ACH_CHRN_RAS_ERK_SIGNALING_PATHWAY,0.0748181889577289,1.10281429796172e-39,classical Monocyte
Butyricimonas,KEGG_MEDICUS_REFERENCE_ACTH_CORTISOL_SIGNALING_PATHWAY,0.0136554263603255,0.016270613814097,classical Monocyte
Butyricimonas,KEGG_MEDICUS_REFERENCE_ACTIVATION_OF_PRC2.2_BY_UBIQUITINATION_OF_H2AK119,-0.0870874916280199,3.42155430046756e-53,classical Monocyte
Butyricimonas,KEGG_MEDICUS_REFERENCE_ACTIVATION_OF_PRC2.2_BY_UBIQUITINATION_OF_H2AK119_IN_GERMLINE_GENES,-0.0537794589781169,2.81554309222481e-21,classical Monocyte
Butyricimonas,KEGG_MEDICUS_REFERENCE_ACTIVIN_SIGNALING_PATHWAY,0.0541814427548143,1.42491778698851e-21,classical Monocyte
Butyricimonas,KEGG_MEDICUS_REFERENCE_ADRB3_UCP1_SIGNALING_PATHWAY,0.0158175403172327,0.0053813221815104,classical Monocyte
Butyricimonas,KEGG_MEDICUS_REFERENCE_AGE_RAGE_SIGNALING_PATHWAY,0.0575878672239636,3.63296722192589e-24,classical Monocyte
Butyricimonas,KEGG_MEDICUS_REFERENCE_AHR_SIGNALING_PATHWAY,0.132916222151462,5.04846829929987e-122,classical Monocyte
Butyricimonas,KEGG_MEDICUS_REFERENCE_ALTERNATIVE_PATHWAY_OF_COMPLEMENT_CASCADE_C3B_BREAKDOWN,0.0699078630205641,7.48653862027325e-35,classical Monocyte
Butyricimonas,KEGG_MEDICUS_REFERENCE_AMH_SIGNALING_PATHWAY,0.0253163400503594,8.38419748998896e-06,classical Monocyte
Butyricimonas,KEGG_MEDICUS_REFERENCE_ANGII_AT1R_NOX2_SIGNALING_PATHWAY,0.0804859867197749,1.14200574494397e-45,classical Monocyte
Butyricimonas,KEGG_MEDICUS_REFERENCE_ANGIOTENSIN_ALDOSTERONE_SIGNALING_PATHWAY,-0.0107524494663378,0.0584974898250842,classical Monocyte
Butyricimonas,KEGG_MEDICUS_REFERENCE_ANTEROGRADE_AXONAL_TRANSPORT,-0.114001210638556,4.53214966470337e-90,classical Monocyte
Butyricimonas,KEGG_MEDICUS_REFERENCE_ANTIGEN_PROCESSING_AND_PRESENTATION_BY_MHC_CLASS_II_MOLECULES,-0.304025553217175,0,classical Monocyte
Butyricimonas,KEGG_MEDICUS_REFERENCE_ANTIGEN_PROCESSING_AND_PRESENTATION_BY_MHC_CLASS_I_MOLECULES,-0.0926557654884433,5.29951767450433e-60,classical Monocyte
Butyricimonas,KEGG_MEDICUS_REFERENCE_ANXA2_S100A10_REGULATED_ACTIN_CYTOSKELETON,-0.0386069502998933,1.07984807276611e-11,classical Monocyte
Butyricimonas,KEGG_MEDICUS_REFERENCE_AREG_EGFR_PI3K_SIGNALING_PATHWAY,0.0535467975740482,4.16638386125307e-21,classical Monocyte
Butyricimonas,KEGG_MEDICUS_REFERENCE_AREG_EGFR_RAS_ERK_SIGNALING_PATHWAY,0.0938004769804422,1.86847022173494e-61,classical Monocyte
Butyricimonas,KEGG_MEDICUS_REFERENCE_ARL8_REGULATED_MICROTUBULE_PLUS_END_DIRECTED_TRANSPORT,-0.115366798384135,3.29159609621848e-92,classical Monocyte
Butyricimonas,KEGG_MEDICUS_REFERENCE_ARNO_ARF_ACTB_G_SIGNALING_PATHWAY,-0.0753811667974568,2.93493002310741e-40,classical Monocyte
Butyricimonas,KEGG_MEDICUS_REFERENCE_ASSEMBLY_AND_TRAFFICKING_OF_TELOMERASE,-0.0762080959175592,4.12413011126995e-41,classical Monocyte
Butyricimonas,KEGG_MEDICUS_REFERENCE_ATR_P21_CELL_CYCLE_G2_M,0.0309034711508139,5.36486907911631e-08,classical Monocyte
Butyricimonas,KEGG_MEDICUS_REFERENCE_ATR_SIGNALING,0.0230077666774956,5.14899723487445e-05,classical Monocyte
Butyricimonas,KEGG_MEDICUS_REFERENCE_AUTOPHAGOSOME_AND_LYSOSOME_FUSION_TETHERING_FACTOR,0.0345358390080793,1.21384963597059e-09,classical Monocyte
Butyricimonas,KEGG_MEDICUS_REFERENCE_AUTOPHAGOSOME_AND_LYSOSOME_FUSION_TETHERING_FACTOR_GRASP55,-0.00761281532393901,0.180409134221128,classical Monocyte
Butyricimonas,KEGG_MEDICUS_REFERENCE_AUTOPHAGOSOME_AND_LYSOSOME_FUSION_TRANS_SNARE,-0.0680907705653175,3.79650217787328e-33,classical Monocyte
Butyricimonas,KEGG_MEDICUS_REFERENCE_AUTOPHAGY_VESICLE_NUCLEATION_ELONGATION_MATURATION_E3_UBIQUITIN_LIGASE_MALIN,0.0372125809939556,5.76017031547187e-11,classical Monocyte
Butyricimonas,KEGG_MEDICUS_REFERENCE_AUTOPHAGY_VESICLE_NUCLEATION_ELONGATION_MATURATION_LC3_II_FORMATION,0.0101143265010512,0.075130954513122,classical Monocyte
Butyricimonas,KEGG_MEDICUS_REFERENCE_AUTOPHAGY_VESICLE_NUCLEATION_ELONGATION_MATURATION_MTORC1_PI3KC3_C1,0.0389310299961955,7.25586475465607e-12,classical Monocyte
Butyricimonas,KEGG_MEDICUS_REFERENCE_AUTOPHAGY_VESICLE_NUCLEATION_ELONGATION_MATURATION_PACER_RUBCN_PI3KC3_C2,0.0232083443878612,4.42547077171881e-05,classical Monocyte
Butyricimonas,KEGG_MEDICUS_REFERENCE_AUTOPHAGY_VESICLE_NUCLEATION_ELONGATION_MATURATION_PI3P_SYNTHESIS_BY_PI3KC3_C1,0.00214358676815845,0.706050900312756,classical Monocyte
Butyricimonas,KEGG_MEDICUS_REFERENCE_AUTOPHAGY_VESICLE_NUCLEATION_ELONGATION_MATURATION_SEQUESTOSOME_1_LIKE_RECEPTOR,-0.135677500076818,4.13745341640772e-127,classical Monocyte
Butyricimonas,KEGG_MEDICUS_REFERENCE_AVP_V2R_PKA_SIGNALING_PATHWAY,-0.0395631118605855,3.31057695225511e-12,classical Monocyte
Butyricimonas,KEGG_MEDICUS_REFERENCE_BASE_EXCISION_AND_STRAND_CLEAVAGE_BY_BIFUNCTIONAL_GLYCOSYLASE,-0.0216081757544266,0.000143296242145392,classical Monocyte
Butyricimonas,KEGG_MEDICUS_REFERENCE_BASE_EXCISION_AND_STRAND_CLEAVAGE_BY_MONOFUNCTIONAL_GLYCOSYLASE,-0.000641335702700137,0.91015486349416,classical Monocyte
Butyricimonas,KEGG_MEDICUS_REFERENCE_BASE_EXCISION_AND_STRAND_CLEAVAGE_BY_NEIL_GLYCOSYLASE,-0.0204773875276686,0.000314106034974283,classical Monocyte
Butyricimonas,KEGG_MEDICUS_REFERENCE_BCR_BCAP_CD19_PI3K_SIGNALING_PATHWAY,0.0213405669851014,0.000173129620329111,classical Monocyte
Butyricimonas,KEGG_MEDICUS_REFERENCE_BCR_PLCG_CALCINEURIN_SIGNALING_PATHWAY,-0.0213990633005225,0.000166148102850125,classical Monocyte
Butyricimonas,KEGG_MEDICUS_REFERENCE_BCR_PLCG_ITPR_SIGNALING_PATHWAY,0.0556789157698535,1.07864403065301e-22,classical Monocyte
Butyricimonas,KEGG_MEDICUS_REFERENCE_BETA_OXIDATION,0.0010431549483318,0.854371627947208,classical Monocyte
Butyricimonas,KEGG_MEDICUS_REFERENCE_BETA_OXIDATION_ACYL_COA_SYNTHESIS,0.0697591851849461,1.03627893798552e-34,classical Monocyte
Butyricimonas,KEGG_MEDICUS_REFERENCE_BETA_OXIDATION_PEROXISOME_VLCFA,-0.0158010591257064,0.0054296277082099,classical Monocyte
Butyricimonas,KEGG_MEDICUS_REFERENCE_BILE_ACID_BIOSYNTHESIS,-0.00517080781106852,0.362922114051036,classical Monocyte
Butyricimonas,KEGG_MEDICUS_REFERENCE_BLOCKING_UBIQUITINATION_OF_H2AK119_BY_CK2,-0.00539225409275744,0.342734805872826,classical Monocyte
Butyricimonas,KEGG_MEDICUS_REFERENCE_BLOOD_GROUP_H_O_ANTIGEN_TYPE_1_BIOSYNTHESIS,-0.00331718426837609,0.559448345921496,classical Monocyte
Butyricimonas,KEGG_MEDICUS_REFERENCE_BLOOD_GROUP_H_O_ANTIGEN_TYPE_2_BIOSYNTHESIS,0.0183657005917428,0.00123046422386835,classical Monocyte
Butyricimonas,KEGG_MEDICUS_REFERENCE_BMP15_SIGNALING_PATHWAY,0.0407022792564655,7.80447096324819e-13,classical Monocyte
Butyricimonas,KEGG_MEDICUS_REFERENCE_BMP9_10_SIGNALING_PATHWAY,0.0456732703951744,8.95308319026697e-16,classical Monocyte
Butyricimonas,KEGG_MEDICUS_REFERENCE_BMP_HAMP_SIGNALING_PATHWAY,0.0438627104402702,1.15084126606553e-14,classical Monocyte
Butyricimonas,KEGG_MEDICUS_REFERENCE_BMP_HAMP_SIGNALING_PATHWAY_AUXILIARY_FACTOR,0.0504952311072146,6.09325086134543e-19,classical Monocyte
Butyricimonas,KEGG_MEDICUS_REFERENCE_BMP_SIGNALING_PATHWAY,0.0484433573384659,1.48091978027736e-17,classical Monocyte
Butyricimonas,KEGG_MEDICUS_REFERENCE_BMP_SIGNALING_PATHWAY_BMP_ANTAGONIST,0.0075268663027355,0.185379207186917,classical Monocyte
Butyricimonas,KEGG_MEDICUS_REFERENCE_BRANCHING_MICROTUBULE_NUCLEATION,-0.122579811853798,6.12605728065194e-104,classical Monocyte
Butyricimonas,KEGG_MEDICUS_REFERENCE_BREAK_INDUCED_REPLICATION,0.00533711893540641,0.347692627525092,classical Monocyte
Butyricimonas,KEGG_MEDICUS_REFERENCE_C9ORF72_MEDIATED_AUTOPHAGY_INITIATION,0.0603304859870431,2.28393642948479e-26,classical Monocyte
Butyricimonas,KEGG_MEDICUS_REFERENCE_CA2_CAM_CAMK_SIGNALING_PATHWAY,-0.0872504765892983,2.1924755450709e-53,classical Monocyte
Butyricimonas,KEGG_MEDICUS_REFERENCE_CA2_CAM_CN_SIGNALING_PATHWAY,-0.0650112449836968,2.32822185793839e-30,classical Monocyte
Butyricimonas,KEGG_MEDICUS_REFERENCE_CA2_CAM_VGCC_RYR_SIGNALING_PATHWAY,-0.0969631311171527,1.45889824758062e-65,classical Monocyte
Butyricimonas,KEGG_MEDICUS_REFERENCE_CA2_ENTRY_LIGAND_GATED_CA2_CHANNEL,-0.00361463052684394,0.524778168711533,classical Monocyte
Butyricimonas,KEGG_MEDICUS_REFERENCE_CA2_ENTRY_STORE_OPERATED_CA2_CHANNEL,-0.00698313344535796,0.219184589782879,classical Monocyte
Butyricimonas,KEGG_MEDICUS_REFERENCE_CA2_ENTRY_VOLTAGE_GATED_CA2_CHANNEL,0.00804202921297587,0.157062588855144,classical Monocyte
Butyricimonas,KEGG_MEDICUS_REFERENCE_CA2_PLCD_ITPR_SIGNALING_PATHWAY,0.0695088949033396,1.78852151432982e-34,classical Monocyte
Butyricimonas,KEGG_MEDICUS_REFERENCE_CA2_PYK2_RAS_ERK_SIGNALING_PATHWAY,0.105080354179887,9.77421227373334e-77,classical Monocyte
Butyricimonas,KEGG_MEDICUS_REFERENCE_CARDIAC_TYPE_VGCC_RYR_SIGNALING,0.0233748988770524,3.89904556986163e-05,classical Monocyte
Butyricimonas,KEGG_MEDICUS_REFERENCE_CASR_PTH_SIGNALING_PATHWAY,0.0769649940790343,6.71562170203109e-42,classical Monocyte
Butyricimonas,KEGG_MEDICUS_REFERENCE_CCR2_GNB_G_PI3K_NFKB_SIGNALING_PATHWAY,-0.00673247002324604,0.236178251962046,classical Monocyte
Butyricimonas,KEGG_MEDICUS_REFERENCE_CCR5_GNB_G_PLCB_G_PKC_SIGNALING_PATHWAY,-0.00381855435040257,0.501661274599233,classical Monocyte
Butyricimonas,KEGG_MEDICUS_REFERENCE_CCR_CXCR_GNB_G_PI3K_RAC_SIGNALING_PATHWAY,-0.0421219530130334,1.2193731304018e-13,classical Monocyte
Butyricimonas,KEGG_MEDICUS_REFERENCE_CD40_NFKB_SIGNALING_PATHWAY,0.0219204147398638,0.000114615249557417,classical Monocyte
Butyricimonas,KEGG_MEDICUS_REFERENCE_CD80_CD86_CD28_PI3K_SIGNALING_PATHWAY,0.041590779231722,2.45989138532352e-13,classical Monocyte
Butyricimonas,KEGG_MEDICUS_REFERENCE_CD80_CD86_CTLA4_PP2A_SIGNALING_PATHWAY,0.0227949267001714,6.0386643373702e-05,classical Monocyte
Butyricimonas,KEGG_MEDICUS_REFERENCE_CDC25_CELL_CYCLE_G2_M,0.0489317343490399,7.0117369923221e-18,classical Monocyte
Butyricimonas,KEGG_MEDICUS_REFERENCE_CENPE_INTERACTION_WITH_NDC80_COMPLEX,-0.0523924421083087,2.84089924359129e-20,classical Monocyte
Butyricimonas,KEGG_MEDICUS_REFERENCE_CGAS_STING_SIGNALING_PATHWAY,-0.0112447472117897,0.0478634332685854,classical Monocyte
Butyricimonas,KEGG_MEDICUS_REFERENCE_CHOLESTEROL_BIOSYNTHESIS,0.00143393792361786,0.800807716036427,classical Monocyte
Butyricimonas,KEGG_MEDICUS_REFERENCE_CHONDROITIN_SULFATE_BIOSYNTHESIS,0.0626968876945743,2.38577211181113e-28,classical Monocyte
Butyricimonas,KEGG_MEDICUS_REFERENCE_CHRNA7_E2F_SIGNALING_PATHWAY,0.0420198116237761,1.3964810038303e-13,classical Monocyte
Butyricimonas,KEGG_MEDICUS_REFERENCE_CITRATE_CYCLE_FIRST_CARBON_OXIDATION,-0.0374569481892541,4.31393110442026e-11,classical Monocyte
Butyricimonas,KEGG_MEDICUS_REFERENCE_CITRATE_CYCLE_SECOND_CARBON_OXIDATION_2,-0.0548511006908091,4.53158484956716e-22,classical Monocyte
Butyricimonas,KEGG_MEDICUS_REFERENCE_CLASSICAL_PATHWAY_OF_COMPLEMENT_CASCADE_C4_C2_TO_C3_CONVERTASE_FORMATION,-0.0097935487238629,0.0848489412120615,classical Monocyte
Butyricimonas,KEGG_MEDICUS_REFERENCE_COHESIN_ACETYLATION,0.0154233640846938,0.00664949125769396,classical Monocyte
Butyricimonas,KEGG_MEDICUS_REFERENCE_COHESIN_DISSOCIATION_IN_ANAPHASE,-0.00571797965838437,0.314373082402281,classical Monocyte
Butyricimonas,KEGG_MEDICUS_REFERENCE_COHESIN_DISSOCIATION_IN_PROPHASE,0.0405785337393591,9.14845737013281e-13,classical Monocyte
Butyricimonas,KEGG_MEDICUS_REFERENCE_COHESIN_LOADING,0.0909514172963135,7.1424497146038e-58,classical Monocyte
Butyricimonas,KEGG_MEDICUS_REFERENCE_COMMON_PATHWAY_OF_COMPLEMENT_CASCADE_MAC_FORMATION,0.0103212817218609,0.0693579866628794,classical Monocyte
Butyricimonas,KEGG_MEDICUS_REFERENCE_CONDENSIN_LOADING,0.0212401416932687,0.000185762732671803,classical Monocyte
Butyricimonas,KEGG_MEDICUS_REFERENCE_COPII_VESICLE_FORMATION,0.0358790800125652,2.70218840717418e-10,classical Monocyte
Butyricimonas,KEGG_MEDICUS_REFERENCE_COPI_VESICLE_FORMATION,-0.0120236591035313,0.0343752143066905,classical Monocyte
Butyricimonas,KEGG_MEDICUS_REFERENCE_CORE_NER_REACTION,-0.00494828336055556,0.383941377333965,classical Monocyte
Butyricimonas,KEGG_MEDICUS_REFERENCE_CREATINE_PATHWAY,-0.0250504521889528,1.04172799586779e-05,classical Monocyte
Butyricimonas,KEGG_MEDICUS_REFERENCE_CRHR_PKA_ACTH_SIGNALING_PATHWAY,0.00908860144377601,0.109781730885986,classical Monocyte
Butyricimonas,KEGG_MEDICUS_REFERENCE_CROSSTALK_BETWEEN_EXTRINSIC_AND_INTRINSIC_APOPTOTIC_PATHWAYS,-0.0238249114745494,2.75781736784081e-05,classical Monocyte
Butyricimonas,KEGG_MEDICUS_REFERENCE_CX3CR1_GNAI_AC_PKA_SIGNALING_PATHWAY,-0.0375779025653155,3.73621188380374e-11,classical Monocyte
Butyricimonas,KEGG_MEDICUS_REFERENCE_CXCL12_CXCR4_PKC_ERK_SIGNALING_PATHAWAY,0.0985064874483861,1.28695763274235e-67,classical Monocyte
Butyricimonas,KEGG_MEDICUS_REFERENCE_CXCR4_GNA12_13_RHO_SIGNALING_PATHWAY,0.0028517715533232,0.615828604008821,classical Monocyte
Butyricimonas,KEGG_MEDICUS_REFERENCE_CXCR4_GNAI_PI3K_BAD_SIGNALING_PATHWAY,0.000248919435435733,0.965065864273538,classical Monocyte
Butyricimonas,KEGG_MEDICUS_REFERENCE_CXCR4_GNAQ_PLCB_G_CALCINEURIN_SIGNALING_PATHWAY,-0.00634701091190603,0.264092860450414,classical Monocyte
Butyricimonas,KEGG_MEDICUS_REFERENCE_CXCR4_GNB_G_PLCB_PKC_SIGNALING_PATHWAY,0.0304547916519159,8.33269748289517e-08,classical Monocyte
Butyricimonas,KEGG_MEDICUS_REFERENCE_CXCR4_GNB_G_RAC_SIGNALING_PATHWAY,-0.106871923829255,2.51770924700742e-79,classical Monocyte
Butyricimonas,KEGG_MEDICUS_REFERENCE_CXCR_GNB_G_ERK_SIGNALING_PATHWAY,-0.0122659658942351,0.0309059691243546,classical Monocyte
Butyricimonas,KEGG_MEDICUS_REFERENCE_CXCR_GNB_G_PI3K_AKT_SIGNALING_PATHWAY,-0.0247163471602674,1.36440489200022e-05,classical Monocyte
Butyricimonas,KEGG_MEDICUS_REFERENCE_CYTOKINE_JAK_STAT_SIGNALING_PATHWAY,0.0707573290572622,1.15296377093629e-35,classical Monocyte
Butyricimonas,KEGG_MEDICUS_REFERENCE_DEPHOSPHORYLATION_OF_KINETOCHORE,-0.0558086790026384,8.59661227568462e-23,classical Monocyte
Butyricimonas,KEGG_MEDICUS_REFERENCE_DERMATAN_SULFATE_DEGRADATION,0.0245097939184223,1.60942725674496e-05,classical Monocyte
Butyricimonas,KEGG_MEDICUS_REFERENCE_DEUBIQUITINATION_OF_H2AK119,0.07588245836755,8.95483649383544e-41,classical Monocyte
Butyricimonas,KEGG_MEDICUS_REFERENCE_DISASSEMBLY_OF_MCC,-0.0132774252561591,0.0194771936422497,classical Monocyte
Butyricimonas,KEGG_MEDICUS_REFERENCE_DNA_DEGRADATION_BY_EXTRACELLULAR_ENDOLYSOSOMAL_DNASE,-0.0103828514396007,0.0677125766795484,classical Monocyte
Butyricimonas,KEGG_MEDICUS_REFERENCE_DNA_END_RESECTION_AND_RPA_LOADING,0.032093411271664,1.62042726193237e-08,classical Monocyte
Butyricimonas,KEGG_MEDICUS_REFERENCE_DNA_REPLICATION_LICENSING,0.0217055770079103,0.000133694149074464,classical Monocyte
Butyricimonas,KEGG_MEDICUS_REFERENCE_DNA_REPLICATION_TERMINATION,-0.121894187969214,8.58090141128748e-103,classical Monocyte
Butyricimonas,KEGG_MEDICUS_REFERENCE_DOUBLE_HOLLIDAY_JUNCTION_RESOLUTION,0.00954323792782384,0.0931182173122399,classical Monocyte
Butyricimonas,KEGG_MEDICUS_REFERENCE_DOUBLE_STRAND_BREAK_SIGNALING,0.017407961975779,0.00219007203656,classical Monocyte
Butyricimonas,KEGG_MEDICUS_REFERENCE_DRD1_GNAS_AC_PKA_SIGNALING_PATHWAY,0.00299859889930677,0.597773179554331,classical Monocyte
Butyricimonas,KEGG_MEDICUS_REFERENCE_DYNEIN_RECRUITMENT_TO_THE_KINETOCHORE,-0.0125049929143437,0.0277825692123073,classical Monocyte
Butyricimonas,KEGG_MEDICUS_REFERENCE_E2_ER_RAS_ERK_SIGNALING_PATHWAY,0.0737846617309717,1.22097675860726e-38,classical Monocyte
Butyricimonas,KEGG_MEDICUS_REFERENCE_EARLY_ENDOSOMAL_FUSION,0.0129323132482932,0.0228736010851863,classical Monocyte
Butyricimonas,KEGG_MEDICUS_REFERENCE_EGF_EGFR_ACTIN_SIGNALING_PATHWAY,-0.0725028601159437,2.29925354001619e-37,classical Monocyte
Butyricimonas,KEGG_MEDICUS_REFERENCE_EGF_EGFR_PI3K_NFKB_SIGNALING_PATHWAY,0.0432693083495115,2.6001385950937e-14,classical Monocyte
Butyricimonas,KEGG_MEDICUS_REFERENCE_EGF_EGFR_PI3K_SIGNALING_PATHWAY,0.0485647862422691,1.23053882395277e-17,classical Monocyte
Butyricimonas,KEGG_MEDICUS_REFERENCE_EGF_EGFR_PLCG_CALCINEURIN_SIGNALING_PATHWAY,-0.0592953534222103,1.59043911711756e-25,classical Monocyte
Butyricimonas,KEGG_MEDICUS_REFERENCE_EGF_EGFR_PLCG_CAMK_SIGNALING_PATHWAY,-0.0865887135577196,1.32885731781719e-52,classical Monocyte
Butyricimonas,KEGG_MEDICUS_REFERENCE_EGF_EGFR_PLCG_ERK_SIGNALING_PATHWAY,0.0773811937859955,2.45654880680142e-42,classical Monocyte
Butyricimonas,KEGG_MEDICUS_REFERENCE_EGF_EGFR_RAS_ERK_SIGNALING_PATHWAY,0.093220178102176,1.02375014080823e-60,classical Monocyte
Butyricimonas,KEGG_MEDICUS_REFERENCE_EGF_EGFR_RAS_JNK_SIGNALING_PATHWAY,0.1014852632894,1.12552205149357e-71,classical Monocyte
Butyricimonas,KEGG_MEDICUS_REFERENCE_EGF_EGFR_RAS_PI3K_SIGNALING_PATHWAY,0.08756441594993,9.28109243337995e-54,classical Monocyte
Butyricimonas,KEGG_MEDICUS_REFERENCE_EGF_EGFR_RAS_RALGDS_SIGNALING_PATHWAY,0.067854105872623,6.28304026061485e-33,classical Monocyte
Butyricimonas,KEGG_MEDICUS_REFERENCE_EGF_EGFR_RAS_RASSF1_SIGNALING_PATHWAY,0.0840381298490234,1.21197828280332e-49,classical Monocyte
Butyricimonas,KEGG_MEDICUS_REFERENCE_EGF_ERBB2_RAS_ERK_SIGNALING_PATHWAY,0.0937683186447155,2.05373438621245e-61,classical Monocyte
Butyricimonas,KEGG_MEDICUS_REFERENCE_EGF_JAK_STAT_SIGNALING_PATHWAY,0.0352727463830877,5.36013236844014e-10,classical Monocyte
Butyricimonas,KEGG_MEDICUS_REFERENCE_ELECTRON_TRANSFER_IN_COMPLEX_I,-0.177458371573947,1.97399554040486e-217,classical Monocyte
Butyricimonas,KEGG_MEDICUS_REFERENCE_ELECTRON_TRANSFER_IN_COMPLEX_III,-0.132241977106183,8.48696473728998e-121,classical Monocyte
Butyricimonas,KEGG_MEDICUS_REFERENCE_ELECTRON_TRANSFER_IN_COMPLEX_IV,-0.17923911475566,7.59594892120131e-222,classical Monocyte
Butyricimonas,KEGG_MEDICUS_REFERENCE_EP_NE_ADRB_CAMP_SIGNALING_PATHWAY,-0.0311861008228352,4.05274173935818e-08,classical Monocyte
Butyricimonas,KEGG_MEDICUS_REFERENCE_EREG_EGFR_PI3K_SIGNALING_PATHWAY,0.0572992124231716,6.11058501798497e-24,classical Monocyte
Butyricimonas,KEGG_MEDICUS_REFERENCE_EREG_EGFR_RAS_ERK_SIGNALING_PATHWAY,0.0950570203630776,4.52955278739229e-63,classical Monocyte
Butyricimonas,KEGG_MEDICUS_REFERENCE_ERK_RSK_SIGNALING,0.0506806431928075,4.53794938438743e-19,classical Monocyte
Butyricimonas,KEGG_MEDICUS_REFERENCE_ESTABLISHMENT_OF_COHESION,0.0693582991691621,2.48138807002554e-34,classical Monocyte
Butyricimonas,KEGG_MEDICUS_REFERENCE_EXTRINSIC_APOPTOTIC_PATHWAY,-0.00328708070662539,0.563018175371046,classical Monocyte
Butyricimonas,KEGG_MEDICUS_REFERENCE_FANCONI_ANEMIA_PATHWAY,-0.122929486263815,1.58485795375973e-104,classical Monocyte
Butyricimonas,KEGG_MEDICUS_REFERENCE_FASLG_RIPK1_3_SIGNALING_PATHWAY,0.0236777217735823,3.09060007074371e-05,classical Monocyte
Butyricimonas,KEGG_MEDICUS_REFERENCE_FAS_JNK_SIGNALING_PATHWAY,0.0642197191051318,1.15559874744004e-29,classical Monocyte
Butyricimonas,KEGG_MEDICUS_REFERENCE_FE3_FERRITIN_TRANSPORT,-0.00105274441052056,0.853048073310356,classical Monocyte
Butyricimonas,KEGG_MEDICUS_REFERENCE_FE_TF_TRANSPORT,0.0187208289382632,0.000986939198527556,classical Monocyte
Butyricimonas,KEGG_MEDICUS_REFERENCE_FGF_FGFR_PI3K_SIGNALING_PATHWAY,0.054130991424118,1.55249432152167e-21,classical Monocyte
Butyricimonas,KEGG_MEDICUS_REFERENCE_FGF_FGFR_RAS_ERK_SIGNALING_PATHWAY,0.0938224253891468,1.75168262846753e-61,classical Monocyte
Butyricimonas,KEGG_MEDICUS_REFERENCE_FLCN_MTORC1_SIGNALING_PATHWAY,0.00895489258544807,0.115107081201322,classical Monocyte
Butyricimonas,KEGG_MEDICUS_REFERENCE_FLT3LG_FLT3_RAS_ERK_SIGNALING_PATHWAY,0.0906992141205726,1.46416504909431e-57,classical Monocyte
Butyricimonas,KEGG_MEDICUS_REFERENCE_FLT3LG_FLT3_RAS_PI3K_SIGNALING_PATHWAY,0.0873399192140564,1.71675153631335e-53,classical Monocyte
Butyricimonas,KEGG_MEDICUS_REFERENCE_FSHR_GNAS_PKA_SIGNALING_PATHWAY,-0.0310459088178562,4.65908837386456e-08,classical Monocyte
Butyricimonas,KEGG_MEDICUS_REFERENCE_GATOR1_MTORC1_SIGNALING_PATHWAY,0.00553966802409011,0.329702344011681,classical Monocyte
Butyricimonas,KEGG_MEDICUS_REFERENCE_GENE_SILENCING_BY_METHYLATION_OF_H3K27_AND_UBIQUITINATION_OF_H2AK119,-0.10344530592216,2.06126059304671e-74,classical Monocyte
Butyricimonas,KEGG_MEDICUS_REFERENCE_GF_RTK_PI3K_SIGNALING_PATHWAY,0.0170962132336463,0.00262710812402897,classical Monocyte
Butyricimonas,KEGG_MEDICUS_REFERENCE_GF_RTK_RAS_ERK_SIGNALING_PATHWAY,0.0716118356195572,1.71653741100571e-36,classical Monocyte
Butyricimonas,KEGG_MEDICUS_REFERENCE_GF_RTK_RAS_PI3K_SIGNALING_PATHWAY,0.0655994011635966,6.99080101268114e-31,classical Monocyte
Butyricimonas,KEGG_MEDICUS_REFERENCE_GHRHR_PKA_GH_SIGNALING_PATHWAY,0.0098649176067521,0.0826032339279177,classical Monocyte
Butyricimonas,KEGG_MEDICUS_REFERENCE_GH_JAK_STAT_SIGNALING_PATHWAY,0.0675336696712269,1.2393399267489e-32,classical Monocyte
Butyricimonas,KEGG_MEDICUS_REFERENCE_GLOBAL_GENOME_NER,0.00193154956115095,0.733964222080342,classical Monocyte
Butyricimonas,KEGG_MEDICUS_REFERENCE_GLUCONEOGENESIS,-0.0532172338612683,7.23768057862949e-21,classical Monocyte
Butyricimonas,KEGG_MEDICUS_REFERENCE_GLUTATHIONE_BIOSYNTHESIS,-0.0860523149579764,5.66729553615602e-52,classical Monocyte
Butyricimonas,KEGG_MEDICUS_REFERENCE_GLYCOGEN_BIOSYNTHESIS,0.0177136511424545,0.00182722424222655,classical Monocyte
Butyricimonas,KEGG_MEDICUS_REFERENCE_GLYCOGEN_DEGRADATION,0.0467937217495439,1.75287798845794e-16,classical Monocyte
Butyricimonas,KEGG_MEDICUS_REFERENCE_GLYCOGEN_DEGRADATION_AMYLASE_,0.00749417578743859,0.187295909386568,classical Monocyte
Butyricimonas,KEGG_MEDICUS_REFERENCE_GLYCOLYSIS,-0.0163412321226349,0.00403469552626088,classical Monocyte
Butyricimonas,KEGG_MEDICUS_REFERENCE_GLYCOSAMINOGLYCAN_BIOSYNTHESIS_LINKAGE_TETRASACCHARIDE,0.00339641337312683,0.550105798042599,classical Monocyte
Butyricimonas,KEGG_MEDICUS_REFERENCE_GNRH_GNRHR_PLCB_PKC_SIGNALING_PATHWAY,0.0976776018757943,1.64828011732938e-66,classical Monocyte
Butyricimonas,KEGG_MEDICUS_REFERENCE_GPCR_PI3K_SIGNALING_PATHWAY,-0.0294417941591763,2.20208976773333e-07,classical Monocyte
Butyricimonas,KEGG_MEDICUS_REFERENCE_GPCR_PLCB_ITPR_SIGNALING_PATHWAY,0.0715021490983765,2.19474531594947e-36,classical Monocyte
Butyricimonas,KEGG_MEDICUS_REFERENCE_GPI_ANCHOR_BIOSYNTHESIS,0.00651115285251436,0.251939465509741,classical Monocyte
Butyricimonas,KEGG_MEDICUS_REFERENCE_HEDGEHOG_SIGNALING_PATHWAY,0.0179051723953854,0.00162894981863216,classical Monocyte
Butyricimonas,KEGG_MEDICUS_REFERENCE_HEDGEHOG_SIGNALING_PATHWAY_HH_LIGAND_SECRETION,0.0207710066604621,0.000257123182674787,classical Monocyte
Butyricimonas,KEGG_MEDICUS_REFERENCE_HEDGEHOG_SIGNALING_PATHWAY_PTCH_CORECEPTOR,-0.00123068005551223,0.828567956902024,classical Monocyte
Butyricimonas,KEGG_MEDICUS_REFERENCE_HEME_BIOSYNTHESIS,0.00273408692327522,0.630470834927165,classical Monocyte
Butyricimonas,KEGG_MEDICUS_REFERENCE_HEPARAN_SULFATE_BIOSYNTHESIS,0.0825037394061615,6.62722284972639e-48,classical Monocyte
Butyricimonas,KEGG_MEDICUS_REFERENCE_HEPARAN_SULFATE_DEGRADATION,0.0236062859761207,3.26554092483637e-05,classical Monocyte
Butyricimonas,KEGG_MEDICUS_REFERENCE_HGF_MET_PI3K_SIGNALING_PATHWAY,0.0568770717551057,1.30111249127626e-23,classical Monocyte
Butyricimonas,KEGG_MEDICUS_REFERENCE_HGF_MET_RAS_ERK_SIGNALING_PATHWAY,0.0961958701742462,1.48988806740611e-64,classical Monocyte
Butyricimonas,KEGG_MEDICUS_REFERENCE_HIF_1_SIGNALING_PATHWAY,0.0151304188134527,0.00775962778713397,classical Monocyte
Butyricimonas,KEGG_MEDICUS_REFERENCE_HOMOLOGOUS_RECOMBINATION,-0.00879297882956002,0.121825399828843,classical Monocyte
Butyricimonas,KEGG_MEDICUS_REFERENCE_HOMOLOGOUS_RECOMBINATION_IN_ICLR,-0.133583011514084,3.05344851904263e-123,classical Monocyte
Butyricimonas,KEGG_MEDICUS_REFERENCE_HORMONE_LIKE_CYTOKINE_TO_JAK_STAT_SIGNALING_PATHWAY,0.10378829787844,6.75576688179089e-75,classical Monocyte
Butyricimonas,KEGG_MEDICUS_REFERENCE_HYDROLYSIS_OF_SPHINGOMYELIN,-0.0288154470663915,3.95442150338776e-07,classical Monocyte
Butyricimonas,KEGG_MEDICUS_REFERENCE_ICOSLG_ICOS_PI3K_SIGNALING_PATHWAY,0.0282282342965924,6.77322869436706e-07,classical Monocyte
Butyricimonas,KEGG_MEDICUS_REFERENCE_IFN_RIPK1_3_SIGNALING_PATHWAY,0.0729971605343541,7.45761148833387e-38,classical Monocyte
Butyricimonas,KEGG_MEDICUS_REFERENCE_IGF2_IGF1R_PI3K_SIGNALING_PATHWAY,0.057113939472519,8.51991841718319e-24,classical Monocyte
Butyricimonas,KEGG_MEDICUS_REFERENCE_IGF_IGF1R_PI3K_SIGNALING_PATHWAY,0.0263114343189426,3.65126260561329e-06,classical Monocyte
Butyricimonas,KEGG_MEDICUS_REFERENCE_IGF_IGF1R_RAS_ERK_SIGNALING_PATHWAY,0.0951919799379909,3.0287036487001e-63,classical Monocyte
Butyricimonas,KEGG_MEDICUS_REFERENCE_IGF_IGFR_PI3K_NFKB_SIGNALING_PATHWAY,0.0460405733941108,5.2680696596804e-16,classical Monocyte
Butyricimonas,KEGG_MEDICUS_REFERENCE_IGG_FCGR_RAC_SIGNALING_PATHWAY,-0.115826302312856,6.19212593349752e-93,classical Monocyte
Butyricimonas,KEGG_MEDICUS_REFERENCE_II_BLOOD_GROUP_ANTIGEN_BIOSYNTHESIS,0.0366034188712117,1.17490007509472e-10,classical Monocyte
Butyricimonas,KEGG_MEDICUS_REFERENCE_IL10_FAMILY_TO_JAK_STAT_SIGNALING_PATHWAY,0.0061398023558876,0.280004110473733,classical Monocyte
Butyricimonas,KEGG_MEDICUS_REFERENCE_IL12_23_TO_JAK_STAT_SIGNALING_PATHWAY,0.0667442524520363,6.51724343684598e-32,classical Monocyte
Butyricimonas,KEGG_MEDICUS_REFERENCE_IL1_IL1R_JNK_SIGNALING_PATHWAY,-0.00599161381226863,0.29177507766097,classical Monocyte
Butyricimonas,KEGG_MEDICUS_REFERENCE_IL1_IL1R_P38_SIGNALING_PATHWAY,-0.0303070661985753,9.61986913113411e-08,classical Monocyte
Butyricimonas,KEGG_MEDICUS_REFERENCE_IL2_FAMILY_TO_JAK_STAT_SIGNALING_PATHWAY,0.0310092537988994,4.8315956368263e-08,classical Monocyte
Butyricimonas,KEGG_MEDICUS_REFERENCE_IL6_FAMILY_TO_JAK_STAT_SIGNALING_PATHWAY,0.076295069852788,3.35083335178293e-41,classical Monocyte
Butyricimonas,KEGG_MEDICUS_REFERENCE_INACTIVATION_OF_CONDENSIN_I,0.032056964473097,1.68201669842431e-08,classical Monocyte
Butyricimonas,KEGG_MEDICUS_REFERENCE_INTRINSIC_APOPTOTIC_PATHWAY,0.00830036840813383,0.144158948081746,classical Monocyte
Butyricimonas,KEGG_MEDICUS_REFERENCE_IRE1A_JNK_SIGNALING_PATHWAY,0.0805481009221678,9.76459608998413e-46,classical Monocyte
Butyricimonas,KEGG_MEDICUS_REFERENCE_ISOLEUCINE_DEGRADATION,-0.0259150597018436,5.10252090358072e-06,classical Monocyte
Butyricimonas,KEGG_MEDICUS_REFERENCE_ITGA_B_FAK_CDC42_SIGNALING_PATHWAY,-0.0252670696241111,8.72978399870467e-06,classical Monocyte
Butyricimonas,KEGG_MEDICUS_REFERENCE_ITGA_B_FAK_RAC_SIGNALING_PATHWAY,-0.0621557525540642,6.87556021857949e-28,classical Monocyte
Butyricimonas,KEGG_MEDICUS_REFERENCE_ITGA_B_RHOGAP_RHOA_SIGNALING_PATHWAY,-0.08161622260104,6.48397211063801e-47,classical Monocyte
Butyricimonas,KEGG_MEDICUS_REFERENCE_ITGA_B_RHOGEF_RHOA_SIGNALING_PATHWAY,-0.0823165280218751,1.07439358270897e-47,classical Monocyte
Butyricimonas,KEGG_MEDICUS_REFERENCE_ITGA_B_RHOG_RAC_SIGNALING_PATHWAY,-0.0918632926307428,5.24093257907509e-59,classical Monocyte
Butyricimonas,KEGG_MEDICUS_REFERENCE_ITGA_B_TALIN_VINCULIN_SIGNALING_PATHWAY,-0.010876189395723,0.0556552857942547,classical Monocyte
Butyricimonas,KEGG_MEDICUS_REFERENCE_KEAP1_NRF2_SIGNALING_PATHWAY,-0.06257779547232,3.01393355132583e-28,classical Monocyte
Butyricimonas,KEGG_MEDICUS_REFERENCE_KERATAN_SULFATE_DEGRADATION,0.00469484828416749,0.408767556155812,classical Monocyte
Butyricimonas,KEGG_MEDICUS_REFERENCE_KINETOCHORE_FIBER_ORGANIZATION,-0.114049626625393,3.80992110501418e-90,classical Monocyte
Butyricimonas,KEGG_MEDICUS_REFERENCE_KINETOCHORE_MICROTUBULE_ATTACHMENT,-0.133922266299928,7.28587428336716e-124,classical Monocyte
Butyricimonas,KEGG_MEDICUS_REFERENCE_KISS1_KISS1R_PLCB_PKC_SIGNALING_PATHWAY,0.0849622835292107,1.05020679805499e-50,classical Monocyte
Butyricimonas,KEGG_MEDICUS_REFERENCE_KITLG_KIT_PI3K_SIGNALING_PATHWAY,0.0539280025384932,2.19037863500954e-21,classical Monocyte
Butyricimonas,KEGG_MEDICUS_REFERENCE_KITLG_KIT_RAS_ERK_SIGNALING_PATHWAY,0.0937146917991049,2.40425542278953e-61,classical Monocyte
Butyricimonas,KEGG_MEDICUS_REFERENCE_LECTIN_PATHWAY_OF_COAGULATION_CASCADE_PROTHROMBIN_TO_THROMBIN,0.111539073410808,2.79898345250378e-86,classical Monocyte
Butyricimonas,KEGG_MEDICUS_REFERENCE_LECTIN_PATHWAY_OF_COMPLEMENT_CASCADE_C4_C2_TO_C3_CONVERTASE_FORMATION,0.110311287441494,2.02183458982879e-84,classical Monocyte
Butyricimonas,KEGG_MEDICUS_REFERENCE_LESION_BYPASS_BY_TLS_AND_DSB_FORMATION,-0.119571801819392,5.85512858644864e-99,classical Monocyte
Butyricimonas,KEGG_MEDICUS_REFERENCE_LEUCINE_DEGRADATION,0.0216939302970829,0.000134809550487012,classical Monocyte
Butyricimonas,KEGG_MEDICUS_REFERENCE_LHCGR_GNAS_PKA_SIGNALING_PATHWAY,-0.0310459088178562,4.65908837386456e-08,classical Monocyte
Butyricimonas,KEGG_MEDICUS_REFERENCE_LIGHT_HVEM_NFKB_SIGNALING_PATHWAY,0.011279799474369,0.0471726293699134,classical Monocyte
Butyricimonas,KEGG_MEDICUS_REFERENCE_LOADING_OF_THE_SMC5_SMC6_COMPLEX,-0.0906019370692615,1.93018386684817e-57,classical Monocyte
Butyricimonas,KEGG_MEDICUS_REFERENCE_LONG_PATCH_BER,-0.0116784909448423,0.0398882987008616,classical Monocyte
Butyricimonas,KEGG_MEDICUS_REFERENCE_LPAR_GNB_G_RHO_SIGNALING_PATHWAY,-0.0837233758649376,2.77080484793256e-49,classical Monocyte
Butyricimonas,KEGG_MEDICUS_REFERENCE_LPA_GNA12_13_RHOA_SIGNALING_PATHWAY,0.0174929398452695,0.00208308837390348,classical Monocyte
Butyricimonas,KEGG_MEDICUS_REFERENCE_LPA_GNAQ_11_RHOA_SIGNALING_PATHWAY,-0.0313849460183665,3.32216674650032e-08,classical Monocyte
Butyricimonas,KEGG_MEDICUS_REFERENCE_LYSOSOMAL_CA2_RELEASE,-0.0697042995042746,1.16821958976973e-34,classical Monocyte
Butyricimonas,KEGG_MEDICUS_REFERENCE_MACHR_CA2_APOPTOTIC_PATHWAY,-0.0596320082810952,8.49156588922215e-26,classical Monocyte
Butyricimonas,KEGG_MEDICUS_REFERENCE_MAGI_PTEN_SIGNALING_PATHWAY,0.0413560210281704,3.34519728062494e-13,classical Monocyte
Butyricimonas,KEGG_MEDICUS_REFERENCE_MANNOSE_TYPE_O_GLYCAN_BIOSYNTHESIS_FKTN_TO_LARGE,0.00948591672270753,0.0951000948843107,classical Monocyte
Butyricimonas,KEGG_MEDICUS_REFERENCE_MANNOSE_TYPE_O_GLYCAN_BIOSYNTHESIS_POMT_TO_POMK,0.0091886685244407,0.105925151693899,classical Monocyte
Butyricimonas,KEGG_MEDICUS_REFERENCE_MDA5_IRF7_3_SIGNALING_PATHWAY,0.0669072639859376,4.63337528485057e-32,classical Monocyte
Butyricimonas,KEGG_MEDICUS_REFERENCE_MDM2_P21_CELL_CYCLE_G1_S_N00066,0.107599322915563,2.17319334084731e-80,classical Monocyte
Butyricimonas,KEGG_MEDICUS_REFERENCE_MDM2_P21_CELL_CYCLE_G1_S_N00536,0.0463698401260451,3.26325715301887e-16,classical Monocyte
Butyricimonas,KEGG_MEDICUS_REFERENCE_MEMBRANE_INITIATED_PROGESTERONE_SIGNALING_PATHWAY,0.0509471177633077,2.96556009404526e-19,classical Monocyte
Butyricimonas,KEGG_MEDICUS_REFERENCE_METHIONINE_DEGRADATION,-0.0157310350381469,0.00563925894447654,classical Monocyte
Butyricimonas,KEGG_MEDICUS_REFERENCE_MEVALONATE_PATHWAY,-0.0048512309411755,0.393337494307051,classical Monocyte
Butyricimonas,KEGG_MEDICUS_REFERENCE_MGLUR1_TRPC3_SIGNALING_PATHWAY,0.0960249521086551,2.49371183446846e-64,classical Monocyte
Butyricimonas,KEGG_MEDICUS_REFERENCE_MGLUR5_CA2_APOPTOTIC_PATHWAY,-0.0401559313288778,1.56845452775278e-12,classical Monocyte
Butyricimonas,KEGG_MEDICUS_REFERENCE_MICROTUBULE_DEPOLYMERIZATION,-0.129031876215214,4.73909694567597e-115,classical Monocyte
Butyricimonas,KEGG_MEDICUS_REFERENCE_MICROTUBULE_DEPOLYMERIZATION_AT_THE_MINUS_ENDS,-0.13210630964105,1.494793924626e-120,classical Monocyte
Butyricimonas,KEGG_MEDICUS_REFERENCE_MICROTUBULE_NUCLEATION,-0.121945958322383,7.03402630771717e-103,classical Monocyte
Butyricimonas,KEGG_MEDICUS_REFERENCE_MICROTUBULE_RHOA_SIGNALING_PATHWAY,-0.0948045964232363,9.6010694757807e-63,classical Monocyte
Butyricimonas,KEGG_MEDICUS_REFERENCE_MISMATCH_REPAIR,0.0034510748201777,0.54370533333152,classical Monocyte
Butyricimonas,KEGG_MEDICUS_REFERENCE_MITOCHONDRIAL_COMPLEX_UCP1_IN_THERMOGENESIS,-0.197631470035226,3.31044791005886e-270,classical Monocyte
Butyricimonas,KEGG_MEDICUS_REFERENCE_MLK_JNK_SIGNALING_PATHWAY,0.0503204541649149,8.03665992936126e-19,classical Monocyte
Butyricimonas,KEGG_MEDICUS_REFERENCE_MODIFYING_OF_CONDENSIN_II_SUBUNITS,0.00780151405188101,0.169845801391058,classical Monocyte
Butyricimonas,KEGG_MEDICUS_REFERENCE_MODIFYING_OF_CONDENSIN_I_SUBUNITS,0.0189255403214433,0.000867673247757936,classical Monocyte
Butyricimonas,KEGG_MEDICUS_REFERENCE_MYOSTATIN_SIGNALING_PATHWAY,0.0327094876148527,8.57316434411202e-09,classical Monocyte
Butyricimonas,KEGG_MEDICUS_REFERENCE_NAD_BIOSYNTHESIS,0.118207900881067,9.63759252102182e-97,classical Monocyte
Butyricimonas,KEGG_MEDICUS_REFERENCE_NALP12_INFLAMMASOME_SIGNALING_PATHWAY,-0.069024788884325,5.11115131026248e-34,classical Monocyte
Butyricimonas,KEGG_MEDICUS_REFERENCE_NLRC4_INFLAMMASOME_SIGNALING_PATHWAY,-0.0778319206114427,8.21619865864631e-43,classical Monocyte
Butyricimonas,KEGG_MEDICUS_REFERENCE_NLRP1_INFLAMMASOME_SIGNALING_PATHWAY,-0.0534552674411692,4.85866040750312e-21,classical Monocyte
Butyricimonas,KEGG_MEDICUS_REFERENCE_NLRP3_INFLAMMASOME_SIGNALING_PATHWAY,-0.0805865164888374,8.86264875670715e-46,classical Monocyte
Butyricimonas,KEGG_MEDICUS_REFERENCE_NODAL_SIGNALING_PATHWAY,0.0540969414458142,1.64491856908342e-21,classical Monocyte
Butyricimonas,KEGG_MEDICUS_REFERENCE_NOD_NFKB_SIGNALING_PATHWAY,0.0268127859030576,2.37513657361981e-06,classical Monocyte
Butyricimonas,KEGG_MEDICUS_REFERENCE_NON_CANONICAL_INFLAMMASOME_SIGNALING_PATHWAY,-0.0815634276054866,7.42034016275242e-47,classical Monocyte
Butyricimonas,KEGG_MEDICUS_REFERENCE_NON_HOMOLOGOUS_END_JOINING,0.0192785264353078,0.000692889554709846,classical Monocyte
Butyricimonas,KEGG_MEDICUS_REFERENCE_NOTCH_LIGAND_UBIQUITYLATION,0.0195331243326087,0.000587790648910574,classical Monocyte
Butyricimonas,KEGG_MEDICUS_REFERENCE_NOTCH_MESP2_SIGNALING,0.00764996850176244,0.17829162562921,classical Monocyte
Butyricimonas,KEGG_MEDICUS_REFERENCE_NOTCH_PROTEOLYTIC_ACTIVATION,0.0272586687882192,1.61010083616938e-06,classical Monocyte
Butyricimonas,KEGG_MEDICUS_REFERENCE_NOTCH_SIGNALING_PATHWAY,0.0690360306325666,4.98844409780532e-34,classical Monocyte
Butyricimonas,KEGG_MEDICUS_REFERENCE_NRG_ERBB4_PI3K_SIGNALING_PATHWAY,0.0991366382331774,1.8250802358106e-68,classical Monocyte
Butyricimonas,KEGG_MEDICUS_REFERENCE_NUCLEAR_EXPORT_OF_MRNA,0.00163443179630931,0.773669083317966,classical Monocyte
Butyricimonas,KEGG_MEDICUS_REFERENCE_NUCLEAR_INITIATED_ESTROGEN_SIGNALING_PATHWAY,0.137855238295252,3.38010104113174e-131,classical Monocyte
Butyricimonas,KEGG_MEDICUS_REFERENCE_NUCLEAR_INITIATED_PROGESTERONE_SIGNALING_PATHWAY,-0.0080196213637851,0.158221825579292,classical Monocyte
Butyricimonas,KEGG_MEDICUS_REFERENCE_N_GLYCAN_BIOSYNTHESIS,0.0286690666250537,4.526512373551e-07,classical Monocyte
Butyricimonas,KEGG_MEDICUS_REFERENCE_N_GLYCAN_PRECURSOR_BIOSYNTHESIS_ALG6_TO_OST,-0.0365304457843344,1.27866158172889e-10,classical Monocyte
Butyricimonas,KEGG_MEDICUS_REFERENCE_N_GLYCAN_PRECURSOR_BIOSYNTHESIS_ALG7_TO_ALG11,0.0154739059167085,0.00647310296202904,classical Monocyte
Butyricimonas,KEGG_MEDICUS_REFERENCE_N_GLYCAN_PRECURSOR_BIOSYNTHESIS_GLC_6P_TO_MAN_P_DOL,-0.021722727435886,0.000132067476904192,classical Monocyte
Butyricimonas,KEGG_MEDICUS_REFERENCE_OKAZAKI_FRAGMENT_MATURATION,-0.0210404192250412,0.000213504369910212,classical Monocyte
Butyricimonas,KEGG_MEDICUS_REFERENCE_ORGANIZATION_OF_THE_INNER_KINETOCHORE,0.000781870058708126,0.890580049627522,classical Monocyte
Butyricimonas,KEGG_MEDICUS_REFERENCE_ORGANIZATION_OF_THE_OUTER_KINETOCHORE,0.00361991637732537,0.524172149766614,classical Monocyte
Butyricimonas,KEGG_MEDICUS_REFERENCE_ORIGIN_UNWINDING_AND_ELONGATION,-0.00630901926231617,0.266962515010653,classical Monocyte
Butyricimonas,KEGG_MEDICUS_REFERENCE_P15_CELL_CYCLE_G1_S,0.107628649685055,1.96811492844595e-80,classical Monocyte
Butyricimonas,KEGG_MEDICUS_REFERENCE_P16_CELL_CYCLE_G1_S,0.112736924524288,4.10531074688201e-88,classical Monocyte
Butyricimonas,KEGG_MEDICUS_REFERENCE_P27_CELL_CYCLE_G1_S,-0.0342171253635107,1.71981260006158e-09,classical Monocyte
Butyricimonas,KEGG_MEDICUS_REFERENCE_P300_P21_CELL_CYCLE_G1_S,0.122823795927382,2.38589791592654e-104,classical Monocyte
Butyricimonas,KEGG_MEDICUS_REFERENCE_P4_PR_PI3K_SIGNALING_PATHWAY,0.0481553999687257,2.29345683011938e-17,classical Monocyte
Butyricimonas,KEGG_MEDICUS_REFERENCE_P4_PR_RAS_ERK_SIGNALING_PATHWAY,0.0919758196880716,3.78987599293641e-59,classical Monocyte
Butyricimonas,KEGG_MEDICUS_REFERENCE_PDGF_PDGFR_PI3K_SIGNALING_PATHWAY,0.0538981155978994,2.30399973880697e-21,classical Monocyte
Butyricimonas,KEGG_MEDICUS_REFERENCE_PDGF_PDGFR_PLCG_CAMK_SIGNALING_PATHWAY,-0.0864466374705459,1.9530038551167e-52,classical Monocyte
Butyricimonas,KEGG_MEDICUS_REFERENCE_PDGF_PDGFR_RAS_ERK_SIGNALING_PATHWAY,0.0938670943763141,1.53598609724649e-61,classical Monocyte
Butyricimonas,KEGG_MEDICUS_REFERENCE_PDL_PD1_SHP_PI3K_SIGNALING_PATHWAY,-0.00825108474527978,0.14655573381305,classical Monocyte
Butyricimonas,KEGG_MEDICUS_REFERENCE_PINK_PARKIN_MEDIATED_AUTOPHAGOSOME_FORMATION,-0.0116257509657543,0.0407934544072164,classical Monocyte
Butyricimonas,KEGG_MEDICUS_REFERENCE_PKA_HOLOENZYME,0.00153358068581988,0.787287883496359,classical Monocyte
Butyricimonas,KEGG_MEDICUS_REFERENCE_PKR_EIF2ALPHA_SIGNALING_PATHWAY,0.0269363706733379,2.13378917823443e-06,classical Monocyte
Butyricimonas,KEGG_MEDICUS_REFERENCE_PLASMIN_MEDIATED_ACTIVATION_OF_LATENT_TGF_BETA,-0.0276990778427069,1.09031560176653e-06,classical Monocyte
Butyricimonas,KEGG_MEDICUS_REFERENCE_PP2A_AKT_SIGNALING_PATHWAY,0.0317918731033794,2.20363646938002e-08,classical Monocyte
Butyricimonas,KEGG_MEDICUS_REFERENCE_PRE_IC_FORMATION,0.00578400115776023,0.308818114220685,classical Monocyte
Butyricimonas,KEGG_MEDICUS_REFERENCE_PRL_JAK_STAT_SIGNALING_PATHWAY,0.0699320116069691,7.10099932396428e-35,classical Monocyte
Butyricimonas,KEGG_MEDICUS_REFERENCE_PRNP_PI3K_NOX2_SIGNALING_PATHWAY,0.0102387852303386,0.0716139798399287,classical Monocyte
Butyricimonas,KEGG_MEDICUS_REFERENCE_PROK_PRKR_GI_ERK_SIGNALING_PATHWAY,-0.00529350641055859,0.351646461050457,classical Monocyte
Butyricimonas,KEGG_MEDICUS_REFERENCE_PROMOTION_OF_MICROTUBULE_GROWTH,-0.0888205218969894,2.88620326866018e-55,classical Monocyte
Butyricimonas,KEGG_MEDICUS_REFERENCE_PTH_PTH1R_PKA_SIGNALING_PATHWAY,-0.0310459088178562,4.65908837386456e-08,classical Monocyte
Butyricimonas,KEGG_MEDICUS_REFERENCE_PURINE_SALVAGE_PATHWAY_ADENINE_TO_AMP,-0.0398262106363102,2.37954114167734e-12,classical Monocyte
Butyricimonas,KEGG_MEDICUS_REFERENCE_PURINE_SALVAGE_PATHWAY_HYPOXANTHINE_GUANINE_TO_IMP_GMP,0.0147692499586713,0.00935515275870042,classical Monocyte
Butyricimonas,KEGG_MEDICUS_REFERENCE_PYRIN_INFLAMMASOME_SIGNALING_PATHWAY,-0.0760489032259238,6.02734077800698e-41,classical Monocyte
Butyricimonas,KEGG_MEDICUS_REFERENCE_RAB7_REGULATED_MICROTUBULE_MINUS_END_DIRECTED_TRANSPORT,-0.109780919050573,1.26527067174676e-83,classical Monocyte
Butyricimonas,KEGG_MEDICUS_REFERENCE_RAC_CDC42_PAK_ERK_SIGNALING_PATHWAY,-0.022542715129719,7.28132139406595e-05,classical Monocyte
Butyricimonas,KEGG_MEDICUS_REFERENCE_RAD51_DSDNA_DESTABILIZATION,0.0174482202690732,0.0021387759052115,classical Monocyte
Butyricimonas,KEGG_MEDICUS_REFERENCE_RECRUITMENT_AND_FORMATION_OF_THE_MCC,-0.0105343869190801,0.0637993106877208,classical Monocyte
Butyricimonas,KEGG_MEDICUS_REFERENCE_REGULATION_OF_COMPLEMENT_CASCADE_MAC_INHIBITION,-0.0186053345119573,0.00106075226040795,classical Monocyte
Butyricimonas,KEGG_MEDICUS_REFERENCE_REGULATION_OF_EXTRINSIC_APOPTOTIC_PATHWAY_XIAP,0.0190970182185367,0.000778206667335303,classical Monocyte
Butyricimonas,KEGG_MEDICUS_REFERENCE_REGULATION_OF_FIBRINOLYTIC_SYSTEM_C1INH,-0.0141652168774683,0.012684773267311,classical Monocyte
Butyricimonas,KEGG_MEDICUS_REFERENCE_REGULATION_OF_FIBRINOLYTIC_SYSTEM_PAI,0.0269154165090159,2.17298125087154e-06,classical Monocyte
Butyricimonas,KEGG_MEDICUS_REFERENCE_REGULATION_OF_GF_RTK_RAS_ERK_SIGNALING_MRAS_SHOC2_PP1_HOLOPHOSPHATASE,-0.00398482367249336,0.483219635427157,classical Monocyte
Butyricimonas,KEGG_MEDICUS_REFERENCE_REGULATION_OF_GF_RTK_RAS_ERK_SIGNALING_PATHWAY_ADAPTOR_PROTEINS,0.0929338640274518,2.36025714856818e-60,classical Monocyte
Butyricimonas,KEGG_MEDICUS_REFERENCE_REGULATION_OF_GF_RTK_RAS_ERK_SIGNALING_PTP,-0.0322783787146762,1.34011428788341e-08,classical Monocyte
Butyricimonas,KEGG_MEDICUS_REFERENCE_REGULATION_OF_GF_RTK_RAS_ERK_SIGNALING_RASGAP,0.051696824772867,8.85553648118128e-20,classical Monocyte
Butyricimonas,KEGG_MEDICUS_REFERENCE_REGULATION_OF_GF_RTK_RAS_ERK_SIGNALING_RAS_UBIQUITINATION_BY_CUL3_COMPLEX,0.0486482022301043,1.08324119252612e-17,classical Monocyte
Butyricimonas,KEGG_MEDICUS_REFERENCE_REGULATION_OF_GF_RTK_RAS_ERK_SIGNALING_SPRED_AND_NF1,0.0364818267034517,1.35271016031783e-10,classical Monocyte
Butyricimonas,KEGG_MEDICUS_REFERENCE_REGULATION_OF_GF_RTK_RAS_ERK_SIGNALING_UBIQUITINATION_OF_RTK_BY_CBL,-0.0186237226835396,0.00104866826560876,classical Monocyte
Butyricimonas,KEGG_MEDICUS_REFERENCE_REGULATION_OF_NLRP3_INFLAMMASOME_SIGNALING_PATHWAY_NLRP3_INHIBITION,-0.0932730628699118,8.77131351196544e-61,classical Monocyte
Butyricimonas,KEGG_MEDICUS_REFERENCE_REGULATION_OF_SERCA,-0.0520072431062863,5.34166913688262e-20,classical Monocyte
Butyricimonas,KEGG_MEDICUS_REFERENCE_REGULATION_OF_TNF_NFKB_SIGNALING_PATHWAY_LUBAC_MEDIATED_LINEAR_UBIQUITINATION,-0.0136159262245771,0.016582460870265,classical Monocyte
Butyricimonas,KEGG_MEDICUS_REFERENCE_RELN_VLDLR_PI3K_SIGNALING_PATHWAY,0.0513364435403053,1.58660297565113e-19,classical Monocyte
Butyricimonas,KEGG_MEDICUS_REFERENCE_RETROGRADE_AXONAL_TRANSPORT,-0.112864862714146,2.60806514906566e-88,classical Monocyte
Butyricimonas,KEGG_MEDICUS_REFERENCE_RIG_I_IRF7_3_SIGNALING_PATHWAY,0.0649620800686207,2.5732912154931e-30,classical Monocyte
Butyricimonas,KEGG_MEDICUS_REFERENCE_RIG_I_NFKB_SIGNALING_PATHWAY,0.0242342847575228,2.00210972192168e-05,classical Monocyte
Butyricimonas,KEGG_MEDICUS_REFERENCE_RORA_MEDIATED_TRANSCRIPTION,0.0222643330105839,8.93233153736779e-05,classical Monocyte
Butyricimonas,KEGG_MEDICUS_REFERENCE_RTK_PLCG_ITPR_SIGNALING_PATHWAY,0.0756666011997723,1.49440870868435e-40,classical Monocyte
Butyricimonas,KEGG_MEDICUS_REFERENCE_SIALYL_LEWIS_X_ANTIGEN_BIOSYNTHESIS,0.0225354195290586,7.32063728999655e-05,classical Monocyte
Butyricimonas,KEGG_MEDICUS_REFERENCE_SKELETAL_TYPE_VGCC_RYR_SIGNALING,0.0215461412252155,0.000149746410470222,classical Monocyte
Butyricimonas,KEGG_MEDICUS_REFERENCE_SPINDLE_ASSEMBLY_CHECKPOINT_SIGNALING,-0.018413687858794,0.00119459225128414,classical Monocyte
Butyricimonas,KEGG_MEDICUS_REFERENCE_STRAD_STK11_TSC_SIGNALING_PATHWAY,0.0287858833362383,4.06403041386491e-07,classical Monocyte
Butyricimonas,KEGG_MEDICUS_REFERENCE_TAC3_TACR3_PLC_PKC_SIGNALING_PATHWAY,0.0846233330658338,2.5835698683781e-50,classical Monocyte
Butyricimonas,KEGG_MEDICUS_REFERENCE_TBK1_MEDIATED_AUTOPHAGOSOME_FORMATION,-0.0151302789909811,0.00776019510759281,classical Monocyte
Butyricimonas,KEGG_MEDICUS_REFERENCE_TCR_PLCG_ITPR_SIGNALING_PATHWAY,0.045628339780039,9.55043782948623e-16,classical Monocyte
Butyricimonas,KEGG_MEDICUS_REFERENCE_TELOMERASE_RNA_MATURATION,0.0221298291068735,9.85126058033371e-05,classical Monocyte
Butyricimonas,KEGG_MEDICUS_REFERENCE_TELOMERE_ELONGATION,-0.0368948779093331,8.36562828777449e-11,classical Monocyte
Butyricimonas,KEGG_MEDICUS_REFERENCE_TESTOSTERONE_BIOSYNTHESIS,0.0101228179966404,0.0748865999574054,classical Monocyte
Butyricimonas,KEGG_MEDICUS_REFERENCE_TETHERING_OF_LATE_ENDOSOMES_AND_LYSOSOMES,0.0194906812180684,0.000604212137556441,classical Monocyte
Butyricimonas,KEGG_MEDICUS_REFERENCE_TGFA_EGFR_PI3K_SIGNALING_PATHWAY,0.0558558381533466,7.91508321169626e-23,classical Monocyte
Butyricimonas,KEGG_MEDICUS_REFERENCE_TGFA_EGFR_PLCG_PKC_SIGNALING_PATHWAY,0.0543721250522208,1.02974730523186e-21,classical Monocyte
Butyricimonas,KEGG_MEDICUS_REFERENCE_TGFA_EGFR_RAS_ERK_SIGNALING_PATHWAY,0.0940118136188847,1.00301758766319e-61,classical Monocyte
Butyricimonas,KEGG_MEDICUS_REFERENCE_TGF_BETA_SIGNALING_PATHWAY,0.0171408919540258,0.00255992857483724,classical Monocyte
Butyricimonas,KEGG_MEDICUS_REFERENCE_THYROID_HORMONE_SIGNALING_PATHWAY,0.0268577411925937,2.28445804908342e-06,classical Monocyte
Butyricimonas,KEGG_MEDICUS_REFERENCE_TIGHT_JUNCTION_ACTIN_SIGNALING_PATHWAY,-0.0807760290278261,5.49067591234346e-46,classical Monocyte
Butyricimonas,KEGG_MEDICUS_REFERENCE_TLR1_2_4_NFKB_SIGNALING_PATHWAY,0.0635224672868249,4.66343373206207e-29,classical Monocyte
Butyricimonas,KEGG_MEDICUS_REFERENCE_TLR2_4_MAPK_SIGNALING_PATHWAY,0.0667959977171453,5.84884287533248e-32,classical Monocyte
Butyricimonas,KEGG_MEDICUS_REFERENCE_TLR3_IRF3_SIGNALING_PATHWAY,0.0876330883287507,7.68695099394436e-54,classical Monocyte
Butyricimonas,KEGG_MEDICUS_REFERENCE_TLR3_IRF7_SIGNALING_PATHWAY,0.0208318610105673,0.000246595989965593,classical Monocyte
Butyricimonas,KEGG_MEDICUS_REFERENCE_TLR3_NFKB_SIGNALING_PATHWAY,0.0203165635820027,0.000350128915311249,classical Monocyte
Butyricimonas,KEGG_MEDICUS_REFERENCE_TLR4_IRF3_7_SIGNALING_PATHWAY,0.0468267300650558,1.66968106795355e-16,classical Monocyte
Butyricimonas,KEGG_MEDICUS_REFERENCE_TLR5_NFKB_SIGNALING_PATHWAY,0.0187191335807108,0.000987987428728824,classical Monocyte
Butyricimonas,KEGG_MEDICUS_REFERENCE_TLR7_8_9_IRF5_SIGNALING_PATHWAY,-0.0192966642930455,0.000684859694444949,classical Monocyte
Butyricimonas,KEGG_MEDICUS_REFERENCE_TLR7_9_IRF7_SIGNALING_PATHWAY,-0.0276991198322514,1.09027477645025e-06,classical Monocyte
Butyricimonas,KEGG_MEDICUS_REFERENCE_TNFSF10_RIPK1_3_SIGNALING_PATHWAY,-0.0251110394451057,9.91627338853805e-06,classical Monocyte
Butyricimonas,KEGG_MEDICUS_REFERENCE_TNF_JNK_SIGNALING_PATHWAY,0.00254071169283398,0.654846433477255,classical Monocyte
Butyricimonas,KEGG_MEDICUS_REFERENCE_TNF_NFKB_SIGNALING_PATHWAY,0.0238526704792162,2.69900150473532e-05,classical Monocyte
Butyricimonas,KEGG_MEDICUS_REFERENCE_TNF_P38_SIGNALING_PATHWAY,0.0666992926737454,7.15922600891215e-32,classical Monocyte
Butyricimonas,KEGG_MEDICUS_REFERENCE_TNF_RIPK1_3_SIGNALING_PATHWAY,-0.0103026067058407,0.0698635055587871,classical Monocyte
Butyricimonas,KEGG_MEDICUS_REFERENCE_TRAIP_DEPENDENT_REPLISOME_DISASSEMBLY,-0.127981472784744,3.34663399688902e-113,classical Monocyte
Butyricimonas,KEGG_MEDICUS_REFERENCE_TRANSCRIPTIONAL_ACTIVATION_BY_ACETYLATION_OF_H3K27,-0.0455494778903531,1.06952882387217e-15,classical Monocyte
Butyricimonas,KEGG_MEDICUS_REFERENCE_TRANSCRIPTION_COUPLED_NER,-0.0506533898068572,4.73916074025624e-19,classical Monocyte
Butyricimonas,KEGG_MEDICUS_REFERENCE_TRANSLATION_INITIATION,-0.252818123696704,0,classical Monocyte
Butyricimonas,KEGG_MEDICUS_REFERENCE_TRAPPI_RAB1_SIGNALING_PATHWAY,-0.0306564724368112,6.84157017279586e-08,classical Monocyte
Butyricimonas,KEGG_MEDICUS_REFERENCE_TRH_TRHR_PLCB_PKC_SIGNALING_PATHWAY,0.0849237016569958,1.16373585981936e-50,classical Monocyte
Butyricimonas,KEGG_MEDICUS_REFERENCE_TSC1_2_MTORC1_SIGNALING_PATHWAY,0.0149841827685688,0.0083736794781351,classical Monocyte
Butyricimonas,KEGG_MEDICUS_REFERENCE_TSH_DUOX2_TG_SIGNALING_PATHWAY,0.0844552013453705,4.0323682143978e-50,classical Monocyte
Butyricimonas,KEGG_MEDICUS_REFERENCE_TSH_TG_SIGNALING_PATHWAY,0.0102269573019131,0.0719423067654497,classical Monocyte
Butyricimonas,KEGG_MEDICUS_REFERENCE_TYPE_II_INTERFERON_TO_JAK_STAT_SIGNALING_PATHWAY,0.050227143107899,9.31312556206263e-19,classical Monocyte
Butyricimonas,KEGG_MEDICUS_REFERENCE_TYPE_I_IFN_SIGNALING_PATHWAY,0.0479547941570118,3.10578029362474e-17,classical Monocyte
Butyricimonas,KEGG_MEDICUS_REFERENCE_TYPE_I_INTERFERON_TO_JAK_STAT_SIGNALING_PATHWAY,0.0436919596277009,1.45664436727875e-14,classical Monocyte
Butyricimonas,KEGG_MEDICUS_REFERENCE_TYROSINE_DEGRADATION,0.00120522309238499,0.832060682474898,classical Monocyte
Butyricimonas,KEGG_MEDICUS_REFERENCE_UCHL1_MEDIATED_HYDROLYSIS,-0.179165562983978,1.15839835690404e-221,classical Monocyte
Butyricimonas,KEGG_MEDICUS_REFERENCE_UREA_CYCLE,-0.00930005607715447,0.101759490863247,classical Monocyte
Butyricimonas,KEGG_MEDICUS_REFERENCE_VALINE_DEGRADATION,-0.00218510787396495,0.700629538003658,classical Monocyte
Butyricimonas,KEGG_MEDICUS_REFERENCE_VGCC_CA2_APOPTOTIC_PATHWAY,-0.114351689357059,1.28776734698244e-90,classical Monocyte
Butyricimonas,KEGG_MEDICUS_REFERENCE_V_D_J_RECOMBINATION,0.00685885596146089,0.227496926487982,classical Monocyte
Butyricimonas,KEGG_MEDICUS_REFERENCE_WEE1_CELL_CYCLE_G2_M,0.040704445239788,7.78276358596905e-13,classical Monocyte
Butyricimonas,KEGG_MEDICUS_REFERENCE_WNT5A_ROR_SIGNALING_PATHWAY,0.00224965022296517,0.692232597411395,classical Monocyte
Butyricimonas,KEGG_MEDICUS_REFERENCE_WNT_SIGNALING_MODULATION_LGR_RSPO,-0.000872443139339569,0.877998753371182,classical Monocyte
Butyricimonas,KEGG_MEDICUS_REFERENCE_WNT_SIGNALING_MODULATION_SOST_LRP4,-0.00183202066846653,0.747191486183472,classical Monocyte
Butyricimonas,KEGG_MEDICUS_REFERENCE_WNT_SIGNALING_MODULATION_WNT_ACYLATION,0.000252600791894756,0.964549548750281,classical Monocyte
Butyricimonas,KEGG_MEDICUS_REFERENCE_WNT_SIGNALING_MODULATION_WNT_INHIBITOR,-0.00304686545416284,0.591890777318694,classical Monocyte
Butyricimonas,KEGG_MEDICUS_REFERENCE_WNT_SIGNALING_PATHWAY,0.0433725898535147,2.25799577826221e-14,classical Monocyte
Butyricimonas,KEGG_MEDICUS_VARIANT_AML1_ETO_FUSION_TO_PU.1_MEDIATED_TRANSCRIPTION,0.0262261571271531,3.9254038819693e-06,classical Monocyte
Butyricimonas,KEGG_MEDICUS_VARIANT_AMPLIFIED_CCND1_TO_CELL_CYCLE_G1_S,0.0410584655265264,4.92706054006849e-13,classical Monocyte
Butyricimonas,KEGG_MEDICUS_VARIANT_AMPLIFIED_CCNE_TO_CELL_CYCLE_G1_S,0.0488338166384187,8.15048646855721e-18,classical Monocyte
Butyricimonas,KEGG_MEDICUS_VARIANT_AMPLIFIED_CDK4_TO_CELL_CYCLE_G1_S,0.111897453498394,7.95228866497203e-87,classical Monocyte
Butyricimonas,KEGG_MEDICUS_VARIANT_AMPLIFIED_EGFR_TO_PI3K_SIGNALING_PATHWAY,0.0555283819949588,1.40255517155598e-22,classical Monocyte
Butyricimonas,KEGG_MEDICUS_VARIANT_AMPLIFIED_EGFR_TO_PLCG_CAMK_SIGNALING_PATHWAY,-0.0866021851949763,1.28117298821909e-52,classical Monocyte
Butyricimonas,KEGG_MEDICUS_VARIANT_AMPLIFIED_FGFR_TO_PI3K_SIGNALING_PATHWAY,0.0557171789647475,1.00888592452637e-22,classical Monocyte
Butyricimonas,KEGG_MEDICUS_VARIANT_AMPLIFIED_FGFR_TO_RAS_ERK_SIGNALING_PATHWAY,0.0938031259068972,1.85397355358057e-61,classical Monocyte
Butyricimonas,KEGG_MEDICUS_VARIANT_AMPLIFIED_MDM2_TO_P21_CELL_CYCLE_G1_S,0.106723195709662,4.14604266540015e-79,classical Monocyte
Butyricimonas,KEGG_MEDICUS_VARIANT_AMPLIFIED_MET_TO_PI3K_SIGNALING_PATHWAY,0.0622466896612114,5.75885102635361e-28,classical Monocyte
Butyricimonas,KEGG_MEDICUS_VARIANT_AMPLIFIED_MYCN_TO_TRANSCRIPTIONAL_ACTIVATION,0.0384098080768563,1.37316192392066e-11,classical Monocyte
Butyricimonas,KEGG_MEDICUS_VARIANT_AMPLIFIED_MYCN_TO_TRANSCRIPTIONAL_REPRESSION,0.0303376365920796,9.33862452673613e-08,classical Monocyte
Butyricimonas,KEGG_MEDICUS_VARIANT_AMPLIFIED_MYC_TO_CELL_CYCLE_G1_S,0.105046462474184,1.0930278633146e-76,classical Monocyte
Butyricimonas,KEGG_MEDICUS_VARIANT_AMPLIFIED_MYC_TO_P27_CELL_CYCLE_G1_S,-0.0268063932812797,2.38830834026202e-06,classical Monocyte
Butyricimonas,KEGG_MEDICUS_VARIANT_AMPLIFIED_PDGFR_TO_PI3K_SIGNALING_PATHWAY,0.0555283819949588,1.40255517155598e-22,classical Monocyte
Butyricimonas,KEGG_MEDICUS_VARIANT_AMPLIFIED_PDGFR_TO_PLCG_CAMK_SIGNALING_PATHWAY,-0.0866021851949763,1.28117298821909e-52,classical Monocyte
Butyricimonas,KEGG_MEDICUS_VARIANT_AMPLIFIED_PDGFR_TO_RAS_ERK_SIGNALING_PATHWAY,0.0937656069176765,2.07016907477997e-61,classical Monocyte
Butyricimonas,KEGG_MEDICUS_VARIANT_AMPLIFIED_REL_TO_TRANSCRIPTION,-0.0199232200032724,0.000455161874564825,classical Monocyte
Butyricimonas,KEGG_MEDICUS_VARIANT_BCL2_OVEREXPRESSION_TO_INTRINSIC_APOPTOTIC_PATHWAY,0.0188235882983981,0.000925292780261512,classical Monocyte
Butyricimonas,KEGG_MEDICUS_VARIANT_BCR_ABL_FUSION_KINASE_TO_PI3K_SIGNALING_PATHWAY,0.0620737305440788,8.0656351485658e-28,classical Monocyte
Butyricimonas,KEGG_MEDICUS_VARIANT_BCR_ABL_FUSION_KINASE_TO_RAS_ERK_SIGNALING_PATHWAY,0.0949203112997133,6.80556394572943e-63,classical Monocyte
Butyricimonas,KEGG_MEDICUS_VARIANT_CDH1_REDUCED_EXPRESSION_TO_BETA_CATENIN_SIGNALING_PATHWAY,0.0195219159511837,0.00059208638895714,classical Monocyte
Butyricimonas,KEGG_MEDICUS_VARIANT_CDX2_OVEREXPRESSION_TO_TRANSCRIPTIONAL_ACTIVATION,-0.00898563240179474,0.113865136642535,classical Monocyte
Butyricimonas,KEGG_MEDICUS_VARIANT_CYP11B1_CYP11B2_FUSION_TO_ACTH_CORTISOL_SIGNALING_PATHWAY,0.0136554263603255,0.016270613814097,classical Monocyte
Butyricimonas,KEGG_MEDICUS_VARIANT_DELETED_DMD_TO_DYSTROPHIN_ASSOCIATED_PROTEIN_COMPLEX,0.00603041092202591,0.28866167151795,classical Monocyte
Butyricimonas,KEGG_MEDICUS_VARIANT_DUPLICATION_OR_MUTATION_ACTIVATED_FLT3_TO_JAK_STAT_SIGNALING_PATHWAY,0.0239185188823338,2.56421533539634e-05,classical Monocyte
Butyricimonas,KEGG_MEDICUS_VARIANT_DUPLICATION_OR_MUTATION_ACTIVATED_FLT3_TO_RAS_ERK_SIGNALING_PATHWAY,0.0920011396416163,3.52308407569985e-59,classical Monocyte
Butyricimonas,KEGG_MEDICUS_VARIANT_DUPLICATION_OR_MUTATION_ACTIVATED_FLT3_TO_RAS_PI3K_SIGNALING_PATHWAY,0.0856465117153538,1.68770586051071e-51,classical Monocyte
Butyricimonas,KEGG_MEDICUS_VARIANT_EGFR_OVEREXPRESSION_TO_PI3K_SIGNALING_PATHWAY,0.0538926252680882,2.32549730243971e-21,classical Monocyte
Butyricimonas,KEGG_MEDICUS_VARIANT_EGF_OVEREXPRESSION_TO_PI3K_SIGNALING_PATHWAY,0.0524957857784387,2.39633511900114e-20,classical Monocyte
Butyricimonas,KEGG_MEDICUS_VARIANT_EGF_OVEREXPRESSION_TO_RAS_ERK_SIGNALING_PATHWAY,0.0937798057486632,1.98554516290926e-61,classical Monocyte
Butyricimonas,KEGG_MEDICUS_VARIANT_EML4_ALK_FUSION_KINASE_TO_JAK_STAT_SIGNALING_PATHWAY,0.0323421135234219,1.2549161692441e-08,classical Monocyte
Butyricimonas,KEGG_MEDICUS_VARIANT_EML4_ALK_FUSION_KINASE_TO_PI3K_SIGNALING_PATHWAY,0.0484827136957823,1.39470681106608e-17,classical Monocyte
Butyricimonas,KEGG_MEDICUS_VARIANT_EML4_ALK_FUSION_KINASE_TO_PLCG_ERK_SIGNALING_PATHWAY,0.0773237934729533,2.82293990679132e-42,classical Monocyte
Butyricimonas,KEGG_MEDICUS_VARIANT_EML4_ALK_FUSION_KINASE_TO_RAS_ERK_SIGNALING_PATHWAY,0.0594623716268518,1.16547540200865e-25,classical Monocyte
Butyricimonas,KEGG_MEDICUS_VARIANT_ERBB2_OVEREXPRESSION_TO_EGF_JAK_STAT_SIGNALING_PATHWAY,0.0304058225585573,8.73970175513252e-08,classical Monocyte
Butyricimonas,KEGG_MEDICUS_VARIANT_ERBB2_OVEREXPRESSION_TO_PI3K_SIGNALING_PATHWAY,0.0539337350783894,2.16922754994732e-21,classical Monocyte
Butyricimonas,KEGG_MEDICUS_VARIANT_ESR1_POSITIVE_TO_NUCLEAR_INITIATED_ESTROGEN_SIGNALING_PATHWAY,0.0741250209019156,5.55182001266063e-39,classical Monocyte
Butyricimonas,KEGG_MEDICUS_VARIANT_EWSR1_WT1_FUSION_TO_TRANSCRIPTIONAL_ACTIVATION,0.000602508236200725,0.915573227351347,classical Monocyte
Butyricimonas,KEGG_MEDICUS_VARIANT_FUS_DDIT3_FUSION_TO_NFKB_MEDIATED_TRANSCRIPTION,0.0390835262601115,6.01112663465234e-12,classical Monocyte
Butyricimonas,KEGG_MEDICUS_VARIANT_FZD7_OVEREXPRESSION_TO_WNT_SIGNALING_PATHWAY,0.0460520648701583,5.18103616533266e-16,classical Monocyte
Butyricimonas,KEGG_MEDICUS_VARIANT_HRAS_OVEREXPRESSION_TO_ERK_SIGNALING_PATHWAY,0.0605299068654068,1.56549287903282e-26,classical Monocyte
Butyricimonas,KEGG_MEDICUS_VARIANT_IGF2_OVEREXPRESSION_TO_RAS_ERK_SIGNALING_PATHWAY,0.0951684532473548,3.24897528745312e-63,classical Monocyte
Butyricimonas,KEGG_MEDICUS_VARIANT_IGH_MMSET_FUSION_TO_TRANSCRIPTIONAL_ACTIVATION,-0.0957114436564226,6.39898273147833e-64,classical Monocyte
Butyricimonas,KEGG_MEDICUS_VARIANT_LMO2_REARRANGEMENT_TO_TRANSCRIPTIONAL_ACTIVATION,-0.0524042880992522,2.78606472897224e-20,classical Monocyte
Butyricimonas,KEGG_MEDICUS_VARIANT_LMO2_REARRANGEMENT_TO_TRANSCRIPTIONAL_REPRESSION,-0.0564028322813057,3.02132338581895e-23,classical Monocyte
Butyricimonas,KEGG_MEDICUS_VARIANT_LOSS_OF_CDKN1B_TO_P27_CELL_CYCLE_G1_S,0.0402511627457272,1.38969686851914e-12,classical Monocyte
Butyricimonas,KEGG_MEDICUS_VARIANT_LOSS_OF_NKX3_1_TO_PI3K_SIGNALING_PATHWAY,-0.00669907570434023,0.238510704326371,classical Monocyte
Butyricimonas,KEGG_MEDICUS_VARIANT_LOSS_OF_RASSF1_TO_RAS_RASSF1_SIGNALING_PATHWAY,0.0458455443586979,6.9850670599185e-16,classical Monocyte
Butyricimonas,KEGG_MEDICUS_VARIANT_LOSS_OF_VHL_TO_HIF_1_SIGNALING_PATHWAY,-0.0330997881286657,5.69374236888344e-09,classical Monocyte
Butyricimonas,KEGG_MEDICUS_VARIANT_LRP6_OVEREXPRESSION_TO_WNT_SIGNALING_PATHWAY,0.043231185795899,2.73890787310975e-14,classical Monocyte
Butyricimonas,KEGG_MEDICUS_VARIANT_MET_OVEREXPRESSION_TO_RAS_ERK_SIGNALING_PATHWAY,0.0937892890601284,1.93095410043002e-61,classical Monocyte
Butyricimonas,KEGG_MEDICUS_VARIANT_MLL_AF4_FUSION_TO_TRANSCRIPTIONAL_ACTIVATION,0.0821739120756554,1.5512798135606e-47,classical Monocyte
Butyricimonas,KEGG_MEDICUS_VARIANT_MLL_ENL_FUSION_TO_TRANSCRIPTIONAL_ACTIVATION,0.0312310064531888,3.87524104668974e-08,classical Monocyte
Butyricimonas,KEGG_MEDICUS_VARIANT_MUTATION_ACTIVATED_BRAF_TO_ERK_SIGNALING_PATHWAY,0.0452887690689293,1.55292403993993e-15,classical Monocyte
Butyricimonas,KEGG_MEDICUS_VARIANT_MUTATION_ACTIVATED_CACNA1D_H_TO_ANGIOTENSIN_ALDOSTERONE_SIGNALING_PATHWAY,-0.0574214719905666,4.90425639166727e-24,classical Monocyte
Butyricimonas,KEGG_MEDICUS_VARIANT_MUTATION_ACTIVATED_EGFR_TO_PI3K_SIGNALING_PATHWAY,0.0484827136957823,1.39470681106608e-17,classical Monocyte
Butyricimonas,KEGG_MEDICUS_VARIANT_MUTATION_ACTIVATED_EGFR_TO_PLCG_ERK_SIGNALING_PATHWAY,0.0773237934729533,2.82293990679132e-42,classical Monocyte
Butyricimonas,KEGG_MEDICUS_VARIANT_MUTATION_ACTIVATED_EGFR_TO_RAS_ERK_SIGNALING_PATHWAY,0.0932059034463932,1.06735019347963e-60,classical Monocyte
Butyricimonas,KEGG_MEDICUS_VARIANT_MUTATION_ACTIVATED_FGFR3_TO_RAS_ERK_SIGNALING_PATHWAY,0.0963224501815347,1.016786941165e-64,classical Monocyte
Butyricimonas,KEGG_MEDICUS_VARIANT_MUTATION_ACTIVATED_GNAS_TO_ACTH_CORTISOL_SIGNALING_PATHWAY,0.0144719365860304,0.0108817132820606,classical Monocyte
Butyricimonas,KEGG_MEDICUS_VARIANT_MUTATION_ACTIVATED_GNAS_TO_CRHR_PKA_ACTH_SIGNALING_PATHWAY,0.00908860144377601,0.109781730885986,classical Monocyte
Butyricimonas,KEGG_MEDICUS_VARIANT_MUTATION_ACTIVATED_KCNJ5_TO_ANGIOTENSIN_ALDOSTERONE_SIGNALING_PATHWAY,-0.0574214719905666,4.90425639166727e-24,classical Monocyte
Butyricimonas,KEGG_MEDICUS_VARIANT_MUTATION_ACTIVATED_KIT_TO_PI3K_SIGNALING_PATHWAY,0.0484744293646059,1.41243267158601e-17,classical Monocyte
Butyricimonas,KEGG_MEDICUS_VARIANT_MUTATION_ACTIVATED_KIT_TO_RAS_ERK_SIGNALING_PATHWAY,0.0937146917991049,2.40425542278953e-61,classical Monocyte
Butyricimonas,KEGG_MEDICUS_VARIANT_MUTATION_ACTIVATED_KRAS_NRAS_TO_ERK_SIGNALING_PATHWAY,0.0595259209276271,1.03521968405245e-25,classical Monocyte
Butyricimonas,KEGG_MEDICUS_VARIANT_MUTATION_ACTIVATED_KRAS_NRAS_TO_PI3K_SIGNALING_PATHWAY,0.0511648560258911,2.09140294174885e-19,classical Monocyte
Butyricimonas,KEGG_MEDICUS_VARIANT_MUTATION_ACTIVATED_LRRK2_TO_INTRINSIC_APOPTOTIC_PATHWAY,0.147598429218647,2.58716058390549e-150,classical Monocyte
Butyricimonas,KEGG_MEDICUS_VARIANT_MUTATION_ACTIVATED_MET_TO_PI3K_SIGNALING_PATHWAY,0.0554951981948441,1.48599884013123e-22,classical Monocyte
Butyricimonas,KEGG_MEDICUS_VARIANT_MUTATION_ACTIVATED_MET_TO_RAS_ERK_SIGNALING_PATHWAY,0.0932295948585132,9.95963949413067e-61,classical Monocyte
Butyricimonas,KEGG_MEDICUS_VARIANT_MUTATION_ACTIVATED_PI3K_TO_PI3K_SIGNALING_PATHWAY,0.0279483634312903,8.7217498323987e-07,classical Monocyte
Butyricimonas,KEGG_MEDICUS_VARIANT_MUTATION_ACTIVATED_PRKACA_TO_ACTH_CORTISOL_SIGNALING_PATHWAY,0.0487954394480082,8.64498977540301e-18,classical Monocyte
Butyricimonas,KEGG_MEDICUS_VARIANT_MUTATION_ACTIVATED_PRKCG_TO_MGLUR1_TRPC3_SIGNALING_PATHWAY,0.0920047827305344,3.486269305067e-59,classical Monocyte
Butyricimonas,KEGG_MEDICUS_VARIANT_MUTATION_ACTIVATED_RET_TO_PI3K_SIGNALING_PATHWAY,0.0556256780927101,1.18370886716042e-22,classical Monocyte
Butyricimonas,KEGG_MEDICUS_VARIANT_MUTATION_ACTIVATED_SMO_TO_HEDGEHOG_SIGNALING_PATHWAY,0.0176308040778582,0.00191967485062712,classical Monocyte
Butyricimonas,KEGG_MEDICUS_VARIANT_MUTATION_ACTIVATED_USP8_TO_EGFR_ERK_ACTH_SIGNALING_PATHWAY,0.0465498308681877,2.50806140887715e-16,classical Monocyte
Butyricimonas,KEGG_MEDICUS_VARIANT_MUTATION_CAUSED_ABBERANT_ATXN2_3_TO_MGLUR5_CA2_APOPTOTIC_PATHWAY,-0.0631696198551426,9.39336508582609e-29,classical Monocyte
Butyricimonas,KEGG_MEDICUS_VARIANT_MUTATION_CAUSED_ABERRANT_ABETA_TO_26S_PROTEASOME_MEDIATED_PROTEIN_DEGRADATION,-0.120488768695037,1.83129202165267e-100,classical Monocyte
Butyricimonas,KEGG_MEDICUS_VARIANT_MUTATION_CAUSED_ABERRANT_ABETA_TO_AGE_RAGE_SIGNALING_PATHWAY,0.0664936879444458,1.09928162319027e-31,classical Monocyte
Butyricimonas,KEGG_MEDICUS_VARIANT_MUTATION_CAUSED_ABERRANT_ABETA_TO_ANTEROGRADE_AXONAL_TRANSPORT,-0.109748345921114,1.41569596234077e-83,classical Monocyte
Butyricimonas,KEGG_MEDICUS_VARIANT_MUTATION_CAUSED_ABERRANT_ABETA_TO_CROSSTALK_BETWEEN_EXTRINSIC_AND_INTRINSIC_APOPTOTIC_PATHWAYS,-0.00101492293913075,0.858270626368603,classical Monocyte
Butyricimonas,KEGG_MEDICUS_VARIANT_MUTATION_CAUSED_ABERRANT_ABETA_TO_ELECTRON_TRANSFER_IN_COMPLEX_I,-0.170820462596667,2.1869117639112e-201,classical Monocyte
Butyricimonas,KEGG_MEDICUS_VARIANT_MUTATION_CAUSED_ABERRANT_ABETA_TO_ELECTRON_TRANSFER_IN_COMPLEX_IV,-0.174957740112874,2.60484816950505e-211,classical Monocyte
Butyricimonas,KEGG_MEDICUS_VARIANT_MUTATION_CAUSED_ABERRANT_ABETA_TO_IRE1A_JNK_SIGNALING_PATHWAY,0.0801383951172823,2.73718243815995e-45,classical Monocyte
Butyricimonas,KEGG_MEDICUS_VARIANT_MUTATION_CAUSED_ABERRANT_ABETA_TO_MACHR_CA2_APOPTOTIC_PATHWAY,-0.0513908668030694,1.45323068740862e-19,classical Monocyte
Butyricimonas,KEGG_MEDICUS_VARIANT_MUTATION_CAUSED_ABERRANT_ABETA_TO_MGLUR5_CA2_APOPTOTIC_PATHWAY,-0.0327847001319084,7.92583517346575e-09,classical Monocyte
Butyricimonas,KEGG_MEDICUS_VARIANT_MUTATION_CAUSED_ABERRANT_ABETA_TO_TRANSPORT_OF_CALCIUM,-0.128002381699358,3.07578713760726e-113,classical Monocyte
Butyricimonas,KEGG_MEDICUS_VARIANT_MUTATION_CAUSED_ABERRANT_ABETA_TO_VGCC_CA2_APOPTOTIC_PATHWAY_N01004,-0.127444702301501,2.90684235010873e-112,classical Monocyte
Butyricimonas,KEGG_MEDICUS_VARIANT_MUTATION_CAUSED_ABERRANT_ABETA_TO_VGCC_CA2_APOPTOTIC_PATHWAY_N01006,-0.135407986795083,1.31205325048116e-126,classical Monocyte
Butyricimonas,KEGG_MEDICUS_VARIANT_MUTATION_CAUSED_ABERRANT_ATXN1_TO_RORA_MEDIATED_TRANSCRIPTION,0.065705614808483,5.61916524981793e-31,classical Monocyte
Butyricimonas,KEGG_MEDICUS_VARIANT_MUTATION_CAUSED_ABERRANT_DCTN1_TO_RETROGRADE_AXONAL_TRANSPORT,-0.129616145559709,4.37050341987624e-116,classical Monocyte
Butyricimonas,KEGG_MEDICUS_VARIANT_MUTATION_CAUSED_ABERRANT_HTT_TO_26S_PROTEASOME_MEDIATED_PROTEIN_DEGRADATION,-0.123767317010329,6.11050080840827e-106,classical Monocyte
Butyricimonas,KEGG_MEDICUS_VARIANT_MUTATION_CAUSED_ABERRANT_HTT_TO_ANTEROGRADE_AXONAL_TRANSPORT,-0.108804531301667,3.61548682794305e-82,classical Monocyte
Butyricimonas,KEGG_MEDICUS_VARIANT_MUTATION_CAUSED_ABERRANT_HTT_TO_AUTOPHAGY_VESICLE_NUCLEATION,0.034029751753465,2.10773617074879e-09,classical Monocyte
Butyricimonas,KEGG_MEDICUS_VARIANT_MUTATION_CAUSED_ABERRANT_HTT_TO_CREB_MEDIATED_TRANSCRIPTION,0.0499301033409379,1.48633138598749e-18,classical Monocyte
Butyricimonas,KEGG_MEDICUS_VARIANT_MUTATION_CAUSED_ABERRANT_HTT_TO_ELECTRON_TRANSFER_IN_COMPLEX_II,-0.0134494993435566,0.017954740932545,classical Monocyte
Butyricimonas,KEGG_MEDICUS_VARIANT_MUTATION_CAUSED_ABERRANT_HTT_TO_ELECTRON_TRANSFER_IN_COMPLEX_III,-0.129040958847851,4.56710016099158e-115,classical Monocyte
Butyricimonas,KEGG_MEDICUS_VARIANT_MUTATION_CAUSED_ABERRANT_HTT_TO_EXTRINSIC_APOPTOTIC_PATHWAY,0.0212658816587897,0.000182444623492753,classical Monocyte
Butyricimonas,KEGG_MEDICUS_VARIANT_MUTATION_CAUSED_ABERRANT_HTT_TO_MGLUR5_CA2_APOPTOTIC_PATHWAY,-0.036521646102793,1.2917635863201e-10,classical Monocyte
Butyricimonas,KEGG_MEDICUS_VARIANT_MUTATION_CAUSED_ABERRANT_HTT_TO_REST_MEDIATED_TRANSCRIPTIONAL_REPRESSION,0.0399065983951692,2.1502658694347e-12,classical Monocyte
Butyricimonas,KEGG_MEDICUS_VARIANT_MUTATION_CAUSED_ABERRANT_HTT_TO_RETROGRADE_AXONAL_TRANSPORT,-0.107999268418964,5.61049112976929e-81,classical Monocyte
Butyricimonas,KEGG_MEDICUS_VARIANT_MUTATION_CAUSED_ABERRANT_HTT_TO_TNF_JNK_SIGNALING_PATHWAY,0.0476727535286827,4.74674778061352e-17,classical Monocyte
Butyricimonas,KEGG_MEDICUS_VARIANT_MUTATION_CAUSED_ABERRANT_HTT_TO_TRANSPORT_OF_CALCIUM,-0.1106950696831,5.33324481659827e-85,classical Monocyte
Butyricimonas,KEGG_MEDICUS_VARIANT_MUTATION_CAUSED_ABERRANT_PSEN1_TO_ANTEROGRADE_AXONAL_TRANSPORT,0.0568565256910563,1.3496746808519e-23,classical Monocyte
Butyricimonas,KEGG_MEDICUS_VARIANT_MUTATION_CAUSED_ABERRANT_PSEN1_TO_MGLUR5_CA2_APOPTOTIC_PATHWAY,-0.105234509488321,5.87564049218209e-77,classical Monocyte
Butyricimonas,KEGG_MEDICUS_VARIANT_MUTATION_CAUSED_ABERRANT_PSEN1_TO_PERK_ATF4_SIGNALING_PATHWAY,0.0164889229665575,0.00371466376600723,classical Monocyte
Butyricimonas,KEGG_MEDICUS_VARIANT_MUTATION_CAUSED_ABERRANT_PSEN_TO_MGLUR5_CA2_APOPTOTIC_PATHWAY,-0.103750241805001,7.64728398385027e-75,classical Monocyte
Butyricimonas,KEGG_MEDICUS_VARIANT_MUTATION_CAUSED_ABERRANT_SNCA_TO_26S_PROTEASOME_MEDIATED_PROTEIN_DEGRADATION,-0.125880510450035,1.49985273820207e-109,classical Monocyte
Butyricimonas,KEGG_MEDICUS_VARIANT_MUTATION_CAUSED_ABERRANT_SNCA_TO_ANTEROGRADE_AXONAL_TRANSPORT,-0.113926922564202,5.91444794790445e-90,classical Monocyte
Butyricimonas,KEGG_MEDICUS_VARIANT_MUTATION_CAUSED_ABERRANT_SNCA_TO_ELECTRON_TRANSFER_IN_COMPLEX_I,-0.177313000489263,4.50480980501115e-217,classical Monocyte
Butyricimonas,KEGG_MEDICUS_VARIANT_MUTATION_CAUSED_ABERRANT_SNCA_TO_PERK_ATF4_SIGNALING_PATHWAY,-0.0204279477004796,0.000324792876137857,classical Monocyte
Butyricimonas,KEGG_MEDICUS_VARIANT_MUTATION_CAUSED_ABERRANT_SNCA_TO_VGCC_CA2_APOPTOTIC_PATHWAY,-0.115094773060067,8.82167835168552e-92,classical Monocyte
Butyricimonas,KEGG_MEDICUS_VARIANT_MUTATION_CAUSED_ABERRANT_SOD1_TO_26S_PROTEASOME_MEDIATED_PROTEIN_DEGRADATION,-0.189418508516148,5.50006671096095e-248,classical Monocyte
Butyricimonas,KEGG_MEDICUS_VARIANT_MUTATION_CAUSED_ABERRANT_SOD1_TO_INTRINSIC_APOPTOTIC_PATHWAY,-0.0114862770475994,0.0432714538632498,classical Monocyte
Butyricimonas,KEGG_MEDICUS_VARIANT_MUTATION_CAUSED_ABERRANT_SOD1_TO_PERK_ATF4_SIGNALING_PATHWAY,-0.0414807748041089,2.84162042869727e-13,classical Monocyte
Butyricimonas,KEGG_MEDICUS_VARIANT_MUTATION_CAUSED_ABERRANT_SOD1_TO_RETROGRADE_AXONAL_TRANSPORT,-0.0190318282465963,0.00081115873450417,classical Monocyte
Butyricimonas,KEGG_MEDICUS_VARIANT_MUTATION_CAUSED_ABERRANT_SPTBN2_TO_MGLUR1_TRPC3_SIGNALING_PATHWAY,0.0920689175413036,2.89746331899355e-59,classical Monocyte
Butyricimonas,KEGG_MEDICUS_VARIANT_MUTATION_CAUSED_ABERRANT_TDP43_TO_ELECTRON_TRANSFER_IN_COMPLEX_I,-0.177047991052051,2.02350578853925e-216,classical Monocyte
Butyricimonas,KEGG_MEDICUS_VARIANT_MUTATION_INACTIVATED_APC_TO_WNT_SIGNALING_PATHWAY,0.0561058580875528,5.10243133534586e-23,classical Monocyte
Butyricimonas,KEGG_MEDICUS_VARIANT_MUTATION_INACTIVATED_ATP1A1_TO_ANGIOTENSIN_ALDOSTERONE_SIGNALING_PATHWAY,-0.0551276734734786,2.81193868233955e-22,classical Monocyte
Butyricimonas,KEGG_MEDICUS_VARIANT_MUTATION_INACTIVATED_ATP2B3_TO_ANGIOTENSIN_ALDOSTERONE_SIGNALING_PATHWAY,-0.0578404293492079,2.30015262419722e-24,classical Monocyte
Butyricimonas,KEGG_MEDICUS_VARIANT_MUTATION_INACTIVATED_ATXN3_TO_AUTOPHAGY_VESICLE_NUCLEATION,0.029556595428986,1.97550901684296e-07,classical Monocyte
Butyricimonas,KEGG_MEDICUS_VARIANT_MUTATION_INACTIVATED_AXIN_TO_WNT_SIGNALING_PATHWAY,0.0559678732465223,6.50302681542614e-23,classical Monocyte
Butyricimonas,KEGG_MEDICUS_VARIANT_MUTATION_INACTIVATED_DJ1_TO_FAS_JNK_SIGNALING_PATWHAY,0.00455577188171917,0.422788147942069,classical Monocyte
Butyricimonas,KEGG_MEDICUS_VARIANT_MUTATION_INACTIVATED_ERBB4_TO_NRG_ERBB4_PI3K_SIGNALING_PATHWAY,0.10658860948628,6.50727553250461e-79,classical Monocyte
Butyricimonas,KEGG_MEDICUS_VARIANT_MUTATION_INACTIVATED_FGF17_TO_RAS_ERK_SIGNALING_PATHWAY,0.0937270356488576,2.31862976330147e-61,classical Monocyte
Butyricimonas,KEGG_MEDICUS_VARIANT_MUTATION_INACTIVATED_OPTN_TO_PINK_PARKIN_MEDIATED_AUTOPHAGOSOME_FORMATION,0.00893057457057859,0.116097101106323,classical Monocyte
Butyricimonas,KEGG_MEDICUS_VARIANT_MUTATION_INACTIVATED_P62_TO_PINK_PARKIN_MEDIATED_AUTOPHAGOSOME_FORMATION,-0.0145601385521732,0.0104072455504094,classical Monocyte
Butyricimonas,KEGG_MEDICUS_VARIANT_MUTATION_INACTIVATED_PDE11A_PDE8B_TO_ACTH_CORTISOL_SIGNALING_PATHWAY,0.0426984702003124,5.6376042995866e-14,classical Monocyte
Butyricimonas,KEGG_MEDICUS_VARIANT_MUTATION_INACTIVATED_PINK1_TO_ELECTRON_TRANSFER_IN_COMPLEX_I,-0.17734825256575,3.6881709821267e-217,classical Monocyte
Butyricimonas,KEGG_MEDICUS_VARIANT_MUTATION_INACTIVATED_PINK1_TO_INTRINSIC_APOPTOTIC_PATHWAY_N01048,0.0347474170037436,9.61555594838082e-10,classical Monocyte
Butyricimonas,KEGG_MEDICUS_VARIANT_MUTATION_INACTIVATED_PINK1_TO_INTRINSIC_APOPTOTIC_PATHWAY_N01050,0.0189413573096793,0.000859038103943583,classical Monocyte
Butyricimonas,KEGG_MEDICUS_VARIANT_MUTATION_INACTIVATED_PRKAR1A_TO_ACTH_CORTISOL_SIGNALING_PATHWAY,0.0427600616830363,5.18847136150428e-14,classical Monocyte
Butyricimonas,KEGG_MEDICUS_VARIANT_MUTATION_INACTIVATED_PRKN_TO_INTRINSIC_APOPTOTIC_PATHWAY,0.0195872395597825,0.000567455552283683,classical Monocyte
Butyricimonas,KEGG_MEDICUS_VARIANT_MUTATION_INACTIVATED_PRKN_TO_MGLUR1_SIGNALING_PATHWAY,0.0723281681444514,3.41670507373111e-37,classical Monocyte
Butyricimonas,KEGG_MEDICUS_VARIANT_MUTATION_INACTIVATED_PROK2_TO_PROK_PRKR_GI_ERK_SIGNALING_PATHWAY,-0.00529350641055859,0.351646461050457,classical Monocyte
Butyricimonas,KEGG_MEDICUS_VARIANT_MUTATION_INACTIVATED_PROKR2_TO_PROK_PRKR_GI_ERK_SIGNALING_PATHWAY,-0.00529350641055859,0.351646461050457,classical Monocyte
Butyricimonas,KEGG_MEDICUS_VARIANT_MUTATION_INACTIVATED_PTCH1_TO_HEDGEHOG_SIGNALING_PATHWAY,0.0176308040778582,0.00191967485062712,classical Monocyte
Butyricimonas,KEGG_MEDICUS_VARIANT_MUTATION_INACTIVATED_RASD1_TO_CRHR_PKA_ACTH_SIGNALING_PATHWAY,0.0140110430435189,0.0136872632149089,classical Monocyte
Butyricimonas,KEGG_MEDICUS_VARIANT_MUTATION_INACTIVATED_RUNX1_TO_TRANSCRIPTION,-0.0159903629650739,0.00489766365866078,classical Monocyte
Butyricimonas,KEGG_MEDICUS_VARIANT_MUTATION_INACTIVATED_SIGMAR1_TO_CA2_APOPTOTIC_PATHWAY,-0.118716783036083,1.4455917737018e-97,classical Monocyte
Butyricimonas,KEGG_MEDICUS_VARIANT_MUTATION_INACTIVATED_TP53_TO_TRANSCRIPTION,-0.0195855169657149,0.000568092634761365,classical Monocyte
Butyricimonas,KEGG_MEDICUS_VARIANT_MUTATION_INACTIVATED_UBQLN2_TO_26S_PROTEASOME_MEDIATED_PROTEIN_DEGRADATION,-0.184623054962444,1.76621821733351e-235,classical Monocyte
Butyricimonas,KEGG_MEDICUS_VARIANT_MUTATION_INACTIVATED_VCP_TO_26S_PROTEASOME_MEDIATED_PROTEIN_DEGRADATION,-0.184683723273895,1.23299746248085e-235,classical Monocyte
Butyricimonas,KEGG_MEDICUS_VARIANT_NOTCH_OVEREXPRESSION_TO_NOTCH_SIGNALING_PATHWAY,0.0377287463967609,3.12096127609607e-11,classical Monocyte
Butyricimonas,KEGG_MEDICUS_VARIANT_OLIGOMERIC_CONFORMATION_PRPC_TO_ANTEROGRADE_AXONAL_TRANSPORT,0.0357903915359436,2.98901484532418e-10,classical Monocyte
Butyricimonas,KEGG_MEDICUS_VARIANT_PAX8_PPARG_FUSION_TO_PPARG_MEDIATED_TRANSCRIPTION,0.0210675797531414,0.000209515542600257,classical Monocyte
Butyricimonas,KEGG_MEDICUS_VARIANT_RET_FUSION_KINASE_TO_RAS_ERK_SIGNALING_PATHWAY,0.0601818303464741,3.0242063449607e-26,classical Monocyte
Butyricimonas,KEGG_MEDICUS_VARIANT_SCRAPIE_CONFORMATION_PRPSC_TO_26S_PROTEASOME_MEDIATED_PROTEIN_DEGRADATION,-0.116864777005974,1.38420507278025e-94,classical Monocyte
Butyricimonas,KEGG_MEDICUS_VARIANT_SCRAPIE_CONFORMATION_PRPSC_TO_MGLUR5_CA2_APOPTOTIC_PATHWAY,-0.0809086257845644,3.92505750879379e-46,classical Monocyte
Butyricimonas,KEGG_MEDICUS_VARIANT_SCRAPIE_CONFORMATION_PRPSC_TO_PERK_ATF4_SIGNALING_PATHWAY,0.000937015811959005,0.869047700577481,classical Monocyte
Butyricimonas,KEGG_MEDICUS_VARIANT_SCRAPIE_CONFORMATION_PRPSC_TO_TRANSPORT_OF_CALCIUM,-0.101478557793554,1.14981268160137e-71,classical Monocyte
Butyricimonas,KEGG_MEDICUS_VARIANT_SCRAPIE_CONFORMATION_PRPSC_TO_VGCC_CA2_APOPTOTIC_PATHWAY,0.0494213690673314,3.28913172994726e-18,classical Monocyte
Butyricimonas,KEGG_MEDICUS_VARIANT_TEL_AML1_FUSION_TO_TRANSCRIPTIONAL_REPRESSION,0.0266421512441652,2.7517988773519e-06,classical Monocyte
Butyricimonas,KEGG_MEDICUS_VARIANT_TGFA_OVEREXPRESSION_TO_PI3K_SIGNALING_PATHWAY,0.0527470359422967,1.58220825856232e-20,classical Monocyte
Butyricimonas,KEGG_MEDICUS_VARIANT_TMPRSS2_ERG_FUSION_TO_TRANSCRIPTIONAL_ACTIVATION,-0.00572616120755131,0.313681152352243,classical Monocyte
Butyricimonas,KEGG_MEDICUS_VARIANT_TRK_FUSION_KINASE_TO_RAS_ERK_SIGNALING_PATHWAY,0.0603045316706802,2.39879543735041e-26,classical Monocyte
Desulfovibrio,KEGG_ABC_TRANSPORTERS,-0.0410103192929351,5.24430129625193e-13,classical Monocyte
Desulfovibrio,KEGG_ACUTE_MYELOID_LEUKEMIA,0.0321758641215773,1.48906800068712e-08,classical Monocyte
Desulfovibrio,KEGG_ADHERENS_JUNCTION,0.0561490156029299,4.72909396304025e-23,classical Monocyte
Desulfovibrio,KEGG_ADIPOCYTOKINE_SIGNALING_PATHWAY,0.0454649804332579,1.20721145174935e-15,classical Monocyte
Desulfovibrio,KEGG_ALANINE_ASPARTATE_AND_GLUTAMATE_METABOLISM,-0.00684733493433708,0.228278743280756,classical Monocyte
Desulfovibrio,KEGG_ALDOSTERONE_REGULATED_SODIUM_REABSORPTION,0.0426855138028159,5.73683999843333e-14,classical Monocyte
Desulfovibrio,KEGG_ALLOGRAFT_REJECTION,-0.0294081103722121,2.27320374614613e-07,classical Monocyte
Desulfovibrio,KEGG_ALPHA_LINOLENIC_ACID_METABOLISM,0.00502909324763154,0.376223542965268,classical Monocyte
Desulfovibrio,KEGG_ALZHEIMERS_DISEASE,-0.0484271835893647,1.51785531471642e-17,classical Monocyte
Desulfovibrio,KEGG_AMINOACYL_TRNA_BIOSYNTHESIS,-0.0542741163051949,1.21701124895051e-21,classical Monocyte
Desulfovibrio,KEGG_AMINO_SUGAR_AND_NUCLEOTIDE_SUGAR_METABOLISM,-0.0294440904448715,2.19732086590975e-07,classical Monocyte
Desulfovibrio,KEGG_AMYOTROPHIC_LATERAL_SCLEROSIS_ALS,0.0137665360605876,0.0154208890127321,classical Monocyte
Desulfovibrio,KEGG_ANTIGEN_PROCESSING_AND_PRESENTATION,-0.0334435664139265,3.95531912049174e-09,classical Monocyte
Desulfovibrio,KEGG_APOPTOSIS,0.0278361538973781,9.64589884325009e-07,classical Monocyte
Desulfovibrio,KEGG_ARACHIDONIC_ACID_METABOLISM,0.0335582766954452,3.49979606380411e-09,classical Monocyte
Desulfovibrio,KEGG_ARGININE_AND_PROLINE_METABOLISM,-0.0204916804370052,0.000311078388990884,classical Monocyte
Desulfovibrio,KEGG_ARRHYTHMOGENIC_RIGHT_VENTRICULAR_CARDIOMYOPATHY_ARVC,0.0592955486393673,1.58986210807126e-25,classical Monocyte
Desulfovibrio,KEGG_ASCORBATE_AND_ALDARATE_METABOLISM,-0.0073541224435211,0.195673235063372,classical Monocyte
Desulfovibrio,KEGG_ASTHMA,-0.0434899512842793,1.92275639874638e-14,classical Monocyte
Desulfovibrio,KEGG_AUTOIMMUNE_THYROID_DISEASE,-0.0286281439931476,4.70022567498652e-07,classical Monocyte
Desulfovibrio,KEGG_AXON_GUIDANCE,0.0616377767118319,1.8776402480564e-27,classical Monocyte
Desulfovibrio,KEGG_BASAL_CELL_CARCINOMA,0.0115871275902154,0.0414673218749764,classical Monocyte
Desulfovibrio,KEGG_BASAL_TRANSCRIPTION_FACTORS,-0.03579352558988,2.97839028950464e-10,classical Monocyte
Desulfovibrio,KEGG_BASE_EXCISION_REPAIR,-0.0302301510305463,1.0364226471461e-07,classical Monocyte
Desulfovibrio,KEGG_BETA_ALANINE_METABOLISM,0.0700538307197237,5.43710409734964e-35,classical Monocyte
Desulfovibrio,KEGG_BIOSYNTHESIS_OF_UNSATURATED_FATTY_ACIDS,-0.000753021858370663,0.894593233615153,classical Monocyte
Desulfovibrio,KEGG_BLADDER_CANCER,0.0284520447056662,5.52393695993956e-07,classical Monocyte
Desulfovibrio,KEGG_BUTANOATE_METABOLISM,-0.0154022118495266,0.00672458539026939,classical Monocyte
Desulfovibrio,KEGG_B_CELL_RECEPTOR_SIGNALING_PATHWAY,0.0939628114041976,1.15880092046045e-61,classical Monocyte
Desulfovibrio,KEGG_CALCIUM_SIGNALING_PATHWAY,0.0693521520659568,2.51473706242929e-34,classical Monocyte
Desulfovibrio,KEGG_CARDIAC_MUSCLE_CONTRACTION,-0.0272231423255377,1.66111647046653e-06,classical Monocyte
Desulfovibrio,KEGG_CELL_ADHESION_MOLECULES_CAMS,0.035598561273807,3.71482012622689e-10,classical Monocyte
Desulfovibrio,KEGG_CELL_CYCLE,-0.0178353220677776,0.00169884791469858,classical Monocyte
Desulfovibrio,KEGG_CHEMOKINE_SIGNALING_PATHWAY,0.0724480084644462,2.6040203184779e-37,classical Monocyte
Desulfovibrio,KEGG_CHRONIC_MYELOID_LEUKEMIA,0.0444858275037038,4.83349141094553e-15,classical Monocyte
Desulfovibrio,KEGG_CIRCADIAN_RHYTHM_MAMMAL,0.00152049542341686,0.789059775108167,classical Monocyte
Desulfovibrio,KEGG_CITRATE_CYCLE_TCA_CYCLE,-0.065043085818912,2.18201545581157e-30,classical Monocyte
Desulfovibrio,KEGG_COLORECTAL_CANCER,0.0452797085920695,1.57312224250248e-15,classical Monocyte
Desulfovibrio,KEGG_COMPLEMENT_AND_COAGULATION_CASCADES,-0.0160391933721438,0.00476832214406084,classical Monocyte
Desulfovibrio,KEGG_CYSTEINE_AND_METHIONINE_METABOLISM,-0.0361266831977893,2.03633400586722e-10,classical Monocyte
Desulfovibrio,KEGG_CYTOKINE_CYTOKINE_RECEPTOR_INTERACTION,-0.020506911678126,0.000307882061744192,classical Monocyte
Desulfovibrio,KEGG_CYTOSOLIC_DNA_SENSING_PATHWAY,-0.0356054028618655,3.68620121724494e-10,classical Monocyte
Desulfovibrio,KEGG_DILATED_CARDIOMYOPATHY,0.0517909712534961,7.59920027761826e-20,classical Monocyte
Desulfovibrio,KEGG_DNA_REPLICATION,-0.0506678128987341,4.63160151430903e-19,classical Monocyte
Desulfovibrio,KEGG_DORSO_VENTRAL_AXIS_FORMATION,0.0672230400392757,2.38701552357368e-32,classical Monocyte
Desulfovibrio,KEGG_DRUG_METABOLISM_CYTOCHROME_P450,-0.0247871060868175,1.28897546354332e-05,classical Monocyte
Desulfovibrio,KEGG_DRUG_METABOLISM_OTHER_ENZYMES,0.036903042289666,8.28610715151055e-11,classical Monocyte
Desulfovibrio,KEGG_ECM_RECEPTOR_INTERACTION,0.0691645381196998,3.77747868574912e-34,classical Monocyte
Desulfovibrio,KEGG_ENDOCYTOSIS,0.0346919674256284,1.02223578952424e-09,classical Monocyte
Desulfovibrio,KEGG_ENDOMETRIAL_CANCER,0.0554894467541511,1.50095288279001e-22,classical Monocyte
Desulfovibrio,KEGG_EPITHELIAL_CELL_SIGNALING_IN_HELICOBACTER_PYLORI_INFECTION,0.022385712713481,8.17312945577983e-05,classical Monocyte
Desulfovibrio,KEGG_ERBB_SIGNALING_PATHWAY,0.0630600595386692,1.16656243017949e-28,classical Monocyte
Desulfovibrio,KEGG_ETHER_LIPID_METABOLISM,0.0127606466178472,0.0247469095248355,classical Monocyte
Desulfovibrio,KEGG_FATTY_ACID_METABOLISM,-0.00848017663627213,0.135668671208129,classical Monocyte
Desulfovibrio,KEGG_FC_EPSILON_RI_SIGNALING_PATHWAY,0.073164105716323,5.08978440517314e-38,classical Monocyte
Desulfovibrio,KEGG_FC_GAMMA_R_MEDIATED_PHAGOCYTOSIS,0.0381598279491745,1.8591352356645e-11,classical Monocyte
Desulfovibrio,KEGG_FOCAL_ADHESION,0.0758310227905659,1.01184182442733e-40,classical Monocyte
Desulfovibrio,KEGG_FOLATE_BIOSYNTHESIS,-0.0128155375891456,0.024133957529533,classical Monocyte
Desulfovibrio,KEGG_FRUCTOSE_AND_MANNOSE_METABOLISM,-0.0229337797287074,5.44314784449934e-05,classical Monocyte
Desulfovibrio,KEGG_GALACTOSE_METABOLISM,-0.0247081383174782,1.37342327120743e-05,classical Monocyte
Desulfovibrio,KEGG_GAP_JUNCTION,0.0595316750108776,1.02416379886245e-25,classical Monocyte
Desulfovibrio,KEGG_GLIOMA,0.0442311333667076,6.90051258568429e-15,classical Monocyte
Desulfovibrio,KEGG_GLUTATHIONE_METABOLISM,-0.01773414652291,0.0018049932526069,classical Monocyte
Desulfovibrio,KEGG_GLYCEROLIPID_METABOLISM,-0.0140748299915718,0.0132643101018767,classical Monocyte
Desulfovibrio,KEGG_GLYCEROPHOSPHOLIPID_METABOLISM,0.0104893279593592,0.0649429064180352,classical Monocyte
Desulfovibrio,KEGG_GLYCINE_SERINE_AND_THREONINE_METABOLISM,-0.0294955610091759,2.09300892167863e-07,classical Monocyte
Desulfovibrio,KEGG_GLYCOLYSIS_GLUCONEOGENESIS,-0.0227757534868703,6.12558669844465e-05,classical Monocyte
Desulfovibrio,KEGG_GLYCOSAMINOGLYCAN_BIOSYNTHESIS_CHONDROITIN_SULFATE,0.0366845271987617,1.06921774810958e-10,classical Monocyte
Desulfovibrio,KEGG_GLYCOSAMINOGLYCAN_BIOSYNTHESIS_HEPARAN_SULFATE,0.011015896751354,0.0525855482893732,classical Monocyte
Desulfovibrio,KEGG_GLYCOSAMINOGLYCAN_BIOSYNTHESIS_KERATAN_SULFATE,-0.00484485357433429,0.3939597567578,classical Monocyte
Desulfovibrio,KEGG_GLYCOSAMINOGLYCAN_DEGRADATION,-0.0140921582619343,0.0131514254214563,classical Monocyte
Desulfovibrio,KEGG_GLYCOSPHINGOLIPID_BIOSYNTHESIS_GANGLIO_SERIES,0.000642328916160146,0.910016314493036,classical Monocyte
Desulfovibrio,KEGG_GLYCOSPHINGOLIPID_BIOSYNTHESIS_GLOBO_SERIES,-0.00515297773799616,0.36457928022132,classical Monocyte
Desulfovibrio,KEGG_GLYCOSPHINGOLIPID_BIOSYNTHESIS_LACTO_AND_NEOLACTO_SERIES,-0.0144878199757253,0.010794877673752,classical Monocyte
Desulfovibrio,KEGG_GLYCOSYLPHOSPHATIDYLINOSITOL_GPI_ANCHOR_BIOSYNTHESIS,-0.0232713290853059,4.21892727742839e-05,classical Monocyte
Desulfovibrio,KEGG_GLYOXYLATE_AND_DICARBOXYLATE_METABOLISM,-0.0426420411357344,6.0825182277994e-14,classical Monocyte
Desulfovibrio,KEGG_GNRH_SIGNALING_PATHWAY,0.095314343169449,2.10162942103672e-63,classical Monocyte
Desulfovibrio,KEGG_GRAFT_VERSUS_HOST_DISEASE,-0.0294314082284784,2.22378435373053e-07,classical Monocyte
Desulfovibrio,KEGG_HEDGEHOG_SIGNALING_PATHWAY,0.0137193478712786,0.0157768749325739,classical Monocyte
Desulfovibrio,KEGG_HEMATOPOIETIC_CELL_LINEAGE,0.0413968833413625,3.17129161998406e-13,classical Monocyte
Desulfovibrio,KEGG_HISTIDINE_METABOLISM,-0.013240583858738,0.0198174372613084,classical Monocyte
Desulfovibrio,KEGG_HOMOLOGOUS_RECOMBINATION,-0.0321477473012491,1.53265552969234e-08,classical Monocyte
Desulfovibrio,KEGG_HUNTINGTONS_DISEASE,-0.0442824119325037,6.42422153079975e-15,classical Monocyte
Desulfovibrio,KEGG_HYPERTROPHIC_CARDIOMYOPATHY_HCM,0.0428635518716125,4.51173354433789e-14,classical Monocyte
Desulfovibrio,KEGG_INOSITOL_PHOSPHATE_METABOLISM,0.0517155972474418,8.58964202225133e-20,classical Monocyte
Desulfovibrio,KEGG_INSULIN_SIGNALING_PATHWAY,0.023500415762892,3.54220047705327e-05,classical Monocyte
Desulfovibrio,KEGG_INTESTINAL_IMMUNE_NETWORK_FOR_IGA_PRODUCTION,-0.033396591853342,4.15807407694478e-09,classical Monocyte
Desulfovibrio,KEGG_JAK_STAT_SIGNALING_PATHWAY,0.0595327212227552,1.02216621942711e-25,classical Monocyte
Desulfovibrio,KEGG_LEISHMANIA_INFECTION,0.00202535890319651,0.721568865189336,classical Monocyte
Desulfovibrio,KEGG_LEUKOCYTE_TRANSENDOTHELIAL_MIGRATION,0.0894950984802123,4.38465143066911e-56,classical Monocyte
Desulfovibrio,KEGG_LIMONENE_AND_PINENE_DEGRADATION,-0.0004138911486618,0.941945961219573,classical Monocyte
Desulfovibrio,KEGG_LINOLEIC_ACID_METABOLISM,-0.0110743623996551,0.0513435850683827,classical Monocyte
Desulfovibrio,KEGG_LONG_TERM_DEPRESSION,0.0840581103804643,1.14988074202641e-49,classical Monocyte
Desulfovibrio,KEGG_LONG_TERM_POTENTIATION,0.069109210564177,4.25816751828525e-34,classical Monocyte
Desulfovibrio,KEGG_LYSINE_DEGRADATION,0.0243176352772384,1.87458927805697e-05,classical Monocyte
Desulfovibrio,KEGG_LYSOSOME,0.00383757109024927,0.499533344775593,classical Monocyte
Desulfovibrio,KEGG_MAPK_SIGNALING_PATHWAY,0.0990994813864711,2.04858034024759e-68,classical Monocyte
Desulfovibrio,KEGG_MELANOGENESIS,0.0591072395489847,2.254936487543e-25,classical Monocyte
Desulfovibrio,KEGG_MELANOMA,0.0404279144314831,1.10933739105528e-12,classical Monocyte
Desulfovibrio,KEGG_METABOLISM_OF_XENOBIOTICS_BY_CYTOCHROME_P450,-0.0173282203443981,0.00229502027774564,classical Monocyte
Desulfovibrio,KEGG_MISMATCH_REPAIR,-0.0250050857369743,1.08081533646671e-05,classical Monocyte
Desulfovibrio,KEGG_MTOR_SIGNALING_PATHWAY,0.0637484682559071,2.97190266325144e-29,classical Monocyte
Desulfovibrio,KEGG_NATURAL_KILLER_CELL_MEDIATED_CYTOTOXICITY,0.0284514319472991,5.52703269080733e-07,classical Monocyte
Desulfovibrio,KEGG_NEUROACTIVE_LIGAND_RECEPTOR_INTERACTION,-0.0477707604561699,4.09731879451408e-17,classical Monocyte
Desulfovibrio,KEGG_NEUROTROPHIN_SIGNALING_PATHWAY,0.0810556360395982,2.70357999039753e-46,classical Monocyte
Desulfovibrio,KEGG_NICOTINATE_AND_NICOTINAMIDE_METABOLISM,0.012313134992107,0.0302667687466333,classical Monocyte
Desulfovibrio,KEGG_NITROGEN_METABOLISM,0.00778124991462243,0.170957453498179,classical Monocyte
Desulfovibrio,KEGG_NOD_LIKE_RECEPTOR_SIGNALING_PATHWAY,0.0239448414921029,2.5121470972535e-05,classical Monocyte
Desulfovibrio,KEGG_NON_HOMOLOGOUS_END_JOINING,-0.00134652046123663,0.812718267668331,classical Monocyte
Desulfovibrio,KEGG_NON_SMALL_CELL_LUNG_CANCER,0.0541294089156431,1.55667368016992e-21,classical Monocyte
Desulfovibrio,KEGG_NOTCH_SIGNALING_PATHWAY,0.0242891190819204,1.91732048048484e-05,classical Monocyte
Desulfovibrio,KEGG_NUCLEOTIDE_EXCISION_REPAIR,-0.0473873682482341,7.27318229519918e-17,classical Monocyte
Desulfovibrio,KEGG_N_GLYCAN_BIOSYNTHESIS,-0.0307543019455634,6.21480323374377e-08,classical Monocyte
Desulfovibrio,KEGG_ONE_CARBON_POOL_BY_FOLATE,-0.0304100143540574,8.70412185191222e-08,classical Monocyte
Desulfovibrio,KEGG_OOCYTE_MEIOSIS,-0.0247661791941626,1.3108590071674e-05,classical Monocyte
Desulfovibrio,KEGG_OTHER_GLYCAN_DEGRADATION,0.00392627358985775,0.489671381952075,classical Monocyte
Desulfovibrio,KEGG_OXIDATIVE_PHOSPHORYLATION,-0.0481910377518736,2.17290740924479e-17,classical Monocyte
Desulfovibrio,KEGG_O_GLYCAN_BIOSYNTHESIS,-0.00287503627447127,0.61295179305003,classical Monocyte
Desulfovibrio,KEGG_P53_SIGNALING_PATHWAY,0.00197094959261277,0.728749493242081,classical Monocyte
Desulfovibrio,KEGG_PANCREATIC_CANCER,0.0213036048645045,0.000177682296980357,classical Monocyte
Desulfovibrio,KEGG_PANTOTHENATE_AND_COA_BIOSYNTHESIS,0.0606633440298645,1.21504806299655e-26,classical Monocyte
Desulfovibrio,KEGG_PARKINSONS_DISEASE,-0.0425313367413835,7.05795571367137e-14,classical Monocyte
Desulfovibrio,KEGG_PATHOGENIC_ESCHERICHIA_COLI_INFECTION,0.0109930822960681,0.0530769515767889,classical Monocyte
Desulfovibrio,KEGG_PATHWAYS_IN_CANCER,0.0788213070268025,7.25872017540548e-44,classical Monocyte
Desulfovibrio,KEGG_PENTOSE_AND_GLUCURONATE_INTERCONVERSIONS,-0.0368172901379932,9.15954822894394e-11,classical Monocyte
Desulfovibrio,KEGG_PENTOSE_PHOSPHATE_PATHWAY,0.011341562947335,0.0459758106500151,classical Monocyte
Desulfovibrio,KEGG_PEROXISOME,-0.0390797549336637,6.03922080868098e-12,classical Monocyte
Desulfovibrio,KEGG_PHENYLALANINE_METABOLISM,-0.0473337000487295,7.87870602321569e-17,classical Monocyte
Desulfovibrio,KEGG_PHOSPHATIDYLINOSITOL_SIGNALING_SYSTEM,0.0497565758049404,1.95061451807496e-18,classical Monocyte
Desulfovibrio,KEGG_PORPHYRIN_AND_CHLOROPHYLL_METABOLISM,-0.0421343819994851,1.19938925144212e-13,classical Monocyte
Desulfovibrio,KEGG_PPAR_SIGNALING_PATHWAY,0.00807981535306344,0.155122377049797,classical Monocyte
Desulfovibrio,KEGG_PRIMARY_BILE_ACID_BIOSYNTHESIS,-0.0130610680652038,0.0215506042167875,classical Monocyte
Desulfovibrio,KEGG_PRIMARY_IMMUNODEFICIENCY,-0.00922414192473242,0.104584092347487,classical Monocyte
Desulfovibrio,KEGG_PRION_DISEASES,-0.0105266914421466,0.0639934356454525,classical Monocyte
Desulfovibrio,KEGG_PROGESTERONE_MEDIATED_OOCYTE_MATURATION,0.0442428839681936,6.78838995796636e-15,classical Monocyte
Desulfovibrio,KEGG_PROPANOATE_METABOLISM,-0.0143857782014723,0.011363651200877,classical Monocyte
Desulfovibrio,KEGG_PROSTATE_CANCER,0.0932963533990373,8.19386067159092e-61,classical Monocyte
Desulfovibrio,KEGG_PROTEASOME,-0.129178524317654,2.60812536020958e-115,classical Monocyte
Desulfovibrio,KEGG_PROTEIN_EXPORT,-0.0477487342038884,4.23517273261185e-17,classical Monocyte
Desulfovibrio,KEGG_PROXIMAL_TUBULE_BICARBONATE_RECLAMATION,-0.0291294862599774,2.95289451166543e-07,classical Monocyte
Desulfovibrio,KEGG_PURINE_METABOLISM,-0.0590025991605913,2.73694932770216e-25,classical Monocyte
Desulfovibrio,KEGG_PYRIMIDINE_METABOLISM,-0.0332007944366353,5.11768061529364e-09,classical Monocyte
Desulfovibrio,KEGG_PYRUVATE_METABOLISM,-0.0385678263691308,1.13269823139608e-11,classical Monocyte
Desulfovibrio,KEGG_REGULATION_OF_ACTIN_CYTOSKELETON,0.0583161111610475,9.67289688117133e-25,classical Monocyte
Desulfovibrio,KEGG_REGULATION_OF_AUTOPHAGY,-0.00700506800653076,0.217740424547528,classical Monocyte
Desulfovibrio,KEGG_RENAL_CELL_CARCINOMA,0.0586384801496349,5.35641922578259e-25,classical Monocyte
Desulfovibrio,KEGG_RENIN_ANGIOTENSIN_SYSTEM,-0.00624468363286552,0.271870788450892,classical Monocyte
Desulfovibrio,KEGG_RETINOL_METABOLISM,-0.0281934540098036,6.99032535470767e-07,classical Monocyte
Desulfovibrio,KEGG_RIBOFLAVIN_METABOLISM,-0.0290539058256105,3.16877356738365e-07,classical Monocyte
Desulfovibrio,KEGG_RIBOSOME,0.117185325002698,4.25255930595203e-95,classical Monocyte
Desulfovibrio,KEGG_RIG_I_LIKE_RECEPTOR_SIGNALING_PATHWAY,0.00695599946832749,0.220980582318055,classical Monocyte
Desulfovibrio,KEGG_RNA_DEGRADATION,-0.0125915828477437,0.0267202583067188,classical Monocyte
Desulfovibrio,KEGG_RNA_POLYMERASE,-0.0592546127578617,1.71551261933434e-25,classical Monocyte
Desulfovibrio,KEGG_SELENOAMINO_ACID_METABOLISM,-0.0151789756109903,0.00756484456660186,classical Monocyte
Desulfovibrio,KEGG_SMALL_CELL_LUNG_CANCER,0.0402302696698826,1.42711797414613e-12,classical Monocyte
Desulfovibrio,KEGG_SNARE_INTERACTIONS_IN_VESICULAR_TRANSPORT,-0.0267365119151483,2.53694644368898e-06,classical Monocyte
Desulfovibrio,KEGG_SPHINGOLIPID_METABOLISM,0.0168597247482172,0.00301030099193427,classical Monocyte
Desulfovibrio,KEGG_SPLICEOSOME,-0.0380037846355023,2.244050158188e-11,classical Monocyte
Desulfovibrio,KEGG_STARCH_AND_SUCROSE_METABOLISM,-0.0105531700215028,0.0633275325715675,classical Monocyte
Desulfovibrio,KEGG_STEROID_BIOSYNTHESIS,-0.017406411385886,0.00219207012759953,classical Monocyte
Desulfovibrio,KEGG_STEROID_HORMONE_BIOSYNTHESIS,-0.00431912123675572,0.447282008348013,classical Monocyte
Desulfovibrio,KEGG_SULFUR_METABOLISM,0.0306679907538494,6.76471102399275e-08,classical Monocyte
Desulfovibrio,KEGG_SYSTEMIC_LUPUS_ERYTHEMATOSUS,-0.0589128203389044,3.23096857626634e-25,classical Monocyte
Desulfovibrio,KEGG_TASTE_TRANSDUCTION,0.0396367081116926,3.0191185054973e-12,classical Monocyte
Desulfovibrio,KEGG_TAURINE_AND_HYPOTAURINE_METABOLISM,-0.0142977098118261,0.0118757641049988,classical Monocyte
Desulfovibrio,KEGG_TERPENOID_BACKBONE_BIOSYNTHESIS,-0.0284593049599847,5.48738426695524e-07,classical Monocyte
Desulfovibrio,KEGG_TGF_BETA_SIGNALING_PATHWAY,0.0096813693104299,0.0884783655422399,classical Monocyte
Desulfovibrio,KEGG_THYROID_CANCER,0.0543003883625405,1.16373978558057e-21,classical Monocyte
Desulfovibrio,KEGG_TIGHT_JUNCTION,0.0323319763330212,1.26810611720841e-08,classical Monocyte
Desulfovibrio,KEGG_TOLL_LIKE_RECEPTOR_SIGNALING_PATHWAY,0.0198243096331289,0.000485855927355296,classical Monocyte
Desulfovibrio,KEGG_TRYPTOPHAN_METABOLISM,0.019872929016374,0.000470534748228627,classical Monocyte
Desulfovibrio,KEGG_TYPE_II_DIABETES_MELLITUS,0.0349132956709624,8.00253641931905e-10,classical Monocyte
Desulfovibrio,KEGG_TYPE_I_DIABETES_MELLITUS,-0.0289445113099618,3.50842297744916e-07,classical Monocyte
Desulfovibrio,KEGG_TYROSINE_METABOLISM,-0.0475981578869748,5.30815220748222e-17,classical Monocyte
Desulfovibrio,KEGG_T_CELL_RECEPTOR_SIGNALING_PATHWAY,0.0926795584690317,4.9456582534104e-60,classical Monocyte
Desulfovibrio,KEGG_UBIQUITIN_MEDIATED_PROTEOLYSIS,0.0067240858303759,0.236762330217244,classical Monocyte
Desulfovibrio,KEGG_VALINE_LEUCINE_AND_ISOLEUCINE_BIOSYNTHESIS,-0.0278462286223884,9.55921640359505e-07,classical Monocyte
Desulfovibrio,KEGG_VALINE_LEUCINE_AND_ISOLEUCINE_DEGRADATION,-0.0224122046094174,8.01574155079432e-05,classical Monocyte
Desulfovibrio,KEGG_VASCULAR_SMOOTH_MUSCLE_CONTRACTION,0.0617502155414813,1.51081017095454e-27,classical Monocyte
Desulfovibrio,KEGG_VASOPRESSIN_REGULATED_WATER_REABSORPTION,-0.0226481252310961,6.73509240499633e-05,classical Monocyte
Desulfovibrio,KEGG_VEGF_SIGNALING_PATHWAY,0.0492847450415465,4.06568968804625e-18,classical Monocyte
Desulfovibrio,KEGG_VIBRIO_CHOLERAE_INFECTION,0.000404979255615787,0.943193841847428,classical Monocyte
Desulfovibrio,KEGG_VIRAL_MYOCARDITIS,-0.00560018970526343,0.324445966050276,classical Monocyte
Desulfovibrio,KEGG_WNT_SIGNALING_PATHWAY,0.0537910570708924,2.76095227737508e-21,classical Monocyte
Desulfovibrio,KEGG_MEDICUS_ENV_FACTOR_ARSENIC_TO_ELECTRON_TRANSFER_IN_COMPLEX_IV,-0.0247835573360735,1.29266173586181e-05,classical Monocyte
Desulfovibrio,KEGG_MEDICUS_ENV_FACTOR_BENZO_A_PYRENRE_TO_CYP_MEDIATED_METABOLISM,0.0042876072694798,0.450603576432656,classical Monocyte
Desulfovibrio,KEGG_MEDICUS_ENV_FACTOR_DCE_TO_DNA_ADDUCTS,-0.0150688837764266,0.0080129226425629,classical Monocyte
Desulfovibrio,KEGG_MEDICUS_ENV_FACTOR_E2_TO_NUCLEAR_INITIATED_ESTROGEN_SIGNALING_PATHWAY,-0.0106589305609569,0.0607246488048688,classical Monocyte
Desulfovibrio,KEGG_MEDICUS_ENV_FACTOR_E2_TO_RAS_ERK_SIGNALING_PATHWAY,0.0557022941306643,1.03547538494848e-22,classical Monocyte
Desulfovibrio,KEGG_MEDICUS_ENV_FACTOR_IRON_TO_ANTEROGRADE_AXONAL_TRANSPORT,-0.064153001480887,1.32150130117601e-29,classical Monocyte
Desulfovibrio,KEGG_MEDICUS_ENV_FACTOR_METALS_TO_JNK_SIGNALING_PATHWAY,0.0696690685826401,1.26157265923409e-34,classical Monocyte
Desulfovibrio,KEGG_MEDICUS_ENV_FACTOR_METALS_TO_KEAP1_NRF2_SIGNALIG_PATHWAY,-0.0189666706219421,0.000845384182514117,classical Monocyte
Desulfovibrio,KEGG_MEDICUS_ENV_FACTOR_METALS_TO_NFKB_SIGNALING_PATHWAY,0.0302672404097008,9.99858326276953e-08,classical Monocyte
Desulfovibrio,KEGG_MEDICUS_ENV_FACTOR_METALS_TO_RAS_ERK_SIGNALING_PATHWAY,0.0568388327131795,1.39292876185919e-23,classical Monocyte
Desulfovibrio,KEGG_MEDICUS_ENV_FACTOR_NICOTINE_NNK_TO_PI3K_SIGNALING_PATHWAY,0.00928381021949146,0.102358799607121,classical Monocyte
Desulfovibrio,KEGG_MEDICUS_ENV_FACTOR_NICOTINE_TO_JAK_STAT_SIGNALING_PATHWAY,0.0436565984187985,1.52932032481589e-14,classical Monocyte
Desulfovibrio,KEGG_MEDICUS_ENV_FACTOR_NNK_NNN_TO_CHRNA7_E2F_SIGNALING_PATHWAY,0.020455018847034,0.000318899781062789,classical Monocyte
Desulfovibrio,KEGG_MEDICUS_ENV_FACTOR_NNK_NNN_TO_PI3K_SIGNALING_PATHWAY_N01339,0.0280539371464275,7.93051593701314e-07,classical Monocyte
Desulfovibrio,KEGG_MEDICUS_ENV_FACTOR_NNK_NNN_TO_PI3K_SIGNALING_PATHWAY_N01350,0.0460872288289271,4.92342020216954e-16,classical Monocyte
Desulfovibrio,KEGG_MEDICUS_ENV_FACTOR_NNK_NNN_TO_RAS_ERK_SIGNALING_PATHWAY,0.0555924922062284,1.25426234493871e-22,classical Monocyte
Desulfovibrio,KEGG_MEDICUS_ENV_FACTOR_PARAQUAT_TO_FAS_JNK_SIGNALING_PATHWAY,0.00549273187371507,0.333816561702031,classical Monocyte
Desulfovibrio,KEGG_MEDICUS_ENV_FACTOR_PHIP_TO_DNA_ADDUCTS,0.00845098441666045,0.137020198940608,classical Monocyte
Desulfovibrio,KEGG_MEDICUS_ENV_FACTOR_TCDD_TO_AHR_SIGNALING_PATHWAY,-0.000629399154571798,0.91182017308366,classical Monocyte
Desulfovibrio,KEGG_MEDICUS_ENV_FACTOR_ZN_TO_ANTEROGRADE_AXONAL_TRANSPORT,-0.0520243555561721,5.19441857010283e-20,classical Monocyte
Desulfovibrio,KEGG_MEDICUS_PATHOGEN_ARSENIC_TO_ELECTRON_TRANSFER_IN_COMPLEX_II,-0.0465671049863616,2.4453697413638e-16,classical Monocyte
Desulfovibrio,KEGG_MEDICUS_PATHOGEN_EBV_BARF1_TO_INTRINSIC_APOPTOTIC_PATHWAY,-0.0146853749601127,0.00976518499138482,classical Monocyte
Desulfovibrio,KEGG_MEDICUS_PATHOGEN_EBV_EBNA1_TO_P53_MEDIATED_TRANSCRIPTION,-0.0212410650268246,0.000185642732305615,classical Monocyte
Desulfovibrio,KEGG_MEDICUS_PATHOGEN_EBV_EBNA2_TO_RBP_JK_MEDIATED_TRANSCRIPTION,0.00108282976290634,0.848898340362678,classical Monocyte
Desulfovibrio,KEGG_MEDICUS_PATHOGEN_EBV_EBNA3C_TO_CELL_CYCLE_G1_S_N00483,-0.0052117675632433,0.359133116751104,classical Monocyte
Desulfovibrio,KEGG_MEDICUS_PATHOGEN_EBV_EBNA3C_TO_CELL_CYCLE_G1_S_N00484,0.0215584227219488,0.000148448105415443,classical Monocyte
Desulfovibrio,KEGG_MEDICUS_PATHOGEN_EBV_EBNA3C_TO_P27_CELL_CYCLE_G1_S_N00264,0.00837344896036489,0.140660325797208,classical Monocyte
Desulfovibrio,KEGG_MEDICUS_PATHOGEN_EBV_EBNA3C_TO_P27_CELL_CYCLE_G1_S_N00482,0.0207187281938863,0.000266501865000334,classical Monocyte
Desulfovibrio,KEGG_MEDICUS_PATHOGEN_EBV_EBNA3C_TO_P53_MEDIATED_TRANSCRIPTION,-0.0180647230530448,0.0014791038658281,classical Monocyte
Desulfovibrio,KEGG_MEDICUS_PATHOGEN_EBV_LMP1_TO_NFKB_SIGNALING_PATHWAY,0.0205182320410308,0.000305526394000269,classical Monocyte
Desulfovibrio,KEGG_MEDICUS_PATHOGEN_EBV_LMP1_TO_PI3K_SIGNALING_PATHWAY,0.033387866034595,4.19683526146703e-09,classical Monocyte
Desulfovibrio,KEGG_MEDICUS_PATHOGEN_EBV_LMP2A_TO_PI3K_SIGNALING_PATHWAY,0.0821786503709044,1.53247874867388e-47,classical Monocyte
Desulfovibrio,KEGG_MEDICUS_PATHOGEN_ESCHERICHIA_EAE_TIR_TCCP_TO_ACTIN_SIGNALING_PATHWAY,0.0259282321512217,5.0464674221639e-06,classical Monocyte
Desulfovibrio,KEGG_MEDICUS_PATHOGEN_ESCHERICHIA_EAE_TIR_TO_ACTIN_SIGNALING_PATHWAY,0.0294269150080922,2.23323385431239e-07,classical Monocyte
Desulfovibrio,KEGG_MEDICUS_PATHOGEN_ESCHERICHIA_ESPG_TO_MICROTUBULE_RHOA_SIGNALING_PATHWAY,-0.0632920504209968,7.37038381745347e-29,classical Monocyte
Desulfovibrio,KEGG_MEDICUS_PATHOGEN_ESCHERICHIA_ESPJ_TO_IGG_FCGR_RAC_SIGNALING_PATHWAY,-0.0346203303243333,1.10618141335364e-09,classical Monocyte
Desulfovibrio,KEGG_MEDICUS_PATHOGEN_ESCHERICHIA_ESPT_TO_RAC_SIGNALING_PATHWAY,0.037589250694893,3.6860666759759e-11,classical Monocyte
Desulfovibrio,KEGG_MEDICUS_PATHOGEN_ESCHERICHIA_MAP_TO_CDC42_SIGNALING_PATHWAY,0.0307752314215461,6.08812839605457e-08,classical Monocyte
Desulfovibrio,KEGG_MEDICUS_PATHOGEN_ESCHERICHIA_MAP_TO_LPA_GNA12_13_RHOA_SIGNALING_PATHWAY,0.0471795222144474,9.90864649176592e-17,classical Monocyte
Desulfovibrio,KEGG_MEDICUS_PATHOGEN_ESCHERICHIA_TIR_TO_TLR2_4_MAPK_SIGNALING_PATHWAY,-0.00530237869217426,0.350839817070337,classical Monocyte
Desulfovibrio,KEGG_MEDICUS_PATHOGEN_HBV_HBX_TO_CREB_MEDIATED_TRANSCRIPTION,0.0457969453003974,7.4924177423767e-16,classical Monocyte
Desulfovibrio,KEGG_MEDICUS_PATHOGEN_HBV_HBX_TO_ERK_SIGNALING_PATHWAY,0.0521179650799356,4.45716083504724e-20,classical Monocyte
Desulfovibrio,KEGG_MEDICUS_PATHOGEN_HBV_HBX_TO_RAS_ERK_SIGNALING_PATHWAY,0.0509765454951992,2.82908173275519e-19,classical Monocyte
Desulfovibrio,KEGG_MEDICUS_PATHOGEN_HBV_LHBS_TO_PKC_ERK_SIGNALING_PATHWAY,0.0732994046415049,3.7322390879285e-38,classical Monocyte
Desulfovibrio,KEGG_MEDICUS_PATHOGEN_HCMV_GB_TO_PDGFR_RAS_ERK_SIGNALING_PATHWAY,0.0531267046520671,8.41834950138125e-21,classical Monocyte
Desulfovibrio,KEGG_MEDICUS_PATHOGEN_HCMV_GH_TO_ITGA_B_RHOA_SIGNALING_PATHWAY,-0.00342648594075959,0.5465799260297,classical Monocyte
Desulfovibrio,KEGG_MEDICUS_PATHOGEN_HCMV_UL33_TO_GNAI_AC_PKA_SIGNALING_PATHWAY,0.0284465756984474,5.55162628418486e-07,classical Monocyte
Desulfovibrio,KEGG_MEDICUS_PATHOGEN_HCMV_UL33_TO_GNAQ_PLCB_G_CALCINEURIN_SIGNALING_PATHWAY,0.0912345209179381,3.18323297082041e-58,classical Monocyte
Desulfovibrio,KEGG_MEDICUS_PATHOGEN_HCMV_UL33_TO_GNB_G_RHO_SIGNALING_PATHWAY,0.00470703252483854,0.407552564232019,classical Monocyte
Desulfovibrio,KEGG_MEDICUS_PATHOGEN_HCMV_US27_TO_CXCR4_GNB_G_PLCB_PKC_SIGNALING_PATHWAY,0.0536091841371461,3.75139999656479e-21,classical Monocyte
Desulfovibrio,KEGG_MEDICUS_PATHOGEN_HCMV_US28_TO_GNA12_13_RHO_SIGNALING_PATHWAY,0.0211423214271966,0.000198897155031721,classical Monocyte
Desulfovibrio,KEGG_MEDICUS_PATHOGEN_HCMV_US28_TO_GNAQ_PLCB_G_CALCINEURIN_SIGNALING_PATHWAY,0.0322428521336319,1.3900168241543e-08,classical Monocyte
Desulfovibrio,KEGG_MEDICUS_PATHOGEN_HCMV_US28_TO_GNB_G_PI3K_NFKB_SIGNALING_PATHWAY,-0.00156849893266684,0.782564970238479,classical Monocyte
Desulfovibrio,KEGG_MEDICUS_PATHOGEN_HCV_CORE_TO_ERK_SIGNALING_PATHWAY,0.00721324168313754,0.20437388361721,classical Monocyte
Desulfovibrio,KEGG_MEDICUS_PATHOGEN_HCV_CORE_TO_RXRA_LXRA_MEDIATED_TRANSCRIPTION,-0.00469940616758649,0.408312799500152,classical Monocyte
Desulfovibrio,KEGG_MEDICUS_PATHOGEN_HCV_CORE_TO_RXRA_PPARA_MEDIATED_TRANSCRIPTION,-0.00145374220012233,0.798115715607732,classical Monocyte
Desulfovibrio,KEGG_MEDICUS_PATHOGEN_HIV_GP120_TO_CXCR4_GNAI_PI3K_BAD_SIGNALING_PATHWAY,0.0111203698934207,0.0503836135350989,classical Monocyte
Desulfovibrio,KEGG_MEDICUS_PATHOGEN_HIV_GP120_TO_CXCR4_GNAQ_PLCB_G_CALCINEURIN,-0.0101398703928528,0.0743978539973224,classical Monocyte
Desulfovibrio,KEGG_MEDICUS_PATHOGEN_HIV_GP120_TO_CXCR4_GNB_G_RAC_SIGNALING_PATHWAY,-0.0272252743482368,1.6580115857186e-06,classical Monocyte
Desulfovibrio,KEGG_MEDICUS_PATHOGEN_HIV_GP120_TO_TNF_NFKB_SIGNALING_PATHWAY,0.0158624641330507,0.00525161686682934,classical Monocyte
Desulfovibrio,KEGG_MEDICUS_PATHOGEN_HIV_NEF_TO_TNF_NFKB_SIGNALING_PATHWAY,0.0208157103436932,0.000249349777397519,classical Monocyte
Desulfovibrio,KEGG_MEDICUS_PATHOGEN_HIV_TAT_NEF_TO_CROSSTALK_BETWEEN_EXTRINSIC_AND_INTRINSIC_APOPTOTIC_PATHWAYS,-0.0285463705066538,5.0668096068022e-07,classical Monocyte
Desulfovibrio,KEGG_MEDICUS_PATHOGEN_HIV_VPR_TAT_TO_TNF_JNK_SIGNALING_PATHWAY,0.0577616155859317,2.65334426260063e-24,classical Monocyte
Desulfovibrio,KEGG_MEDICUS_PATHOGEN_HIV_VPR_TO_CDC25_CELL_CYCLE_G2M,0.0193426081570697,0.000664905164149735,classical Monocyte
Desulfovibrio,KEGG_MEDICUS_PATHOGEN_HIV_VPR_TO_WEE1_CELL_CYCLE_G2M,-0.0300597088441527,1.22176360312667e-07,classical Monocyte
Desulfovibrio,KEGG_MEDICUS_PATHOGEN_HPV_E5_TO_ANTIGEN_PROCESSING_AND_PRESENTATION_BY_MHC_CLASS_I_MOLECULES,0.00990099915454428,0.0814863568138334,classical Monocyte
Desulfovibrio,KEGG_MEDICUS_PATHOGEN_HPV_E5_TO_EGFR_RAS_ERK_SIGNALING_PATHWAY,0.052715884198631,1.66595196906194e-20,classical Monocyte
Desulfovibrio,KEGG_MEDICUS_PATHOGEN_HPV_E6_TO_NOTCH_SIGNALING_PATHWAY_N00380,0.0653894299956976,1.07546145068481e-30,classical Monocyte
Desulfovibrio,KEGG_MEDICUS_PATHOGEN_HPV_E6_TO_NOTCH_SIGNALING_PATHWAY_N00381,0.061336075304279,3.35795609044823e-27,classical Monocyte
Desulfovibrio,KEGG_MEDICUS_PATHOGEN_HPV_E6_TO_NOTCH_SIGNALING_PATHWAY_N00382,0.0701388522788583,4.51150905716723e-35,classical Monocyte
Desulfovibrio,KEGG_MEDICUS_PATHOGEN_HPV_E7_TO_CELL_CYCLE_G1_S,0.0193460931998717,0.000663413799644797,classical Monocyte
Desulfovibrio,KEGG_MEDICUS_PATHOGEN_HPV_E7_TO_P27_CELL_CYCLE_G1_S,0.0212374010029242,0.000186119354029069,classical Monocyte
Desulfovibrio,KEGG_MEDICUS_PATHOGEN_HSV_GD_TO_HVEM_NFKB_SIGNALING_PATHWAY,0.014784178816822,0.00928380339558228,classical Monocyte
Desulfovibrio,KEGG_MEDICUS_PATHOGEN_HTLV_1_P12_TO_ANTIGEN_PROCESSING_AND_PRESENTATION_BY_MHC_CLASS_I_MOLECULES,0.0167508076407573,0.00320338149943274,classical Monocyte
Desulfovibrio,KEGG_MEDICUS_PATHOGEN_HTLV_1_P12_TO_JAK_STAT_SIGNALING_PATHWAY,-0.00982541217931814,0.0838402912233565,classical Monocyte
Desulfovibrio,KEGG_MEDICUS_PATHOGEN_HTLV_1_TAX_TO_E47_MEDIATED_TRANSCRIPTION,-0.0281469217483922,7.29128478813711e-07,classical Monocyte
Desulfovibrio,KEGG_MEDICUS_PATHOGEN_HTLV_1_TAX_TO_NFY_MEDIATED_TRANSCRIPTION,-0.0358124450717434,2.91503142678056e-10,classical Monocyte
Desulfovibrio,KEGG_MEDICUS_PATHOGEN_HTLV_1_TAX_TO_P21_CELL_CYCLE_G1_S_N00497,0.0112946024565924,0.0468834234280434,classical Monocyte
Desulfovibrio,KEGG_MEDICUS_PATHOGEN_HTLV_1_TAX_TO_P21_CELL_CYCLE_G1_S_N00498,0.0141243302590799,0.0129440923499335,classical Monocyte
Desulfovibrio,KEGG_MEDICUS_PATHOGEN_HTLV_1_TAX_TO_SPINDLE_ASSEMBLY_CHECKPOINT_SIGNALING,-0.0234940656720777,3.55948299993639e-05,classical Monocyte
Desulfovibrio,KEGG_MEDICUS_PATHOGEN_HTLV_1_TAX_TO_SRF_MEDIATED_TRANSCRIPTION,0.0719042159586452,8.89925730424229e-37,classical Monocyte
Desulfovibrio,KEGG_MEDICUS_PATHOGEN_HTLV_1_TAX_TO_TNF_JNK_SIGNALING_PATHWAY,0.026267133138446,3.79130278846732e-06,classical Monocyte
Desulfovibrio,KEGG_MEDICUS_PATHOGEN_KSHV_K15_TO_TNF_NFKB_SIGNALING_PATHWAY,0.0252405979974464,8.92103725744805e-06,classical Monocyte
Desulfovibrio,KEGG_MEDICUS_PATHOGEN_KSHV_LANA_TO_WNT_SIGNALING_PATHWAY,0.0340681157883002,2.0219369617029e-09,classical Monocyte
Desulfovibrio,KEGG_MEDICUS_PATHOGEN_KSHV_MIR1_2_TO_ANTIGEN_PROCESSING_AND_PRESENTATION_BY_MHC_CLASS_I_MOLECULES,0.0178456018465383,0.00168839086217846,classical Monocyte
Desulfovibrio,KEGG_MEDICUS_PATHOGEN_KSHV_MIR2_TO_CELL_SURFACE_MOLECULE_ENDOCYTOSIS,-0.0160655799430058,0.00469972359566176,classical Monocyte
Desulfovibrio,KEGG_MEDICUS_PATHOGEN_KSHV_VCYCLIN_TO_CELL_CYCLE_G1_S,0.0196467729852844,0.000545842275065644,classical Monocyte
Desulfovibrio,KEGG_MEDICUS_PATHOGEN_KSHV_VFLIP_TO_NFKB_SIGNALING_PATHWAY,0.0261651815922802,4.13340426799259e-06,classical Monocyte
Desulfovibrio,KEGG_MEDICUS_PATHOGEN_KSHV_VFLIP_TO_TNF_NFKB_SIGNALING_PATHWAY,0.0256082727316504,6.58989638777802e-06,classical Monocyte
Desulfovibrio,KEGG_MEDICUS_PATHOGEN_KSHV_VGPCR_TO_GNB_G_ERK_SIGNALING_PATHWAY,0.0197644754244478,0.000505349719868564,classical Monocyte
Desulfovibrio,KEGG_MEDICUS_PATHOGEN_KSHV_VGPCR_TO_GNB_G_PI3K_AKT_SIGNALING_PATHWAY,-0.0220929677314377,0.0001011826476885,classical Monocyte
Desulfovibrio,KEGG_MEDICUS_PATHOGEN_KSHV_VGPCR_TO_GNB_G_PI3K_JNK_SIGNALING_PATHWAY,0.0146506451740391,0.00993960234131041,classical Monocyte
Desulfovibrio,KEGG_MEDICUS_PATHOGEN_SALMONELLA_AVRA_TO_BETA_CATENIN_SIGNALING_PATHWAY,0.0168929615294134,0.00295353121745553,classical Monocyte
Desulfovibrio,KEGG_MEDICUS_PATHOGEN_SALMONELLA_SIFA_TO_MICROTUBULE_PLUS_END_DIRECTED_TRANSPORT,-0.0486326397862299,1.10933398796543e-17,classical Monocyte
Desulfovibrio,KEGG_MEDICUS_PATHOGEN_SALMONELLA_SIFA_TO_TETHERING_OF_LATE_ENDOSOMES_AND_LYSOSOMES,0.00431194205788187,0.448037465972837,classical Monocyte
Desulfovibrio,KEGG_MEDICUS_PATHOGEN_SALMONELLA_SOPB_TO_ARNO_ARF_ACTB_G_SIGNALING_PATHWAY,0.0215491136353561,0.00014943121331068,classical Monocyte
Desulfovibrio,KEGG_MEDICUS_PATHOGEN_SALMONELLA_SOPB_TO_RHOA_SIGNALING_PATHWAY,-0.0349058814900265,8.0686299341568e-10,classical Monocyte
Desulfovibrio,KEGG_MEDICUS_PATHOGEN_SALMONELLA_SOPB_TO_RHOG_SIGNALING_PATHWAY,0.0177062463421795,0.00183531777724638,classical Monocyte
Desulfovibrio,KEGG_MEDICUS_PATHOGEN_SALMONELLA_SOPE_E2_TO_NOD_NFKB_SIGNALING_PATHWAY,0.0292935708034882,2.53200672524503e-07,classical Monocyte
Desulfovibrio,KEGG_MEDICUS_PATHOGEN_SALMONELLA_SOPE_TO_RAC_SIGNALING_PATHWAY,0.0306764274311364,6.7089463233375e-08,classical Monocyte
Desulfovibrio,KEGG_MEDICUS_PATHOGEN_SALMONELLA_SPVD_TO_TNF_NFKB_SIGNALING_PATHWAY,0.0348976391216305,8.14273128942956e-10,classical Monocyte
Desulfovibrio,KEGG_MEDICUS_PATHOGEN_SARS_COV_2_S_N_TO_LECTIN_PATHWAY_OF_COAGULATION_CASCADE,-0.00858306839490392,0.130987022259822,classical Monocyte
Desulfovibrio,KEGG_MEDICUS_PATHOGEN_SARS_COV_2_S_TO_ANGII_AT1R_NOX2_SIGNALING_PATHWAY,0.0421111350089019,1.23703287048119e-13,classical Monocyte
Desulfovibrio,KEGG_MEDICUS_PATHOGEN_SARS_COV_2_S_TO_CLASSICAL_PATHWAY_OF_COMPLEMENT_CASCADE,-0.0382257012025866,1.7167840755363e-11,classical Monocyte
Desulfovibrio,KEGG_MEDICUS_PATHOGEN_SHIGELLA_FIMA_TO_CROSSTALK_BETWEEN_EXTRINSIC_AND_INTRINSIC_APOPTOTIC_PATHWAYS,-0.0154374975414186,0.00659973606638315,classical Monocyte
Desulfovibrio,KEGG_MEDICUS_PATHOGEN_SHIGELLA_IPAA_TO_ITGA_B_RHOGEF_RHOA_SIGNALING_PATHWAY,-0.0068562785007567,0.227671667018351,classical Monocyte
Desulfovibrio,KEGG_MEDICUS_PATHOGEN_SHIGELLA_IPAB_C_D_TO_ITGA_B_TALIN_VINCULIN_SIGNALING_PATHWAY,0.0254324774762269,7.62058306985538e-06,classical Monocyte
Desulfovibrio,KEGG_MEDICUS_PATHOGEN_SHIGELLA_IPAC_TO_ACTIN_SIGNALING_PATHWAY,0.0264259204781311,3.31195341389877e-06,classical Monocyte
Desulfovibrio,KEGG_MEDICUS_PATHOGEN_SHIGELLA_IPAH7.8_TO_NLRP3_INFLAMMASOME_SIGNALING_PATHWAY,-0.0269350504912511,2.13623823833872e-06,classical Monocyte
Desulfovibrio,KEGG_MEDICUS_PATHOGEN_SHIGELLA_IPGB1_TO_ITGA_B_RHOG_RAC_SIGNALING_PATHWAY,0.0341847353770528,1.78149278915282e-09,classical Monocyte
Desulfovibrio,KEGG_MEDICUS_PATHOGEN_SHIGELLA_IPGD_TO_ARNO_ARF_ACTB_G_SIGNALING_PATHWAY,0.0266715199821242,2.68312349679722e-06,classical Monocyte
Desulfovibrio,KEGG_MEDICUS_PATHOGEN_SHIGELLA_OSPF_TO_TLR2_4_MAPK_SIGNALING_PATHWAY,0.0217837546146505,0.00012642918480423,classical Monocyte
Desulfovibrio,KEGG_MEDICUS_PATHOGEN_SHIGELLA_OSPG_TO_TNF_NFKB_SIGNALING_PATHWAY,-0.01405416618616,0.0134000431325355,classical Monocyte
Desulfovibrio,KEGG_MEDICUS_PATHOGEN_YERSINIA_YOPH_TO_TCR_NFAT_SIGNALING_PATHWAY,0.0209676463607746,0.000224546219546942,classical Monocyte
Desulfovibrio,KEGG_MEDICUS_PATHOGEN_YERSINIA_YOPP_J_TO_TLR2_4_MAPK_SIGNALING_PATHWAY,-0.00154349765841018,0.785945746472155,classical Monocyte
Desulfovibrio,KEGG_MEDICUS_REFERENCE_26S_PROTEASOME_MEDIATED_PROTEIN_DEGRADATION,-0.0556476685690057,1.13913588602876e-22,classical Monocyte
Desulfovibrio,KEGG_MEDICUS_REFERENCE_ACH_CHRN_PI3K_SIGNALING_PATHWAY,0.0183314030716842,0.00125670943209603,classical Monocyte
Desulfovibrio,KEGG_MEDICUS_REFERENCE_ACH_CHRN_RAS_ERK_SIGNALING_PATHWAY,0.0390481888044968,6.27947157710138e-12,classical Monocyte
Desulfovibrio,KEGG_MEDICUS_REFERENCE_ACTH_CORTISOL_SIGNALING_PATHWAY,0.04496231348198,2.46986505692067e-15,classical Monocyte
Desulfovibrio,KEGG_MEDICUS_REFERENCE_ACTIVATION_OF_PRC2.2_BY_UBIQUITINATION_OF_H2AK119,-0.0146348433676157,0.0100198755373222,classical Monocyte
Desulfovibrio,KEGG_MEDICUS_REFERENCE_ACTIVATION_OF_PRC2.2_BY_UBIQUITINATION_OF_H2AK119_IN_GERMLINE_GENES,-0.00795975537710608,0.161350672001359,classical Monocyte
Desulfovibrio,KEGG_MEDICUS_REFERENCE_ACTIVIN_SIGNALING_PATHWAY,0.0234586455558685,3.65736133932324e-05,classical Monocyte
Desulfovibrio,KEGG_MEDICUS_REFERENCE_ADRB3_UCP1_SIGNALING_PATHWAY,0.0540739983301447,1.71024320944412e-21,classical Monocyte
Desulfovibrio,KEGG_MEDICUS_REFERENCE_AGE_RAGE_SIGNALING_PATHWAY,0.0265659955027119,2.93782771920751e-06,classical Monocyte
Desulfovibrio,KEGG_MEDICUS_REFERENCE_AHR_SIGNALING_PATHWAY,0.0261971660678239,4.02301563342406e-06,classical Monocyte
Desulfovibrio,KEGG_MEDICUS_REFERENCE_ALTERNATIVE_PATHWAY_OF_COMPLEMENT_CASCADE_C3B_BREAKDOWN,0.0178517981180776,0.00168211636960383,classical Monocyte
Desulfovibrio,KEGG_MEDICUS_REFERENCE_AMH_SIGNALING_PATHWAY,-0.00457584134637086,0.42074768481787,classical Monocyte
Desulfovibrio,KEGG_MEDICUS_REFERENCE_ANGII_AT1R_NOX2_SIGNALING_PATHWAY,0.0441423119453672,7.80908326345935e-15,classical Monocyte
Desulfovibrio,KEGG_MEDICUS_REFERENCE_ANGIOTENSIN_ALDOSTERONE_SIGNALING_PATHWAY,0.0370148940812185,7.26832049324305e-11,classical Monocyte
Desulfovibrio,KEGG_MEDICUS_REFERENCE_ANTEROGRADE_AXONAL_TRANSPORT,-0.0515267686436595,1.16663913448032e-19,classical Monocyte
Desulfovibrio,KEGG_MEDICUS_REFERENCE_ANTIGEN_PROCESSING_AND_PRESENTATION_BY_MHC_CLASS_II_MOLECULES,-0.0356220632900792,3.61740657912788e-10,classical Monocyte
Desulfovibrio,KEGG_MEDICUS_REFERENCE_ANTIGEN_PROCESSING_AND_PRESENTATION_BY_MHC_CLASS_I_MOLECULES,-0.00819218149802567,0.149460193732459,classical Monocyte
Desulfovibrio,KEGG_MEDICUS_REFERENCE_ANXA2_S100A10_REGULATED_ACTIN_CYTOSKELETON,0.055997249982614,6.1760475224282e-23,classical Monocyte
Desulfovibrio,KEGG_MEDICUS_REFERENCE_AREG_EGFR_PI3K_SIGNALING_PATHWAY,0.0103419189276388,0.0688028506183747,classical Monocyte
Desulfovibrio,KEGG_MEDICUS_REFERENCE_AREG_EGFR_RAS_ERK_SIGNALING_PATHWAY,0.0530115414320942,1.0198905935551e-20,classical Monocyte
Desulfovibrio,KEGG_MEDICUS_REFERENCE_ARL8_REGULATED_MICROTUBULE_PLUS_END_DIRECTED_TRANSPORT,-0.0719133835966545,8.71744837126532e-37,classical Monocyte
Desulfovibrio,KEGG_MEDICUS_REFERENCE_ARNO_ARF_ACTB_G_SIGNALING_PATHWAY,0.0206111603648539,0.000286816976809487,classical Monocyte
Desulfovibrio,KEGG_MEDICUS_REFERENCE_ASSEMBLY_AND_TRAFFICKING_OF_TELOMERASE,-0.0477050210852703,4.52244439515331e-17,classical Monocyte
Desulfovibrio,KEGG_MEDICUS_REFERENCE_ATR_P21_CELL_CYCLE_G2_M,0.0387161839074236,9.44750580998769e-12,classical Monocyte
Desulfovibrio,KEGG_MEDICUS_REFERENCE_ATR_SIGNALING,0.000711050576965688,0.900436813517181,classical Monocyte
Desulfovibrio,KEGG_MEDICUS_REFERENCE_AUTOPHAGOSOME_AND_LYSOSOME_FUSION_TETHERING_FACTOR,0.0113538328790982,0.0457411210619228,classical Monocyte
Desulfovibrio,KEGG_MEDICUS_REFERENCE_AUTOPHAGOSOME_AND_LYSOSOME_FUSION_TETHERING_FACTOR_GRASP55,-0.00798365214737062,0.160096169703578,classical Monocyte
Desulfovibrio,KEGG_MEDICUS_REFERENCE_AUTOPHAGOSOME_AND_LYSOSOME_FUSION_TRANS_SNARE,7.38801981241772e-05,0.989628398126201,classical Monocyte
Desulfovibrio,KEGG_MEDICUS_REFERENCE_AUTOPHAGY_VESICLE_NUCLEATION_ELONGATION_MATURATION_E3_UBIQUITIN_LIGASE_MALIN,0.0153677036634163,0.00684873276477627,classical Monocyte
Desulfovibrio,KEGG_MEDICUS_REFERENCE_AUTOPHAGY_VESICLE_NUCLEATION_ELONGATION_MATURATION_LC3_II_FORMATION,0.00583207917865614,0.304813969916249,classical Monocyte
Desulfovibrio,KEGG_MEDICUS_REFERENCE_AUTOPHAGY_VESICLE_NUCLEATION_ELONGATION_MATURATION_MTORC1_PI3KC3_C1,-0.00749205343757606,0.187420850416504,classical Monocyte
Desulfovibrio,KEGG_MEDICUS_REFERENCE_AUTOPHAGY_VESICLE_NUCLEATION_ELONGATION_MATURATION_PACER_RUBCN_PI3KC3_C2,0.00660411787749622,0.245231792643633,classical Monocyte
Desulfovibrio,KEGG_MEDICUS_REFERENCE_AUTOPHAGY_VESICLE_NUCLEATION_ELONGATION_MATURATION_PI3P_SYNTHESIS_BY_PI3KC3_C1,-0.032799708873311,7.80247203361774e-09,classical Monocyte
Desulfovibrio,KEGG_MEDICUS_REFERENCE_AUTOPHAGY_VESICLE_NUCLEATION_ELONGATION_MATURATION_SEQUESTOSOME_1_LIKE_RECEPTOR,0.0413212835351669,3.50037505721558e-13,classical Monocyte
Desulfovibrio,KEGG_MEDICUS_REFERENCE_AVP_V2R_PKA_SIGNALING_PATHWAY,0.0307426284318044,6.2865621635225e-08,classical Monocyte
Desulfovibrio,KEGG_MEDICUS_REFERENCE_BASE_EXCISION_AND_STRAND_CLEAVAGE_BY_BIFUNCTIONAL_GLYCOSYLASE,-0.0123038544390915,0.0303916266178472,classical Monocyte
Desulfovibrio,KEGG_MEDICUS_REFERENCE_BASE_EXCISION_AND_STRAND_CLEAVAGE_BY_MONOFUNCTIONAL_GLYCOSYLASE,-0.0138862001085584,0.0145496595624838,classical Monocyte
Desulfovibrio,KEGG_MEDICUS_REFERENCE_BASE_EXCISION_AND_STRAND_CLEAVAGE_BY_NEIL_GLYCOSYLASE,-0.0162756885957444,0.00418457991045021,classical Monocyte
Desulfovibrio,KEGG_MEDICUS_REFERENCE_BCR_BCAP_CD19_PI3K_SIGNALING_PATHWAY,0.051651184556257,9.5363946205777e-20,classical Monocyte
Desulfovibrio,KEGG_MEDICUS_REFERENCE_BCR_PLCG_CALCINEURIN_SIGNALING_PATHWAY,0.0266834110370635,2.65578805599099e-06,classical Monocyte
Desulfovibrio,KEGG_MEDICUS_REFERENCE_BCR_PLCG_ITPR_SIGNALING_PATHWAY,0.0793535912723045,1.94265704965849e-44,classical Monocyte
Desulfovibrio,KEGG_MEDICUS_REFERENCE_BETA_OXIDATION,-0.000763037261611334,0.893199641280484,classical Monocyte
Desulfovibrio,KEGG_MEDICUS_REFERENCE_BETA_OXIDATION_ACYL_COA_SYNTHESIS,0.020672693749531,0.000275024955834685,classical Monocyte
Desulfovibrio,KEGG_MEDICUS_REFERENCE_BETA_OXIDATION_PEROXISOME_VLCFA,-0.0149825084989025,0.00838095462340777,classical Monocyte
Desulfovibrio,KEGG_MEDICUS_REFERENCE_BILE_ACID_BIOSYNTHESIS,-0.0153397199800674,0.00695091532319715,classical Monocyte
Desulfovibrio,KEGG_MEDICUS_REFERENCE_BLOCKING_UBIQUITINATION_OF_H2AK119_BY_CK2,0.00270901424873324,0.633609462454408,classical Monocyte
Desulfovibrio,KEGG_MEDICUS_REFERENCE_BLOOD_GROUP_H_O_ANTIGEN_TYPE_1_BIOSYNTHESIS,-0.0162740193242342,0.00418846229905195,classical Monocyte
Desulfovibrio,KEGG_MEDICUS_REFERENCE_BLOOD_GROUP_H_O_ANTIGEN_TYPE_2_BIOSYNTHESIS,-0.00225007187889047,0.692177862922598,classical Monocyte
Desulfovibrio,KEGG_MEDICUS_REFERENCE_BMP15_SIGNALING_PATHWAY,0.00636583031440193,0.262679265495188,classical Monocyte
Desulfovibrio,KEGG_MEDICUS_REFERENCE_BMP9_10_SIGNALING_PATHWAY,0.0130159610323904,0.0220063095757485,classical Monocyte
Desulfovibrio,KEGG_MEDICUS_REFERENCE_BMP_HAMP_SIGNALING_PATHWAY,0.000623466024767652,0.912648069351744,classical Monocyte
Desulfovibrio,KEGG_MEDICUS_REFERENCE_BMP_HAMP_SIGNALING_PATHWAY_AUXILIARY_FACTOR,0.013258378376116,0.0196524559110517,classical Monocyte
Desulfovibrio,KEGG_MEDICUS_REFERENCE_BMP_SIGNALING_PATHWAY,0.00763523982315512,0.179128848705053,classical Monocyte
Desulfovibrio,KEGG_MEDICUS_REFERENCE_BMP_SIGNALING_PATHWAY_BMP_ANTAGONIST,-0.0313762218769492,3.35135038967974e-08,classical Monocyte
Desulfovibrio,KEGG_MEDICUS_REFERENCE_BRANCHING_MICROTUBULE_NUCLEATION,-0.0665373605502096,1.00368368943168e-31,classical Monocyte
Desulfovibrio,KEGG_MEDICUS_REFERENCE_BREAK_INDUCED_REPLICATION,-0.012920634788325,0.0229970195238474,classical Monocyte
Desulfovibrio,KEGG_MEDICUS_REFERENCE_C9ORF72_MEDIATED_AUTOPHAGY_INITIATION,0.0325289252616743,1.03440850303857e-08,classical Monocyte
Desulfovibrio,KEGG_MEDICUS_REFERENCE_CA2_CAM_CAMK_SIGNALING_PATHWAY,-0.0376823049052247,3.2989748292094e-11,classical Monocyte
Desulfovibrio,KEGG_MEDICUS_REFERENCE_CA2_CAM_CN_SIGNALING_PATHWAY,-0.0309863995434742,4.94226969287655e-08,classical Monocyte
Desulfovibrio,KEGG_MEDICUS_REFERENCE_CA2_CAM_VGCC_RYR_SIGNALING_PATHWAY,-0.0494030126550532,3.38426031657742e-18,classical Monocyte
Desulfovibrio,KEGG_MEDICUS_REFERENCE_CA2_ENTRY_LIGAND_GATED_CA2_CHANNEL,-0.00876381647476199,0.123067385824666,classical Monocyte
Desulfovibrio,KEGG_MEDICUS_REFERENCE_CA2_ENTRY_STORE_OPERATED_CA2_CHANNEL,-0.011672800358124,0.0399851367287066,classical Monocyte
Desulfovibrio,KEGG_MEDICUS_REFERENCE_CA2_ENTRY_VOLTAGE_GATED_CA2_CHANNEL,0.0188032312676154,0.000937214283647189,classical Monocyte
Desulfovibrio,KEGG_MEDICUS_REFERENCE_CA2_PLCD_ITPR_SIGNALING_PATHWAY,0.0441929511227465,7.2775741565015e-15,classical Monocyte
Desulfovibrio,KEGG_MEDICUS_REFERENCE_CA2_PYK2_RAS_ERK_SIGNALING_PATHWAY,0.0521462900455229,4.25519656199174e-20,classical Monocyte
Desulfovibrio,KEGG_MEDICUS_REFERENCE_CARDIAC_TYPE_VGCC_RYR_SIGNALING,0.0275849758561552,1.20686096264942e-06,classical Monocyte
Desulfovibrio,KEGG_MEDICUS_REFERENCE_CASR_PTH_SIGNALING_PATHWAY,0.0913936954286984,2.01858845689785e-58,classical Monocyte
Desulfovibrio,KEGG_MEDICUS_REFERENCE_CCR2_GNB_G_PI3K_NFKB_SIGNALING_PATHWAY,-0.00777196068631388,0.171468860594881,classical Monocyte
Desulfovibrio,KEGG_MEDICUS_REFERENCE_CCR5_GNB_G_PLCB_G_PKC_SIGNALING_PATHWAY,0.0201227158497688,0.00039868016807481,classical Monocyte
Desulfovibrio,KEGG_MEDICUS_REFERENCE_CCR_CXCR_GNB_G_PI3K_RAC_SIGNALING_PATHWAY,0.00281622750496029,0.620235230422973,classical Monocyte
Desulfovibrio,KEGG_MEDICUS_REFERENCE_CD40_NFKB_SIGNALING_PATHWAY,0.0026403589581403,0.642237486211376,classical Monocyte
Desulfovibrio,KEGG_MEDICUS_REFERENCE_CD80_CD86_CD28_PI3K_SIGNALING_PATHWAY,0.0199240571766679,0.000454909980239373,classical Monocyte
Desulfovibrio,KEGG_MEDICUS_REFERENCE_CD80_CD86_CTLA4_PP2A_SIGNALING_PATHWAY,-0.0149119773145065,0.00869261344624409,classical Monocyte
Desulfovibrio,KEGG_MEDICUS_REFERENCE_CDC25_CELL_CYCLE_G2_M,0.0426994532976482,5.6301438169312e-14,classical Monocyte
Desulfovibrio,KEGG_MEDICUS_REFERENCE_CENPE_INTERACTION_WITH_NDC80_COMPLEX,-0.0160186848732172,0.00482226360588043,classical Monocyte
Desulfovibrio,KEGG_MEDICUS_REFERENCE_CGAS_STING_SIGNALING_PATHWAY,-0.00144994574450111,0.798631583940496,classical Monocyte
Desulfovibrio,KEGG_MEDICUS_REFERENCE_CHOLESTEROL_BIOSYNTHESIS,-0.027577597167821,1.21479659694939e-06,classical Monocyte
Desulfovibrio,KEGG_MEDICUS_REFERENCE_CHONDROITIN_SULFATE_BIOSYNTHESIS,0.0362782298545895,1.71099416874721e-10,classical Monocyte
Desulfovibrio,KEGG_MEDICUS_REFERENCE_CHRNA7_E2F_SIGNALING_PATHWAY,0.021511458249719,0.000153470784612788,classical Monocyte
Desulfovibrio,KEGG_MEDICUS_REFERENCE_CITRATE_CYCLE_FIRST_CARBON_OXIDATION,-0.0334522129491986,3.91906179119162e-09,classical Monocyte
Desulfovibrio,KEGG_MEDICUS_REFERENCE_CITRATE_CYCLE_SECOND_CARBON_OXIDATION_2,-0.0492900177498401,4.03261049796248e-18,classical Monocyte
Desulfovibrio,KEGG_MEDICUS_REFERENCE_CLASSICAL_PATHWAY_OF_COMPLEMENT_CASCADE_C4_C2_TO_C3_CONVERTASE_FORMATION,-0.0428676493085245,4.48680715594138e-14,classical Monocyte
Desulfovibrio,KEGG_MEDICUS_REFERENCE_COHESIN_ACETYLATION,0.00802272844359727,0.158060699631152,classical Monocyte
Desulfovibrio,KEGG_MEDICUS_REFERENCE_COHESIN_DISSOCIATION_IN_ANAPHASE,-0.0178732122387431,0.00166059671044072,classical Monocyte
Desulfovibrio,KEGG_MEDICUS_REFERENCE_COHESIN_DISSOCIATION_IN_PROPHASE,0.0167644155974381,0.00317865632895903,classical Monocyte
Desulfovibrio,KEGG_MEDICUS_REFERENCE_COHESIN_LOADING,0.0748515176763078,1.01997054350663e-39,classical Monocyte
Desulfovibrio,KEGG_MEDICUS_REFERENCE_COMMON_PATHWAY_OF_COMPLEMENT_CASCADE_MAC_FORMATION,-0.00366492235726438,0.519026814007413,classical Monocyte
Desulfovibrio,KEGG_MEDICUS_REFERENCE_CONDENSIN_LOADING,-0.00649363687688564,0.253217477632009,classical Monocyte
Desulfovibrio,KEGG_MEDICUS_REFERENCE_COPII_VESICLE_FORMATION,-0.00892295135840304,0.116408826341603,classical Monocyte
Desulfovibrio,KEGG_MEDICUS_REFERENCE_COPI_VESICLE_FORMATION,-0.049287849764361,4.04617941995147e-18,classical Monocyte
Desulfovibrio,KEGG_MEDICUS_REFERENCE_CORE_NER_REACTION,-0.0454381274699188,1.25451707398597e-15,classical Monocyte
Desulfovibrio,KEGG_MEDICUS_REFERENCE_CREATINE_PATHWAY,-0.0278095581164108,9.87837830773904e-07,classical Monocyte
Desulfovibrio,KEGG_MEDICUS_REFERENCE_CRHR_PKA_ACTH_SIGNALING_PATHWAY,0.0436776135271399,1.48571008865667e-14,classical Monocyte
Desulfovibrio,KEGG_MEDICUS_REFERENCE_CROSSTALK_BETWEEN_EXTRINSIC_AND_INTRINSIC_APOPTOTIC_PATHWAYS,-0.0468137467091335,1.70193038157106e-16,classical Monocyte
Desulfovibrio,KEGG_MEDICUS_REFERENCE_CX3CR1_GNAI_AC_PKA_SIGNALING_PATHWAY,0.000701753830602089,0.901731923144922,classical Monocyte
Desulfovibrio,KEGG_MEDICUS_REFERENCE_CXCL12_CXCR4_PKC_ERK_SIGNALING_PATHAWAY,0.0758646777064117,9.34118979678248e-41,classical Monocyte
Desulfovibrio,KEGG_MEDICUS_REFERENCE_CXCR4_GNA12_13_RHO_SIGNALING_PATHWAY,0.0424127482108936,8.27358934362115e-14,classical Monocyte
Desulfovibrio,KEGG_MEDICUS_REFERENCE_CXCR4_GNAI_PI3K_BAD_SIGNALING_PATHWAY,0.0118756343566107,0.0366542110829371,classical Monocyte
Desulfovibrio,KEGG_MEDICUS_REFERENCE_CXCR4_GNAQ_PLCB_G_CALCINEURIN_SIGNALING_PATHWAY,0.0293519211751745,2.39679701264366e-07,classical Monocyte
Desulfovibrio,KEGG_MEDICUS_REFERENCE_CXCR4_GNB_G_PLCB_PKC_SIGNALING_PATHWAY,0.0402867707574763,1.32812663089257e-12,classical Monocyte
Desulfovibrio,KEGG_MEDICUS_REFERENCE_CXCR4_GNB_G_RAC_SIGNALING_PATHWAY,-0.0266883313461313,2.64455548275334e-06,classical Monocyte
Desulfovibrio,KEGG_MEDICUS_REFERENCE_CXCR_GNB_G_ERK_SIGNALING_PATHWAY,-0.0149942704611291,0.00832996520630102,classical Monocyte
Desulfovibrio,KEGG_MEDICUS_REFERENCE_CXCR_GNB_G_PI3K_AKT_SIGNALING_PATHWAY,-0.0163667169527268,0.00397774501828897,classical Monocyte
Desulfovibrio,KEGG_MEDICUS_REFERENCE_CYTOKINE_JAK_STAT_SIGNALING_PATHWAY,0.0134383195105965,0.0180503918732365,classical Monocyte
Desulfovibrio,KEGG_MEDICUS_REFERENCE_DEPHOSPHORYLATION_OF_KINETOCHORE,-0.017583304830324,0.00197459830905557,classical Monocyte
Desulfovibrio,KEGG_MEDICUS_REFERENCE_DERMATAN_SULFATE_DEGRADATION,-0.0125944886205134,0.0266852262376881,classical Monocyte
Desulfovibrio,KEGG_MEDICUS_REFERENCE_DEUBIQUITINATION_OF_H2AK119,0.0219402430083564,0.000112990236682117,classical Monocyte
Desulfovibrio,KEGG_MEDICUS_REFERENCE_DISASSEMBLY_OF_MCC,-0.0289722566767779,3.41909504619116e-07,classical Monocyte
Desulfovibrio,KEGG_MEDICUS_REFERENCE_DNA_DEGRADATION_BY_EXTRACELLULAR_ENDOLYSOSOMAL_DNASE,-0.0196994037872501,0.000527376091266687,classical Monocyte
Desulfovibrio,KEGG_MEDICUS_REFERENCE_DNA_END_RESECTION_AND_RPA_LOADING,-0.00574730651432384,0.311897496347474,classical Monocyte
Desulfovibrio,KEGG_MEDICUS_REFERENCE_DNA_REPLICATION_LICENSING,-0.0126913303011627,0.0255401743378655,classical Monocyte
Desulfovibrio,KEGG_MEDICUS_REFERENCE_DNA_REPLICATION_TERMINATION,-0.0474443621960109,6.680357838763e-17,classical Monocyte
Desulfovibrio,KEGG_MEDICUS_REFERENCE_DOUBLE_HOLLIDAY_JUNCTION_RESOLUTION,-0.0146613773699073,0.0098854099334325,classical Monocyte
Desulfovibrio,KEGG_MEDICUS_REFERENCE_DOUBLE_STRAND_BREAK_SIGNALING,0.00157718175899137,0.7813917988955,classical Monocyte
Desulfovibrio,KEGG_MEDICUS_REFERENCE_DRD1_GNAS_AC_PKA_SIGNALING_PATHWAY,0.0457251868032993,8.30858600202883e-16,classical Monocyte
Desulfovibrio,KEGG_MEDICUS_REFERENCE_DYNEIN_RECRUITMENT_TO_THE_KINETOCHORE,-0.0465790223445638,2.40302196817267e-16,classical Monocyte
Desulfovibrio,KEGG_MEDICUS_REFERENCE_E2_ER_RAS_ERK_SIGNALING_PATHWAY,0.0376894416004587,3.27098713319481e-11,classical Monocyte
Desulfovibrio,KEGG_MEDICUS_REFERENCE_EARLY_ENDOSOMAL_FUSION,-0.0114181577395939,0.0445272184171431,classical Monocyte
Desulfovibrio,KEGG_MEDICUS_REFERENCE_EGF_EGFR_ACTIN_SIGNALING_PATHWAY,0.028630884584649,4.68839395817242e-07,classical Monocyte
Desulfovibrio,KEGG_MEDICUS_REFERENCE_EGF_EGFR_PI3K_NFKB_SIGNALING_PATHWAY,0.0318502964703957,2.07665984626411e-08,classical Monocyte
Desulfovibrio,KEGG_MEDICUS_REFERENCE_EGF_EGFR_PI3K_SIGNALING_PATHWAY,0.012165588597341,0.0323048647508453,classical Monocyte
Desulfovibrio,KEGG_MEDICUS_REFERENCE_EGF_EGFR_PLCG_CALCINEURIN_SIGNALING_PATHWAY,-0.0296800881909838,1.75695478429081e-07,classical Monocyte
Desulfovibrio,KEGG_MEDICUS_REFERENCE_EGF_EGFR_PLCG_CAMK_SIGNALING_PATHWAY,-0.0347184404398396,9.92813708662123e-10,classical Monocyte
Desulfovibrio,KEGG_MEDICUS_REFERENCE_EGF_EGFR_PLCG_ERK_SIGNALING_PATHWAY,0.04055174048719,9.46807866654368e-13,classical Monocyte
Desulfovibrio,KEGG_MEDICUS_REFERENCE_EGF_EGFR_RAS_ERK_SIGNALING_PATHWAY,0.0528580931089483,1.31614896590258e-20,classical Monocyte
Desulfovibrio,KEGG_MEDICUS_REFERENCE_EGF_EGFR_RAS_JNK_SIGNALING_PATHWAY,0.0719415170388347,8.18224677207173e-37,classical Monocyte
Desulfovibrio,KEGG_MEDICUS_REFERENCE_EGF_EGFR_RAS_PI3K_SIGNALING_PATHWAY,0.0544320307238258,9.29638419873649e-22,classical Monocyte
Desulfovibrio,KEGG_MEDICUS_REFERENCE_EGF_EGFR_RAS_RALGDS_SIGNALING_PATHWAY,0.0481933688181521,2.16524382190243e-17,classical Monocyte
Desulfovibrio,KEGG_MEDICUS_REFERENCE_EGF_EGFR_RAS_RASSF1_SIGNALING_PATHWAY,0.0594782402731643,1.13150294772059e-25,classical Monocyte
Desulfovibrio,KEGG_MEDICUS_REFERENCE_EGF_ERBB2_RAS_ERK_SIGNALING_PATHWAY,0.0530667675216299,9.30286704865106e-21,classical Monocyte
Desulfovibrio,KEGG_MEDICUS_REFERENCE_EGF_JAK_STAT_SIGNALING_PATHWAY,-0.00408125159878657,0.47269542058971,classical Monocyte
Desulfovibrio,KEGG_MEDICUS_REFERENCE_ELECTRON_TRANSFER_IN_COMPLEX_I,-0.0793286539512645,2.06681739134386e-44,classical Monocyte
Desulfovibrio,KEGG_MEDICUS_REFERENCE_ELECTRON_TRANSFER_IN_COMPLEX_III,-0.0500170505032475,1.29661613140091e-18,classical Monocyte
Desulfovibrio,KEGG_MEDICUS_REFERENCE_ELECTRON_TRANSFER_IN_COMPLEX_IV,-0.0210923485776295,0.000205939075784594,classical Monocyte
Desulfovibrio,KEGG_MEDICUS_REFERENCE_EP_NE_ADRB_CAMP_SIGNALING_PATHWAY,0.0255894985819935,6.69325695523581e-06,classical Monocyte
Desulfovibrio,KEGG_MEDICUS_REFERENCE_EREG_EGFR_PI3K_SIGNALING_PATHWAY,0.0109837524898058,0.0532790097038824,classical Monocyte
Desulfovibrio,KEGG_MEDICUS_REFERENCE_EREG_EGFR_RAS_ERK_SIGNALING_PATHWAY,0.0524700062061966,2.50033230390106e-20,classical Monocyte
Desulfovibrio,KEGG_MEDICUS_REFERENCE_ERK_RSK_SIGNALING,0.0236650989711515,3.12085024757006e-05,classical Monocyte
Desulfovibrio,KEGG_MEDICUS_REFERENCE_ESTABLISHMENT_OF_COHESION,0.0511752782949261,2.05665758472454e-19,classical Monocyte
Desulfovibrio,KEGG_MEDICUS_REFERENCE_EXTRINSIC_APOPTOTIC_PATHWAY,-0.020082753286497,0.000409441315698144,classical Monocyte
Desulfovibrio,KEGG_MEDICUS_REFERENCE_FANCONI_ANEMIA_PATHWAY,-0.0201981366849197,0.000379087112901033,classical Monocyte
Desulfovibrio,KEGG_MEDICUS_REFERENCE_FASLG_RIPK1_3_SIGNALING_PATHWAY,-0.0201629620022321,0.000388110153431648,classical Monocyte
Desulfovibrio,KEGG_MEDICUS_REFERENCE_FAS_JNK_SIGNALING_PATHWAY,0.0303004667605641,9.68165049635742e-08,classical Monocyte
Desulfovibrio,KEGG_MEDICUS_REFERENCE_FE3_FERRITIN_TRANSPORT,0.0376085197710981,3.60242474431753e-11,classical Monocyte
Desulfovibrio,KEGG_MEDICUS_REFERENCE_FE_TF_TRANSPORT,-0.00914083634624471,0.107754981053132,classical Monocyte
Desulfovibrio,KEGG_MEDICUS_REFERENCE_FGF_FGFR_PI3K_SIGNALING_PATHWAY,0.0100547048441743,0.0768650386710372,classical Monocyte
Desulfovibrio,KEGG_MEDICUS_REFERENCE_FGF_FGFR_RAS_ERK_SIGNALING_PATHWAY,0.0529311072905503,1.16585995663163e-20,classical Monocyte
Desulfovibrio,KEGG_MEDICUS_REFERENCE_FLCN_MTORC1_SIGNALING_PATHWAY,-0.035066060297001,6.75250064752754e-10,classical Monocyte
Desulfovibrio,KEGG_MEDICUS_REFERENCE_FLT3LG_FLT3_RAS_ERK_SIGNALING_PATHWAY,0.050172145532513,1.01572044864987e-18,classical Monocyte
Desulfovibrio,KEGG_MEDICUS_REFERENCE_FLT3LG_FLT3_RAS_PI3K_SIGNALING_PATHWAY,0.0524928112695031,2.40811283981025e-20,classical Monocyte
Desulfovibrio,KEGG_MEDICUS_REFERENCE_FSHR_GNAS_PKA_SIGNALING_PATHWAY,0.0276711702287122,1.11777733352997e-06,classical Monocyte
Desulfovibrio,KEGG_MEDICUS_REFERENCE_GATOR1_MTORC1_SIGNALING_PATHWAY,-0.0334527290658508,3.91690783166199e-09,classical Monocyte
Desulfovibrio,KEGG_MEDICUS_REFERENCE_GENE_SILENCING_BY_METHYLATION_OF_H3K27_AND_UBIQUITINATION_OF_H2AK119,-0.0147275058543959,0.00955726323571644,classical Monocyte
Desulfovibrio,KEGG_MEDICUS_REFERENCE_GF_RTK_PI3K_SIGNALING_PATHWAY,-0.000232703488705763,0.967340345494637,classical Monocyte
Desulfovibrio,KEGG_MEDICUS_REFERENCE_GF_RTK_RAS_ERK_SIGNALING_PATHWAY,0.0391665093868668,5.42437850835661e-12,classical Monocyte
Desulfovibrio,KEGG_MEDICUS_REFERENCE_GF_RTK_RAS_PI3K_SIGNALING_PATHWAY,0.0402551035131294,1.38274736560514e-12,classical Monocyte
Desulfovibrio,KEGG_MEDICUS_REFERENCE_GHRHR_PKA_GH_SIGNALING_PATHWAY,0.0445893201299592,4.18008780953812e-15,classical Monocyte
Desulfovibrio,KEGG_MEDICUS_REFERENCE_GH_JAK_STAT_SIGNALING_PATHWAY,0.0401695236725313,1.54162444715793e-12,classical Monocyte
Desulfovibrio,KEGG_MEDICUS_REFERENCE_GLOBAL_GENOME_NER,-0.0266210425366768,2.8021976397131e-06,classical Monocyte
Desulfovibrio,KEGG_MEDICUS_REFERENCE_GLUCONEOGENESIS,-0.0351489851488393,6.15595107535089e-10,classical Monocyte
Desulfovibrio,KEGG_MEDICUS_REFERENCE_GLUTATHIONE_BIOSYNTHESIS,0.0194363211738021,0.000625868128631474,classical Monocyte
Desulfovibrio,KEGG_MEDICUS_REFERENCE_GLYCOGEN_BIOSYNTHESIS,-0.0207353705524649,0.000263482007791861,classical Monocyte
Desulfovibrio,KEGG_MEDICUS_REFERENCE_GLYCOGEN_DEGRADATION,-0.0127209418785434,0.0251986434910222,classical Monocyte
Desulfovibrio,KEGG_MEDICUS_REFERENCE_GLYCOGEN_DEGRADATION_AMYLASE_,0.0101387278895536,0.0744305181045269,classical Monocyte
Desulfovibrio,KEGG_MEDICUS_REFERENCE_GLYCOLYSIS,-0.00940280066936058,0.0980336876722756,classical Monocyte
Desulfovibrio,KEGG_MEDICUS_REFERENCE_GLYCOSAMINOGLYCAN_BIOSYNTHESIS_LINKAGE_TETRASACCHARIDE,-0.00132876516422915,0.815142810039118,classical Monocyte
Desulfovibrio,KEGG_MEDICUS_REFERENCE_GNRH_GNRHR_PLCB_PKC_SIGNALING_PATHWAY,0.0754500462743787,2.49438259577301e-40,classical Monocyte
Desulfovibrio,KEGG_MEDICUS_REFERENCE_GPCR_PI3K_SIGNALING_PATHWAY,-0.0266568951784276,2.71711371385484e-06,classical Monocyte
Desulfovibrio,KEGG_MEDICUS_REFERENCE_GPCR_PLCB_ITPR_SIGNALING_PATHWAY,0.0716362715750265,1.62500065157897e-36,classical Monocyte
Desulfovibrio,KEGG_MEDICUS_REFERENCE_GPI_ANCHOR_BIOSYNTHESIS,-0.0221976383895549,9.37737065405218e-05,classical Monocyte
Desulfovibrio,KEGG_MEDICUS_REFERENCE_HEDGEHOG_SIGNALING_PATHWAY,0.00281066978609713,0.620925496647484,classical Monocyte
Desulfovibrio,KEGG_MEDICUS_REFERENCE_HEDGEHOG_SIGNALING_PATHWAY_HH_LIGAND_SECRETION,0.00615954138434923,0.278460894485825,classical Monocyte
Desulfovibrio,KEGG_MEDICUS_REFERENCE_HEDGEHOG_SIGNALING_PATHWAY_PTCH_CORECEPTOR,-0.0117740397290966,0.0382918078510761,classical Monocyte
Desulfovibrio,KEGG_MEDICUS_REFERENCE_HEME_BIOSYNTHESIS,-0.0257121258535352,6.04515978084209e-06,classical Monocyte
Desulfovibrio,KEGG_MEDICUS_REFERENCE_HEPARAN_SULFATE_BIOSYNTHESIS,0.0216618994135905,0.000137922518420432,classical Monocyte
Desulfovibrio,KEGG_MEDICUS_REFERENCE_HEPARAN_SULFATE_DEGRADATION,0.000495956230555259,0.930461953577028,classical Monocyte
Desulfovibrio,KEGG_MEDICUS_REFERENCE_HGF_MET_PI3K_SIGNALING_PATHWAY,0.0116343034943437,0.0406454988354712,classical Monocyte
Desulfovibrio,KEGG_MEDICUS_REFERENCE_HGF_MET_RAS_ERK_SIGNALING_PATHWAY,0.0516861134034402,9.01088096383947e-20,classical Monocyte
Desulfovibrio,KEGG_MEDICUS_REFERENCE_HIF_1_SIGNALING_PATHWAY,-0.00980200735776981,0.0845802277793249,classical Monocyte
Desulfovibrio,KEGG_MEDICUS_REFERENCE_HOMOLOGOUS_RECOMBINATION,-0.0315030102616771,2.95066025063533e-08,classical Monocyte
Desulfovibrio,KEGG_MEDICUS_REFERENCE_HOMOLOGOUS_RECOMBINATION_IN_ICLR,-0.0334146069873964,4.07914762527129e-09,classical Monocyte
Desulfovibrio,KEGG_MEDICUS_REFERENCE_HORMONE_LIKE_CYTOKINE_TO_JAK_STAT_SIGNALING_PATHWAY,0.0839288893888403,1.61541320873034e-49,classical Monocyte
Desulfovibrio,KEGG_MEDICUS_REFERENCE_HYDROLYSIS_OF_SPHINGOMYELIN,0.00184379050471799,0.745623315469799,classical Monocyte
Desulfovibrio,KEGG_MEDICUS_REFERENCE_ICOSLG_ICOS_PI3K_SIGNALING_PATHWAY,0.00495847780247553,0.382962439733395,classical Monocyte
Desulfovibrio,KEGG_MEDICUS_REFERENCE_IFN_RIPK1_3_SIGNALING_PATHWAY,0.0178210520968658,0.00171346272594515,classical Monocyte
Desulfovibrio,KEGG_MEDICUS_REFERENCE_IGF2_IGF1R_PI3K_SIGNALING_PATHWAY,0.0130831073334139,0.021330950001059,classical Monocyte
Desulfovibrio,KEGG_MEDICUS_REFERENCE_IGF_IGF1R_PI3K_SIGNALING_PATHWAY,-0.0101214645026001,0.0749255050861607,classical Monocyte
Desulfovibrio,KEGG_MEDICUS_REFERENCE_IGF_IGF1R_RAS_ERK_SIGNALING_PATHWAY,0.0534677764791654,4.75772946151716e-21,classical Monocyte
Desulfovibrio,KEGG_MEDICUS_REFERENCE_IGF_IGFR_PI3K_NFKB_SIGNALING_PATHWAY,0.032706619944263,8.59883627028015e-09,classical Monocyte
Desulfovibrio,KEGG_MEDICUS_REFERENCE_IGG_FCGR_RAC_SIGNALING_PATHWAY,-0.0273164534483719,1.53032429756395e-06,classical Monocyte
Desulfovibrio,KEGG_MEDICUS_REFERENCE_II_BLOOD_GROUP_ANTIGEN_BIOSYNTHESIS,0.00230016443683209,0.6856869375744,classical Monocyte
Desulfovibrio,KEGG_MEDICUS_REFERENCE_IL10_FAMILY_TO_JAK_STAT_SIGNALING_PATHWAY,0.0195328993754999,0.00058787658023826,classical Monocyte
Desulfovibrio,KEGG_MEDICUS_REFERENCE_IL12_23_TO_JAK_STAT_SIGNALING_PATHWAY,0.039305677083443,4.56392317403439e-12,classical Monocyte
Desulfovibrio,KEGG_MEDICUS_REFERENCE_IL1_IL1R_JNK_SIGNALING_PATHWAY,0.04382924877468,1.20531619092733e-14,classical Monocyte
Desulfovibrio,KEGG_MEDICUS_REFERENCE_IL1_IL1R_P38_SIGNALING_PATHWAY,0.0123903752626838,0.0292445927524835,classical Monocyte
Desulfovibrio,KEGG_MEDICUS_REFERENCE_IL2_FAMILY_TO_JAK_STAT_SIGNALING_PATHWAY,0.00259563616039386,0.647884051993881,classical Monocyte
Desulfovibrio,KEGG_MEDICUS_REFERENCE_IL6_FAMILY_TO_JAK_STAT_SIGNALING_PATHWAY,0.0321970870654588,1.45696738192392e-08,classical Monocyte
Desulfovibrio,KEGG_MEDICUS_REFERENCE_INACTIVATION_OF_CONDENSIN_I,0.0180862985366433,0.00145984545205595,classical Monocyte
Desulfovibrio,KEGG_MEDICUS_REFERENCE_INTRINSIC_APOPTOTIC_PATHWAY,-0.027543179102703,1.25248047594997e-06,classical Monocyte
Desulfovibrio,KEGG_MEDICUS_REFERENCE_IRE1A_JNK_SIGNALING_PATHWAY,0.0422186728917059,1.07210318234806e-13,classical Monocyte
Desulfovibrio,KEGG_MEDICUS_REFERENCE_ISOLEUCINE_DEGRADATION,-0.0178583740189183,0.00167548092173369,classical Monocyte
Desulfovibrio,KEGG_MEDICUS_REFERENCE_ITGA_B_FAK_CDC42_SIGNALING_PATHWAY,0.0407867796512877,7.00013755260673e-13,classical Monocyte
Desulfovibrio,KEGG_MEDICUS_REFERENCE_ITGA_B_FAK_RAC_SIGNALING_PATHWAY,0.0252900178656199,8.5671629621408e-06,classical Monocyte
Desulfovibrio,KEGG_MEDICUS_REFERENCE_ITGA_B_RHOGAP_RHOA_SIGNALING_PATHWAY,0.0263723987943369,3.46663352093693e-06,classical Monocyte
Desulfovibrio,KEGG_MEDICUS_REFERENCE_ITGA_B_RHOGEF_RHOA_SIGNALING_PATHWAY,0.0283440858776393,6.09596449528321e-07,classical Monocyte
Desulfovibrio,KEGG_MEDICUS_REFERENCE_ITGA_B_RHOG_RAC_SIGNALING_PATHWAY,0.017643875790339,0.00190480809858063,classical Monocyte
Desulfovibrio,KEGG_MEDICUS_REFERENCE_ITGA_B_TALIN_VINCULIN_SIGNALING_PATHWAY,0.0326856347856451,8.78898719283307e-09,classical Monocyte
Desulfovibrio,KEGG_MEDICUS_REFERENCE_KEAP1_NRF2_SIGNALING_PATHWAY,-0.0192420744052752,0.000709292622900604,classical Monocyte
Desulfovibrio,KEGG_MEDICUS_REFERENCE_KERATAN_SULFATE_DEGRADATION,-0.00285708812683097,0.61517065771364,classical Monocyte
Desulfovibrio,KEGG_MEDICUS_REFERENCE_KINETOCHORE_FIBER_ORGANIZATION,-0.0626437906426841,2.64794099184287e-28,classical Monocyte
Desulfovibrio,KEGG_MEDICUS_REFERENCE_KINETOCHORE_MICROTUBULE_ATTACHMENT,-0.0635300080459736,4.59397005135239e-29,classical Monocyte
Desulfovibrio,KEGG_MEDICUS_REFERENCE_KISS1_KISS1R_PLCB_PKC_SIGNALING_PATHWAY,0.0931672821540621,1.19481050567959e-60,classical Monocyte
Desulfovibrio,KEGG_MEDICUS_REFERENCE_KITLG_KIT_PI3K_SIGNALING_PATHWAY,0.0111512477832775,0.0497478006055479,classical Monocyte
Desulfovibrio,KEGG_MEDICUS_REFERENCE_KITLG_KIT_RAS_ERK_SIGNALING_PATHWAY,0.0531694888061238,7.83835706743359e-21,classical Monocyte
Desulfovibrio,KEGG_MEDICUS_REFERENCE_LECTIN_PATHWAY_OF_COAGULATION_CASCADE_PROTHROMBIN_TO_THROMBIN,-0.00858306839490392,0.130987022259822,classical Monocyte
Desulfovibrio,KEGG_MEDICUS_REFERENCE_LECTIN_PATHWAY_OF_COMPLEMENT_CASCADE_C4_C2_TO_C3_CONVERTASE_FORMATION,-0.0120458356167825,0.0340444344981144,classical Monocyte
Desulfovibrio,KEGG_MEDICUS_REFERENCE_LESION_BYPASS_BY_TLS_AND_DSB_FORMATION,-0.0224889704190332,7.5756983357772e-05,classical Monocyte
Desulfovibrio,KEGG_MEDICUS_REFERENCE_LEUCINE_DEGRADATION,-0.00103645014585186,0.855297280442643,classical Monocyte
Desulfovibrio,KEGG_MEDICUS_REFERENCE_LHCGR_GNAS_PKA_SIGNALING_PATHWAY,0.0276711702287122,1.11777733352997e-06,classical Monocyte
Desulfovibrio,KEGG_MEDICUS_REFERENCE_LIGHT_HVEM_NFKB_SIGNALING_PATHWAY,0.0208633823647415,0.00024130337881419,classical Monocyte
Desulfovibrio,KEGG_MEDICUS_REFERENCE_LOADING_OF_THE_SMC5_SMC6_COMPLEX,-0.0120280268543058,0.0343098496380956,classical Monocyte
Desulfovibrio,KEGG_MEDICUS_REFERENCE_LONG_PATCH_BER,-0.0342616100718345,1.63848096580028e-09,classical Monocyte
Desulfovibrio,KEGG_MEDICUS_REFERENCE_LPAR_GNB_G_RHO_SIGNALING_PATHWAY,-0.0225180059682432,7.41529181906383e-05,classical Monocyte
Desulfovibrio,KEGG_MEDICUS_REFERENCE_LPA_GNA12_13_RHOA_SIGNALING_PATHWAY,0.0446239217669129,3.98166706459143e-15,classical Monocyte
Desulfovibrio,KEGG_MEDICUS_REFERENCE_LPA_GNAQ_11_RHOA_SIGNALING_PATHWAY,0.0285383489388759,5.10421948788647e-07,classical Monocyte
Desulfovibrio,KEGG_MEDICUS_REFERENCE_LYSOSOMAL_CA2_RELEASE,-0.0356005521635566,3.70646977451957e-10,classical Monocyte
Desulfovibrio,KEGG_MEDICUS_REFERENCE_MACHR_CA2_APOPTOTIC_PATHWAY,0.0822121299024322,1.40594346085263e-47,classical Monocyte
Desulfovibrio,KEGG_MEDICUS_REFERENCE_MAGI_PTEN_SIGNALING_PATHWAY,0.0461653422096249,4.39546044894553e-16,classical Monocyte
Desulfovibrio,KEGG_MEDICUS_REFERENCE_MANNOSE_TYPE_O_GLYCAN_BIOSYNTHESIS_FKTN_TO_LARGE,0.00270202345859882,0.634485757799788,classical Monocyte
Desulfovibrio,KEGG_MEDICUS_REFERENCE_MANNOSE_TYPE_O_GLYCAN_BIOSYNTHESIS_POMT_TO_POMK,-0.00886923305641105,0.118624130994774,classical Monocyte
Desulfovibrio,KEGG_MEDICUS_REFERENCE_MDA5_IRF7_3_SIGNALING_PATHWAY,0.00456859258127272,0.421483999187648,classical Monocyte
Desulfovibrio,KEGG_MEDICUS_REFERENCE_MDM2_P21_CELL_CYCLE_G1_S_N00066,-0.00382032879270763,0.501462515768307,classical Monocyte
Desulfovibrio,KEGG_MEDICUS_REFERENCE_MDM2_P21_CELL_CYCLE_G1_S_N00536,0.0217756046225908,0.000127168811984903,classical Monocyte
Desulfovibrio,KEGG_MEDICUS_REFERENCE_MEMBRANE_INITIATED_PROGESTERONE_SIGNALING_PATHWAY,0.0159825053702906,0.00491877068722478,classical Monocyte
Desulfovibrio,KEGG_MEDICUS_REFERENCE_METHIONINE_DEGRADATION,-0.00553980800158813,0.329690123519874,classical Monocyte
Desulfovibrio,KEGG_MEDICUS_REFERENCE_MEVALONATE_PATHWAY,-0.0389352387173354,7.21834390689683e-12,classical Monocyte
Desulfovibrio,KEGG_MEDICUS_REFERENCE_MGLUR1_TRPC3_SIGNALING_PATHWAY,0.0948653045028217,8.01554411049495e-63,classical Monocyte
Desulfovibrio,KEGG_MEDICUS_REFERENCE_MGLUR5_CA2_APOPTOTIC_PATHWAY,0.0826069042782128,5.0757105064622e-48,classical Monocyte
Desulfovibrio,KEGG_MEDICUS_REFERENCE_MICROTUBULE_DEPOLYMERIZATION,-0.0663013016277306,1.64006180664864e-31,classical Monocyte
Desulfovibrio,KEGG_MEDICUS_REFERENCE_MICROTUBULE_DEPOLYMERIZATION_AT_THE_MINUS_ENDS,-0.0657745425295768,4.87566203576615e-31,classical Monocyte
Desulfovibrio,KEGG_MEDICUS_REFERENCE_MICROTUBULE_NUCLEATION,-0.0609791270671158,6.6555269202245e-27,classical Monocyte
Desulfovibrio,KEGG_MEDICUS_REFERENCE_MICROTUBULE_RHOA_SIGNALING_PATHWAY,-0.0142959953575076,0.0118859334343599,classical Monocyte
Desulfovibrio,KEGG_MEDICUS_REFERENCE_MISMATCH_REPAIR,-0.0311066716047194,4.38619352513984e-08,classical Monocyte
Desulfovibrio,KEGG_MEDICUS_REFERENCE_MITOCHONDRIAL_COMPLEX_UCP1_IN_THERMOGENESIS,-0.070447256605568,2.28831749630639e-35,classical Monocyte
Desulfovibrio,KEGG_MEDICUS_REFERENCE_MLK_JNK_SIGNALING_PATHWAY,0.0147882739957549,0.00926431639485335,classical Monocyte
Desulfovibrio,KEGG_MEDICUS_REFERENCE_MODIFYING_OF_CONDENSIN_II_SUBUNITS,-0.010330051586483,0.0691216315372908,classical Monocyte
Desulfovibrio,KEGG_MEDICUS_REFERENCE_MODIFYING_OF_CONDENSIN_I_SUBUNITS,0.00565886361585664,0.319402446551765,classical Monocyte
Desulfovibrio,KEGG_MEDICUS_REFERENCE_MYOSTATIN_SIGNALING_PATHWAY,-0.00360857247346371,0.52547316109753,classical Monocyte
Desulfovibrio,KEGG_MEDICUS_REFERENCE_NAD_BIOSYNTHESIS,0.0926917498298541,4.77356697133467e-60,classical Monocyte
Desulfovibrio,KEGG_MEDICUS_REFERENCE_NALP12_INFLAMMASOME_SIGNALING_PATHWAY,-0.0251987787740125,9.23135591065408e-06,classical Monocyte
Desulfovibrio,KEGG_MEDICUS_REFERENCE_NLRC4_INFLAMMASOME_SIGNALING_PATHWAY,-0.0279186440630495,8.95785744423934e-07,classical Monocyte
Desulfovibrio,KEGG_MEDICUS_REFERENCE_NLRP1_INFLAMMASOME_SIGNALING_PATHWAY,-0.00264863875344855,0.641194356362895,classical Monocyte
Desulfovibrio,KEGG_MEDICUS_REFERENCE_NLRP3_INFLAMMASOME_SIGNALING_PATHWAY,-0.0291843231045723,2.80522843408975e-07,classical Monocyte
Desulfovibrio,KEGG_MEDICUS_REFERENCE_NODAL_SIGNALING_PATHWAY,0.0243687137449939,1.80030670575644e-05,classical Monocyte
Desulfovibrio,KEGG_MEDICUS_REFERENCE_NOD_NFKB_SIGNALING_PATHWAY,0.0231707827099365,4.55317287233388e-05,classical Monocyte
Desulfovibrio,KEGG_MEDICUS_REFERENCE_NON_CANONICAL_INFLAMMASOME_SIGNALING_PATHWAY,-0.032722169426685,8.460524951022e-09,classical Monocyte
Desulfovibrio,KEGG_MEDICUS_REFERENCE_NON_HOMOLOGOUS_END_JOINING,0.00596522419455619,0.293905650684286,classical Monocyte
Desulfovibrio,KEGG_MEDICUS_REFERENCE_NOTCH_LIGAND_UBIQUITYLATION,-0.00630134440984058,0.267544819945598,classical Monocyte
Desulfovibrio,KEGG_MEDICUS_REFERENCE_NOTCH_MESP2_SIGNALING,0.0232911441472026,4.15586253655572e-05,classical Monocyte
Desulfovibrio,KEGG_MEDICUS_REFERENCE_NOTCH_PROTEOLYTIC_ACTIVATION,0.0292052818021471,2.75069561903117e-07,classical Monocyte
Desulfovibrio,KEGG_MEDICUS_REFERENCE_NOTCH_SIGNALING_PATHWAY,0.0531122031333399,8.62440918581559e-21,classical Monocyte
Desulfovibrio,KEGG_MEDICUS_REFERENCE_NRG_ERBB4_PI3K_SIGNALING_PATHWAY,0.0280832376005908,7.72347737679914e-07,classical Monocyte
Desulfovibrio,KEGG_MEDICUS_REFERENCE_NUCLEAR_EXPORT_OF_MRNA,0.00442226980260258,0.436508057689776,classical Monocyte
Desulfovibrio,KEGG_MEDICUS_REFERENCE_NUCLEAR_INITIATED_ESTROGEN_SIGNALING_PATHWAY,0.0820870759622367,1.93948685178292e-47,classical Monocyte
Desulfovibrio,KEGG_MEDICUS_REFERENCE_NUCLEAR_INITIATED_PROGESTERONE_SIGNALING_PATHWAY,-0.0214520674363766,0.000160051595579948,classical Monocyte
Desulfovibrio,KEGG_MEDICUS_REFERENCE_N_GLYCAN_BIOSYNTHESIS,0.0127331797796149,0.0250586539242437,classical Monocyte
Desulfovibrio,KEGG_MEDICUS_REFERENCE_N_GLYCAN_PRECURSOR_BIOSYNTHESIS_ALG6_TO_OST,-0.0299647395027069,1.33854806727622e-07,classical Monocyte
Desulfovibrio,KEGG_MEDICUS_REFERENCE_N_GLYCAN_PRECURSOR_BIOSYNTHESIS_ALG7_TO_ALG11,-0.0118129697090592,0.0376570921708833,classical Monocyte
Desulfovibrio,KEGG_MEDICUS_REFERENCE_N_GLYCAN_PRECURSOR_BIOSYNTHESIS_GLC_6P_TO_MAN_P_DOL,-0.0306251499441099,7.05488041962646e-08,classical Monocyte
Desulfovibrio,KEGG_MEDICUS_REFERENCE_OKAZAKI_FRAGMENT_MATURATION,-0.0315097550129984,2.93070076144259e-08,classical Monocyte
Desulfovibrio,KEGG_MEDICUS_REFERENCE_ORGANIZATION_OF_THE_INNER_KINETOCHORE,-0.00159227405871489,0.779353802790471,classical Monocyte
Desulfovibrio,KEGG_MEDICUS_REFERENCE_ORGANIZATION_OF_THE_OUTER_KINETOCHORE,-0.0269901965293945,2.0362017364428e-06,classical Monocyte
Desulfovibrio,KEGG_MEDICUS_REFERENCE_ORIGIN_UNWINDING_AND_ELONGATION,-0.0368228454418886,9.10033549823958e-11,classical Monocyte
Desulfovibrio,KEGG_MEDICUS_REFERENCE_P15_CELL_CYCLE_G1_S,-0.0110793601494009,0.0512385684996399,classical Monocyte
Desulfovibrio,KEGG_MEDICUS_REFERENCE_P16_CELL_CYCLE_G1_S,-0.00494185347005831,0.384559604722462,classical Monocyte
Desulfovibrio,KEGG_MEDICUS_REFERENCE_P27_CELL_CYCLE_G1_S,-0.0332053020583773,5.09334056224342e-09,classical Monocyte
Desulfovibrio,KEGG_MEDICUS_REFERENCE_P300_P21_CELL_CYCLE_G1_S,0.0165533111177742,0.00358250711362213,classical Monocyte
Desulfovibrio,KEGG_MEDICUS_REFERENCE_P4_PR_PI3K_SIGNALING_PATHWAY,0.0151773440249741,0.00757131775412779,classical Monocyte
Desulfovibrio,KEGG_MEDICUS_REFERENCE_P4_PR_RAS_ERK_SIGNALING_PATHWAY,0.0515395027887479,1.14283876924007e-19,classical Monocyte
Desulfovibrio,KEGG_MEDICUS_REFERENCE_PDGF_PDGFR_PI3K_SIGNALING_PATHWAY,0.00973277979315695,0.0867998034778232,classical Monocyte
Desulfovibrio,KEGG_MEDICUS_REFERENCE_PDGF_PDGFR_PLCG_CAMK_SIGNALING_PATHWAY,-0.0350432277509221,6.92642256443962e-10,classical Monocyte
Desulfovibrio,KEGG_MEDICUS_REFERENCE_PDGF_PDGFR_RAS_ERK_SIGNALING_PATHWAY,0.0527753172433765,1.5097931873063e-20,classical Monocyte
Desulfovibrio,KEGG_MEDICUS_REFERENCE_PDL_PD1_SHP_PI3K_SIGNALING_PATHWAY,0.0010299932466833,0.856188896129479,classical Monocyte
Desulfovibrio,KEGG_MEDICUS_REFERENCE_PINK_PARKIN_MEDIATED_AUTOPHAGOSOME_FORMATION,-0.013461038957117,0.0178564777662806,classical Monocyte
Desulfovibrio,KEGG_MEDICUS_REFERENCE_PKA_HOLOENZYME,0.00108189488061389,0.849027228159854,classical Monocyte
Desulfovibrio,KEGG_MEDICUS_REFERENCE_PKR_EIF2ALPHA_SIGNALING_PATHWAY,-0.0306530188297278,6.86477968862016e-08,classical Monocyte
Desulfovibrio,KEGG_MEDICUS_REFERENCE_PLASMIN_MEDIATED_ACTIVATION_OF_LATENT_TGF_BETA,-0.0221000521464506,0.000100664245511807,classical Monocyte
Desulfovibrio,KEGG_MEDICUS_REFERENCE_PP2A_AKT_SIGNALING_PATHWAY,-0.0174048670134807,0.00219406186742473,classical Monocyte
Desulfovibrio,KEGG_MEDICUS_REFERENCE_PRE_IC_FORMATION,-0.0279519903027489,8.69334953346539e-07,classical Monocyte
Desulfovibrio,KEGG_MEDICUS_REFERENCE_PRL_JAK_STAT_SIGNALING_PATHWAY,0.0407216991423894,7.61194905886631e-13,classical Monocyte
Desulfovibrio,KEGG_MEDICUS_REFERENCE_PRNP_PI3K_NOX2_SIGNALING_PATHWAY,0.039200831211313,5.19845520736885e-12,classical Monocyte
Desulfovibrio,KEGG_MEDICUS_REFERENCE_PROK_PRKR_GI_ERK_SIGNALING_PATHWAY,0.00280170025445798,0.622040212533666,classical Monocyte
Desulfovibrio,KEGG_MEDICUS_REFERENCE_PROMOTION_OF_MICROTUBULE_GROWTH,-0.0424225356454029,8.16591855157599e-14,classical Monocyte
Desulfovibrio,KEGG_MEDICUS_REFERENCE_PTH_PTH1R_PKA_SIGNALING_PATHWAY,0.0276711702287122,1.11777733352997e-06,classical Monocyte
Desulfovibrio,KEGG_MEDICUS_REFERENCE_PURINE_SALVAGE_PATHWAY_ADENINE_TO_AMP,-0.00717907742874148,0.206525598608144,classical Monocyte
Desulfovibrio,KEGG_MEDICUS_REFERENCE_PURINE_SALVAGE_PATHWAY_HYPOXANTHINE_GUANINE_TO_IMP_GMP,0.0106243080839277,0.0615668084420956,classical Monocyte
Desulfovibrio,KEGG_MEDICUS_REFERENCE_PYRIN_INFLAMMASOME_SIGNALING_PATHWAY,-0.0305764083831873,7.39968461835285e-08,classical Monocyte
Desulfovibrio,KEGG_MEDICUS_REFERENCE_RAB7_REGULATED_MICROTUBULE_MINUS_END_DIRECTED_TRANSPORT,-0.0835252590679064,4.65530392927022e-49,classical Monocyte
Desulfovibrio,KEGG_MEDICUS_REFERENCE_RAC_CDC42_PAK_ERK_SIGNALING_PATHWAY,0.0334404934559655,3.96828335445886e-09,classical Monocyte
Desulfovibrio,KEGG_MEDICUS_REFERENCE_RAD51_DSDNA_DESTABILIZATION,-0.00748738256451877,0.187696037657956,classical Monocyte
Desulfovibrio,KEGG_MEDICUS_REFERENCE_RECRUITMENT_AND_FORMATION_OF_THE_MCC,-0.0212790619261759,0.000180767218717081,classical Monocyte
Desulfovibrio,KEGG_MEDICUS_REFERENCE_REGULATION_OF_COMPLEMENT_CASCADE_MAC_INHIBITION,-0.0566290832159487,2.02310636942895e-23,classical Monocyte
Desulfovibrio,KEGG_MEDICUS_REFERENCE_REGULATION_OF_EXTRINSIC_APOPTOTIC_PATHWAY_XIAP,-0.00598004189428045,0.292708058555231,classical Monocyte
Desulfovibrio,KEGG_MEDICUS_REFERENCE_REGULATION_OF_FIBRINOLYTIC_SYSTEM_C1INH,-0.057596273259745,3.57823157992782e-24,classical Monocyte
Desulfovibrio,KEGG_MEDICUS_REFERENCE_REGULATION_OF_FIBRINOLYTIC_SYSTEM_PAI,-0.0222776383687823,8.84596854369649e-05,classical Monocyte
Desulfovibrio,KEGG_MEDICUS_REFERENCE_REGULATION_OF_GF_RTK_RAS_ERK_SIGNALING_MRAS_SHOC2_PP1_HOLOPHOSPHATASE,0.00213793074734922,0.706790563464311,classical Monocyte
Desulfovibrio,KEGG_MEDICUS_REFERENCE_REGULATION_OF_GF_RTK_RAS_ERK_SIGNALING_PATHWAY_ADAPTOR_PROTEINS,0.0668048740040187,5.74123140378663e-32,classical Monocyte
Desulfovibrio,KEGG_MEDICUS_REFERENCE_REGULATION_OF_GF_RTK_RAS_ERK_SIGNALING_PTP,0.0430180612009792,3.65982263577723e-14,classical Monocyte
Desulfovibrio,KEGG_MEDICUS_REFERENCE_REGULATION_OF_GF_RTK_RAS_ERK_SIGNALING_RASGAP,0.0334546292517656,3.9089875278562e-09,classical Monocyte
Desulfovibrio,KEGG_MEDICUS_REFERENCE_REGULATION_OF_GF_RTK_RAS_ERK_SIGNALING_RAS_UBIQUITINATION_BY_CUL3_COMPLEX,0.022990176708725,5.21753293031791e-05,classical Monocyte
Desulfovibrio,KEGG_MEDICUS_REFERENCE_REGULATION_OF_GF_RTK_RAS_ERK_SIGNALING_SPRED_AND_NF1,0.0329819663796554,6.44562462662857e-09,classical Monocyte
Desulfovibrio,KEGG_MEDICUS_REFERENCE_REGULATION_OF_GF_RTK_RAS_ERK_SIGNALING_UBIQUITINATION_OF_RTK_BY_CBL,0.0116971453223465,0.0395722469369108,classical Monocyte
Desulfovibrio,KEGG_MEDICUS_REFERENCE_REGULATION_OF_NLRP3_INFLAMMASOME_SIGNALING_PATHWAY_NLRP3_INHIBITION,-0.0296173986734612,1.86480568437486e-07,classical Monocyte
Desulfovibrio,KEGG_MEDICUS_REFERENCE_REGULATION_OF_SERCA,-0.0309293031749234,5.22960975283734e-08,classical Monocyte
Desulfovibrio,KEGG_MEDICUS_REFERENCE_REGULATION_OF_TNF_NFKB_SIGNALING_PATHWAY_LUBAC_MEDIATED_LINEAR_UBIQUITINATION,-0.0162976706954742,0.00413375765040572,classical Monocyte
Desulfovibrio,KEGG_MEDICUS_REFERENCE_RELN_VLDLR_PI3K_SIGNALING_PATHWAY,-0.00450697290264066,0.427773652328898,classical Monocyte
Desulfovibrio,KEGG_MEDICUS_REFERENCE_RETROGRADE_AXONAL_TRANSPORT,-0.0719976702127368,7.20971413755101e-37,classical Monocyte
Desulfovibrio,KEGG_MEDICUS_REFERENCE_RIG_I_IRF7_3_SIGNALING_PATHWAY,0.0115284832187768,0.042508507219107,classical Monocyte
Desulfovibrio,KEGG_MEDICUS_REFERENCE_RIG_I_NFKB_SIGNALING_PATHWAY,0.0282072623845232,6.90334351954951e-07,classical Monocyte
Desulfovibrio,KEGG_MEDICUS_REFERENCE_RORA_MEDIATED_TRANSCRIPTION,-0.0024556263504511,0.665691418673919,classical Monocyte
Desulfovibrio,KEGG_MEDICUS_REFERENCE_RTK_PLCG_ITPR_SIGNALING_PATHWAY,0.0226790373981126,6.58240976718237e-05,classical Monocyte
Desulfovibrio,KEGG_MEDICUS_REFERENCE_SIALYL_LEWIS_X_ANTIGEN_BIOSYNTHESIS,-0.0113992982176187,0.0448802759596583,classical Monocyte
Desulfovibrio,KEGG_MEDICUS_REFERENCE_SKELETAL_TYPE_VGCC_RYR_SIGNALING,0.0258227592161466,5.51235183610799e-06,classical Monocyte
Desulfovibrio,KEGG_MEDICUS_REFERENCE_SPINDLE_ASSEMBLY_CHECKPOINT_SIGNALING,-0.0322821108492875,1.33497409527527e-08,classical Monocyte
Desulfovibrio,KEGG_MEDICUS_REFERENCE_STRAD_STK11_TSC_SIGNALING_PATHWAY,-0.0268138227825834,2.37300670487367e-06,classical Monocyte
Desulfovibrio,KEGG_MEDICUS_REFERENCE_TAC3_TACR3_PLC_PKC_SIGNALING_PATHWAY,0.0934039195516407,5.98130875715179e-61,classical Monocyte
Desulfovibrio,KEGG_MEDICUS_REFERENCE_TBK1_MEDIATED_AUTOPHAGOSOME_FORMATION,0.00129230439855807,0.820127172901027,classical Monocyte
Desulfovibrio,KEGG_MEDICUS_REFERENCE_TCR_PLCG_ITPR_SIGNALING_PATHWAY,0.0221793024240258,9.50334421691001e-05,classical Monocyte
Desulfovibrio,KEGG_MEDICUS_REFERENCE_TELOMERASE_RNA_MATURATION,-0.00365664504162213,0.519971162026928,classical Monocyte
Desulfovibrio,KEGG_MEDICUS_REFERENCE_TELOMERE_ELONGATION,-0.0377164765726631,3.16705705385859e-11,classical Monocyte
Desulfovibrio,KEGG_MEDICUS_REFERENCE_TESTOSTERONE_BIOSYNTHESIS,-0.013057851284223,0.0215828283591545,classical Monocyte
Desulfovibrio,KEGG_MEDICUS_REFERENCE_TETHERING_OF_LATE_ENDOSOMES_AND_LYSOSOMES,0.00305628710774818,0.590745637144999,classical Monocyte
Desulfovibrio,KEGG_MEDICUS_REFERENCE_TGFA_EGFR_PI3K_SIGNALING_PATHWAY,0.0166838027396077,0.00332770234013799,classical Monocyte
Desulfovibrio,KEGG_MEDICUS_REFERENCE_TGFA_EGFR_PLCG_PKC_SIGNALING_PATHWAY,0.0492439543713936,4.33081156570829e-18,classical Monocyte
Desulfovibrio,KEGG_MEDICUS_REFERENCE_TGFA_EGFR_RAS_ERK_SIGNALING_PATHWAY,0.0533244398120025,6.04978808832619e-21,classical Monocyte
Desulfovibrio,KEGG_MEDICUS_REFERENCE_TGF_BETA_SIGNALING_PATHWAY,-0.00441672161031174,0.437083738932875,classical Monocyte
Desulfovibrio,KEGG_MEDICUS_REFERENCE_THYROID_HORMONE_SIGNALING_PATHWAY,0.00239976998995135,0.672849262056289,classical Monocyte
Desulfovibrio,KEGG_MEDICUS_REFERENCE_TIGHT_JUNCTION_ACTIN_SIGNALING_PATHWAY,0.0262581233382646,3.82040687578799e-06,classical Monocyte
Desulfovibrio,KEGG_MEDICUS_REFERENCE_TLR1_2_4_NFKB_SIGNALING_PATHWAY,0.0294856902720547,2.11263513476434e-07,classical Monocyte
Desulfovibrio,KEGG_MEDICUS_REFERENCE_TLR2_4_MAPK_SIGNALING_PATHWAY,0.0513660004614969,1.51273557619001e-19,classical Monocyte
Desulfovibrio,KEGG_MEDICUS_REFERENCE_TLR3_IRF3_SIGNALING_PATHWAY,0.0337731099183133,2.78007689722176e-09,classical Monocyte
Desulfovibrio,KEGG_MEDICUS_REFERENCE_TLR3_IRF7_SIGNALING_PATHWAY,-0.0175313153729343,0.00203636450422543,classical Monocyte
Desulfovibrio,KEGG_MEDICUS_REFERENCE_TLR3_NFKB_SIGNALING_PATHWAY,0.0228089271875773,5.97593182664151e-05,classical Monocyte
Desulfovibrio,KEGG_MEDICUS_REFERENCE_TLR4_IRF3_7_SIGNALING_PATHWAY,-0.00546010610607267,0.336695817609046,classical Monocyte
Desulfovibrio,KEGG_MEDICUS_REFERENCE_TLR5_NFKB_SIGNALING_PATHWAY,0.00863662206515185,0.128600376476932,classical Monocyte
Desulfovibrio,KEGG_MEDICUS_REFERENCE_TLR7_8_9_IRF5_SIGNALING_PATHWAY,-0.0388857587858195,7.67173920200533e-12,classical Monocyte
Desulfovibrio,KEGG_MEDICUS_REFERENCE_TLR7_9_IRF7_SIGNALING_PATHWAY,-0.044230750917351,6.90419232733632e-15,classical Monocyte
Desulfovibrio,KEGG_MEDICUS_REFERENCE_TNFSF10_RIPK1_3_SIGNALING_PATHWAY,-0.0317865926551555,2.21547735204249e-08,classical Monocyte
Desulfovibrio,KEGG_MEDICUS_REFERENCE_TNF_JNK_SIGNALING_PATHWAY,0.0456933757915144,8.69784944546392e-16,classical Monocyte
Desulfovibrio,KEGG_MEDICUS_REFERENCE_TNF_NFKB_SIGNALING_PATHWAY,0.0140824358439423,0.0132146568776862,classical Monocyte
Desulfovibrio,KEGG_MEDICUS_REFERENCE_TNF_P38_SIGNALING_PATHWAY,0.0283987445838688,5.79956337819165e-07,classical Monocyte
Desulfovibrio,KEGG_MEDICUS_REFERENCE_TNF_RIPK1_3_SIGNALING_PATHWAY,-0.0154390748925415,0.0065942040017441,classical Monocyte
Desulfovibrio,KEGG_MEDICUS_REFERENCE_TRAIP_DEPENDENT_REPLISOME_DISASSEMBLY,-0.0365223978471542,1.29063919412328e-10,classical Monocyte
Desulfovibrio,KEGG_MEDICUS_REFERENCE_TRANSCRIPTIONAL_ACTIVATION_BY_ACETYLATION_OF_H3K27,-0.00297093576887365,0.601156503203308,classical Monocyte
Desulfovibrio,KEGG_MEDICUS_REFERENCE_TRANSCRIPTION_COUPLED_NER,-0.0624016753389995,4.2549408142033e-28,classical Monocyte
Desulfovibrio,KEGG_MEDICUS_REFERENCE_TRANSLATION_INITIATION,0.121420332801011,5.271767804114e-102,classical Monocyte
Desulfovibrio,KEGG_MEDICUS_REFERENCE_TRAPPI_RAB1_SIGNALING_PATHWAY,-0.0412088212670504,4.05284504928143e-13,classical Monocyte
Desulfovibrio,KEGG_MEDICUS_REFERENCE_TRH_TRHR_PLCB_PKC_SIGNALING_PATHWAY,0.0933099621719402,7.8741499739266e-61,classical Monocyte
Desulfovibrio,KEGG_MEDICUS_REFERENCE_TSC1_2_MTORC1_SIGNALING_PATHWAY,-0.0334709697429849,3.8415178474683e-09,classical Monocyte
Desulfovibrio,KEGG_MEDICUS_REFERENCE_TSH_DUOX2_TG_SIGNALING_PATHWAY,0.0931265634741192,1.34564192276682e-60,classical Monocyte
Desulfovibrio,KEGG_MEDICUS_REFERENCE_TSH_TG_SIGNALING_PATHWAY,0.0435355465843674,1.80616625006511e-14,classical Monocyte
Desulfovibrio,KEGG_MEDICUS_REFERENCE_TYPE_II_INTERFERON_TO_JAK_STAT_SIGNALING_PATHWAY,0.0134260643443157,0.0181557554618457,classical Monocyte
Desulfovibrio,KEGG_MEDICUS_REFERENCE_TYPE_I_IFN_SIGNALING_PATHWAY,-0.0294769191091441,2.13022417142106e-07,classical Monocyte
Desulfovibrio,KEGG_MEDICUS_REFERENCE_TYPE_I_INTERFERON_TO_JAK_STAT_SIGNALING_PATHWAY,-0.0133780786593192,0.0185735115854118,classical Monocyte
Desulfovibrio,KEGG_MEDICUS_REFERENCE_TYROSINE_DEGRADATION,-0.0117247229512606,0.0391089081253184,classical Monocyte
Desulfovibrio,KEGG_MEDICUS_REFERENCE_UCHL1_MEDIATED_HYDROLYSIS,0.0446001231902841,4.11711547163745e-15,classical Monocyte
Desulfovibrio,KEGG_MEDICUS_REFERENCE_UREA_CYCLE,-0.0132766747799826,0.0194840733166778,classical Monocyte
Desulfovibrio,KEGG_MEDICUS_REFERENCE_VALINE_DEGRADATION,0.00765638079280576,0.177928042592868,classical Monocyte
Desulfovibrio,KEGG_MEDICUS_REFERENCE_VGCC_CA2_APOPTOTIC_PATHWAY,0.0228396197432438,5.84055901953762e-05,classical Monocyte
Desulfovibrio,KEGG_MEDICUS_REFERENCE_V_D_J_RECOMBINATION,0.00342727983961983,0.546486996855086,classical Monocyte
Desulfovibrio,KEGG_MEDICUS_REFERENCE_WEE1_CELL_CYCLE_G2_M,0.0282474472518383,6.65610340168214e-07,classical Monocyte
Desulfovibrio,KEGG_MEDICUS_REFERENCE_WNT5A_ROR_SIGNALING_PATHWAY,-0.031963169974603,1.85115245037494e-08,classical Monocyte
Desulfovibrio,KEGG_MEDICUS_REFERENCE_WNT_SIGNALING_MODULATION_LGR_RSPO,-0.0252756140861556,8.66889258151872e-06,classical Monocyte
Desulfovibrio,KEGG_MEDICUS_REFERENCE_WNT_SIGNALING_MODULATION_SOST_LRP4,-0.0263970182492888,3.39464085597398e-06,classical Monocyte
Desulfovibrio,KEGG_MEDICUS_REFERENCE_WNT_SIGNALING_MODULATION_WNT_ACYLATION,-0.0284742381200426,5.41293301277076e-07,classical Monocyte
Desulfovibrio,KEGG_MEDICUS_REFERENCE_WNT_SIGNALING_MODULATION_WNT_INHIBITOR,-0.0306150209974902,7.12522795914158e-08,classical Monocyte
Desulfovibrio,KEGG_MEDICUS_REFERENCE_WNT_SIGNALING_PATHWAY,-0.00840944650962833,0.138961174157109,classical Monocyte
Desulfovibrio,KEGG_MEDICUS_VARIANT_AML1_ETO_FUSION_TO_PU.1_MEDIATED_TRANSCRIPTION,0.0007680635058271,0.892500388970535,classical Monocyte
Desulfovibrio,KEGG_MEDICUS_VARIANT_AMPLIFIED_CCND1_TO_CELL_CYCLE_G1_S,0.0187661381729426,0.000959303363491966,classical Monocyte
Desulfovibrio,KEGG_MEDICUS_VARIANT_AMPLIFIED_CCNE_TO_CELL_CYCLE_G1_S,0.0216109938722423,0.000143009527610449,classical Monocyte
Desulfovibrio,KEGG_MEDICUS_VARIANT_AMPLIFIED_CDK4_TO_CELL_CYCLE_G1_S,-0.00539362509196595,0.342612102504422,classical Monocyte
Desulfovibrio,KEGG_MEDICUS_VARIANT_AMPLIFIED_EGFR_TO_PI3K_SIGNALING_PATHWAY,0.0167682145531098,0.00317178488602928,classical Monocyte
Desulfovibrio,KEGG_MEDICUS_VARIANT_AMPLIFIED_EGFR_TO_PLCG_CAMK_SIGNALING_PATHWAY,-0.034689286908673,1.02526188478757e-09,classical Monocyte
Desulfovibrio,KEGG_MEDICUS_VARIANT_AMPLIFIED_FGFR_TO_PI3K_SIGNALING_PATHWAY,0.0151055567524348,0.00786109009614546,classical Monocyte
Desulfovibrio,KEGG_MEDICUS_VARIANT_AMPLIFIED_FGFR_TO_RAS_ERK_SIGNALING_PATHWAY,0.0529602013027142,1.11081958551684e-20,classical Monocyte
Desulfovibrio,KEGG_MEDICUS_VARIANT_AMPLIFIED_MDM2_TO_P21_CELL_CYCLE_G1_S,-0.0040748307289211,0.473392254833937,classical Monocyte
Desulfovibrio,KEGG_MEDICUS_VARIANT_AMPLIFIED_MET_TO_PI3K_SIGNALING_PATHWAY,0.0189869286985746,0.000834602330787255,classical Monocyte
Desulfovibrio,KEGG_MEDICUS_VARIANT_AMPLIFIED_MYCN_TO_TRANSCRIPTIONAL_ACTIVATION,0.00131333285630138,0.817251580590474,classical Monocyte
Desulfovibrio,KEGG_MEDICUS_VARIANT_AMPLIFIED_MYCN_TO_TRANSCRIPTIONAL_REPRESSION,-0.00515975387584944,0.363948934854274,classical Monocyte
Desulfovibrio,KEGG_MEDICUS_VARIANT_AMPLIFIED_MYC_TO_CELL_CYCLE_G1_S,-0.0094876235446932,0.0950405974010855,classical Monocyte
Desulfovibrio,KEGG_MEDICUS_VARIANT_AMPLIFIED_MYC_TO_P27_CELL_CYCLE_G1_S,-0.0377372848764112,3.08927168301945e-11,classical Monocyte
Desulfovibrio,KEGG_MEDICUS_VARIANT_AMPLIFIED_PDGFR_TO_PI3K_SIGNALING_PATHWAY,0.0167682145531098,0.00317178488602928,classical Monocyte
Desulfovibrio,KEGG_MEDICUS_VARIANT_AMPLIFIED_PDGFR_TO_PLCG_CAMK_SIGNALING_PATHWAY,-0.034689286908673,1.02526188478757e-09,classical Monocyte
Desulfovibrio,KEGG_MEDICUS_VARIANT_AMPLIFIED_PDGFR_TO_RAS_ERK_SIGNALING_PATHWAY,0.0533260963597408,6.03303535719798e-21,classical Monocyte
Desulfovibrio,KEGG_MEDICUS_VARIANT_AMPLIFIED_REL_TO_TRANSCRIPTION,-0.00388312024830502,0.494456047842237,classical Monocyte
Desulfovibrio,KEGG_MEDICUS_VARIANT_BCL2_OVEREXPRESSION_TO_INTRINSIC_APOPTOTIC_PATHWAY,-0.012972987566912,0.0224482340998186,classical Monocyte
Desulfovibrio,KEGG_MEDICUS_VARIANT_BCR_ABL_FUSION_KINASE_TO_PI3K_SIGNALING_PATHWAY,0.0245505576655084,1.55797072282604e-05,classical Monocyte
Desulfovibrio,KEGG_MEDICUS_VARIANT_BCR_ABL_FUSION_KINASE_TO_RAS_ERK_SIGNALING_PATHWAY,0.0543089065682277,1.14696791003726e-21,classical Monocyte
Desulfovibrio,KEGG_MEDICUS_VARIANT_CDH1_REDUCED_EXPRESSION_TO_BETA_CATENIN_SIGNALING_PATHWAY,0.0149742375514773,0.00841697709396832,classical Monocyte
Desulfovibrio,KEGG_MEDICUS_VARIANT_CDX2_OVEREXPRESSION_TO_TRANSCRIPTIONAL_ACTIVATION,-0.0190652369197058,0.000794112996682971,classical Monocyte
Desulfovibrio,KEGG_MEDICUS_VARIANT_CYP11B1_CYP11B2_FUSION_TO_ACTH_CORTISOL_SIGNALING_PATHWAY,0.04496231348198,2.46986505692067e-15,classical Monocyte
Desulfovibrio,KEGG_MEDICUS_VARIANT_DELETED_DMD_TO_DYSTROPHIN_ASSOCIATED_PROTEIN_COMPLEX,0.0488658616168468,7.75904604500819e-18,classical Monocyte
Desulfovibrio,KEGG_MEDICUS_VARIANT_DUPLICATION_OR_MUTATION_ACTIVATED_FLT3_TO_JAK_STAT_SIGNALING_PATHWAY,-0.0146581373394507,0.00990174271786908,classical Monocyte
Desulfovibrio,KEGG_MEDICUS_VARIANT_DUPLICATION_OR_MUTATION_ACTIVATED_FLT3_TO_RAS_ERK_SIGNALING_PATHWAY,0.0518283162311704,7.15117709165522e-20,classical Monocyte
Desulfovibrio,KEGG_MEDICUS_VARIANT_DUPLICATION_OR_MUTATION_ACTIVATED_FLT3_TO_RAS_PI3K_SIGNALING_PATHWAY,0.0524890073906363,2.42325791390451e-20,classical Monocyte
Desulfovibrio,KEGG_MEDICUS_VARIANT_EGFR_OVEREXPRESSION_TO_PI3K_SIGNALING_PATHWAY,0.0116329607250206,0.0406686981019248,classical Monocyte
Desulfovibrio,KEGG_MEDICUS_VARIANT_EGF_OVEREXPRESSION_TO_PI3K_SIGNALING_PATHWAY,0.0179671392977776,0.00156916616427986,classical Monocyte
Desulfovibrio,KEGG_MEDICUS_VARIANT_EGF_OVEREXPRESSION_TO_RAS_ERK_SIGNALING_PATHWAY,0.0532902973966225,6.40550127467853e-21,classical Monocyte
Desulfovibrio,KEGG_MEDICUS_VARIANT_EML4_ALK_FUSION_KINASE_TO_JAK_STAT_SIGNALING_PATHWAY,0.00941369104803479,0.0976452438341934,classical Monocyte
Desulfovibrio,KEGG_MEDICUS_VARIANT_EML4_ALK_FUSION_KINASE_TO_PI3K_SIGNALING_PATHWAY,0.0125103235932752,0.0277161345185392,classical Monocyte
Desulfovibrio,KEGG_MEDICUS_VARIANT_EML4_ALK_FUSION_KINASE_TO_PLCG_ERK_SIGNALING_PATHWAY,0.0406376080795351,8.48069637086026e-13,classical Monocyte
Desulfovibrio,KEGG_MEDICUS_VARIANT_EML4_ALK_FUSION_KINASE_TO_RAS_ERK_SIGNALING_PATHWAY,0.0222848311318222,8.79961052719406e-05,classical Monocyte
Desulfovibrio,KEGG_MEDICUS_VARIANT_ERBB2_OVEREXPRESSION_TO_EGF_JAK_STAT_SIGNALING_PATHWAY,-0.00533346966610796,0.348022375816995,classical Monocyte
Desulfovibrio,KEGG_MEDICUS_VARIANT_ERBB2_OVEREXPRESSION_TO_PI3K_SIGNALING_PATHWAY,0.0110407246285897,0.0520551047953092,classical Monocyte
Desulfovibrio,KEGG_MEDICUS_VARIANT_ESR1_POSITIVE_TO_NUCLEAR_INITIATED_ESTROGEN_SIGNALING_PATHWAY,0.058388834679117,8.46785951212536e-25,classical Monocyte
Desulfovibrio,KEGG_MEDICUS_VARIANT_EWSR1_WT1_FUSION_TO_TRANSCRIPTIONAL_ACTIVATION,-0.0162004378487402,0.00436287879982786,classical Monocyte
Desulfovibrio,KEGG_MEDICUS_VARIANT_FUS_DDIT3_FUSION_TO_NFKB_MEDIATED_TRANSCRIPTION,0.0366053992564834,1.17220206253078e-10,classical Monocyte
Desulfovibrio,KEGG_MEDICUS_VARIANT_FZD7_OVEREXPRESSION_TO_WNT_SIGNALING_PATHWAY,-0.00491446780498566,0.387199520405845,classical Monocyte
Desulfovibrio,KEGG_MEDICUS_VARIANT_HRAS_OVEREXPRESSION_TO_ERK_SIGNALING_PATHWAY,0.0269241084867197,2.15664084072526e-06,classical Monocyte
Desulfovibrio,KEGG_MEDICUS_VARIANT_IGF2_OVEREXPRESSION_TO_RAS_ERK_SIGNALING_PATHWAY,0.0535332486439983,4.26234153720798e-21,classical Monocyte
Desulfovibrio,KEGG_MEDICUS_VARIANT_IGH_MMSET_FUSION_TO_TRANSCRIPTIONAL_ACTIVATION,-0.034805371957549,9.01890027664691e-10,classical Monocyte
Desulfovibrio,KEGG_MEDICUS_VARIANT_LMO2_REARRANGEMENT_TO_TRANSCRIPTIONAL_ACTIVATION,-0.0289124511428552,3.61444887303987e-07,classical Monocyte
Desulfovibrio,KEGG_MEDICUS_VARIANT_LMO2_REARRANGEMENT_TO_TRANSCRIPTIONAL_REPRESSION,-0.0337747973084663,2.77503888436676e-09,classical Monocyte
Desulfovibrio,KEGG_MEDICUS_VARIANT_LOSS_OF_CDKN1B_TO_P27_CELL_CYCLE_G1_S,0.0100072195772642,0.0782693573802042,classical Monocyte
Desulfovibrio,KEGG_MEDICUS_VARIANT_LOSS_OF_NKX3_1_TO_PI3K_SIGNALING_PATHWAY,-0.0192476053092034,0.000706780764481044,classical Monocyte
Desulfovibrio,KEGG_MEDICUS_VARIANT_LOSS_OF_RASSF1_TO_RAS_RASSF1_SIGNALING_PATHWAY,0.024336898633466,1.84623837649389e-05,classical Monocyte
Desulfovibrio,KEGG_MEDICUS_VARIANT_LOSS_OF_VHL_TO_HIF_1_SIGNALING_PATHWAY,-0.0377955544581509,2.88126321911022e-11,classical Monocyte
Desulfovibrio,KEGG_MEDICUS_VARIANT_LRP6_OVEREXPRESSION_TO_WNT_SIGNALING_PATHWAY,-0.00808342747231182,0.154937862082031,classical Monocyte
Desulfovibrio,KEGG_MEDICUS_VARIANT_MET_OVEREXPRESSION_TO_RAS_ERK_SIGNALING_PATHWAY,0.0532826809335524,6.48763254365787e-21,classical Monocyte
Desulfovibrio,KEGG_MEDICUS_VARIANT_MLL_AF4_FUSION_TO_TRANSCRIPTIONAL_ACTIVATION,0.060847513419048,8.55653763646968e-27,classical Monocyte
Desulfovibrio,KEGG_MEDICUS_VARIANT_MLL_ENL_FUSION_TO_TRANSCRIPTIONAL_ACTIVATION,0.00260745987248536,0.646389237626582,classical Monocyte
Desulfovibrio,KEGG_MEDICUS_VARIANT_MUTATION_ACTIVATED_BRAF_TO_ERK_SIGNALING_PATHWAY,0.0200013601577294,0.000432203106507847,classical Monocyte
Desulfovibrio,KEGG_MEDICUS_VARIANT_MUTATION_ACTIVATED_CACNA1D_H_TO_ANGIOTENSIN_ALDOSTERONE_SIGNALING_PATHWAY,-0.0104193742283382,0.0667517950984244,classical Monocyte
Desulfovibrio,KEGG_MEDICUS_VARIANT_MUTATION_ACTIVATED_EGFR_TO_PI3K_SIGNALING_PATHWAY,0.0125103235932752,0.0277161345185392,classical Monocyte
Desulfovibrio,KEGG_MEDICUS_VARIANT_MUTATION_ACTIVATED_EGFR_TO_PLCG_ERK_SIGNALING_PATHWAY,0.0406376080795351,8.48069637086026e-13,classical Monocyte
Desulfovibrio,KEGG_MEDICUS_VARIANT_MUTATION_ACTIVATED_EGFR_TO_RAS_ERK_SIGNALING_PATHWAY,0.0528938339270648,1.24033013526312e-20,classical Monocyte
Desulfovibrio,KEGG_MEDICUS_VARIANT_MUTATION_ACTIVATED_FGFR3_TO_RAS_ERK_SIGNALING_PATHWAY,0.058420847574554,7.98573755590672e-25,classical Monocyte
Desulfovibrio,KEGG_MEDICUS_VARIANT_MUTATION_ACTIVATED_GNAS_TO_ACTH_CORTISOL_SIGNALING_PATHWAY,0.0458262763306228,7.18203293235277e-16,classical Monocyte
Desulfovibrio,KEGG_MEDICUS_VARIANT_MUTATION_ACTIVATED_GNAS_TO_CRHR_PKA_ACTH_SIGNALING_PATHWAY,0.0436776135271399,1.48571008865667e-14,classical Monocyte
Desulfovibrio,KEGG_MEDICUS_VARIANT_MUTATION_ACTIVATED_KCNJ5_TO_ANGIOTENSIN_ALDOSTERONE_SIGNALING_PATHWAY,-0.0104193742283382,0.0667517950984244,classical Monocyte
Desulfovibrio,KEGG_MEDICUS_VARIANT_MUTATION_ACTIVATED_KIT_TO_PI3K_SIGNALING_PATHWAY,0.0121352360347912,0.0327384101978714,classical Monocyte
Desulfovibrio,KEGG_MEDICUS_VARIANT_MUTATION_ACTIVATED_KIT_TO_RAS_ERK_SIGNALING_PATHWAY,0.0531694888061238,7.83835706743359e-21,classical Monocyte
Desulfovibrio,KEGG_MEDICUS_VARIANT_MUTATION_ACTIVATED_KRAS_NRAS_TO_ERK_SIGNALING_PATHWAY,0.0237256607838684,2.97823472079387e-05,classical Monocyte
Desulfovibrio,KEGG_MEDICUS_VARIANT_MUTATION_ACTIVATED_KRAS_NRAS_TO_PI3K_SIGNALING_PATHWAY,0.0204154012583664,0.000327558525453277,classical Monocyte
Desulfovibrio,KEGG_MEDICUS_VARIANT_MUTATION_ACTIVATED_LRRK2_TO_INTRINSIC_APOPTOTIC_PATHWAY,0.0526219888702903,1.9457931479368e-20,classical Monocyte
Desulfovibrio,KEGG_MEDICUS_VARIANT_MUTATION_ACTIVATED_MET_TO_PI3K_SIGNALING_PATHWAY,0.0148356565313688,0.00904148551441915,classical Monocyte
Desulfovibrio,KEGG_MEDICUS_VARIANT_MUTATION_ACTIVATED_MET_TO_RAS_ERK_SIGNALING_PATHWAY,0.0528503902676634,1.33308012668237e-20,classical Monocyte
Desulfovibrio,KEGG_MEDICUS_VARIANT_MUTATION_ACTIVATED_PI3K_TO_PI3K_SIGNALING_PATHWAY,-0.0064464052977815,0.256686097039032,classical Monocyte
Desulfovibrio,KEGG_MEDICUS_VARIANT_MUTATION_ACTIVATED_PRKACA_TO_ACTH_CORTISOL_SIGNALING_PATHWAY,0.0368457491037522,8.86013789289083e-11,classical Monocyte
Desulfovibrio,KEGG_MEDICUS_VARIANT_MUTATION_ACTIVATED_PRKCG_TO_MGLUR1_TRPC3_SIGNALING_PATHWAY,0.0926339218386906,5.64654595479802e-60,classical Monocyte
Desulfovibrio,KEGG_MEDICUS_VARIANT_MUTATION_ACTIVATED_RET_TO_PI3K_SIGNALING_PATHWAY,0.0163013318403671,0.00412534775733136,classical Monocyte
Desulfovibrio,KEGG_MEDICUS_VARIANT_MUTATION_ACTIVATED_SMO_TO_HEDGEHOG_SIGNALING_PATHWAY,-0.0101586319707529,0.0738631349196215,classical Monocyte
Desulfovibrio,KEGG_MEDICUS_VARIANT_MUTATION_ACTIVATED_USP8_TO_EGFR_ERK_ACTH_SIGNALING_PATHWAY,0.0196060396944613,0.00056054564912186,classical Monocyte
Desulfovibrio,KEGG_MEDICUS_VARIANT_MUTATION_CAUSED_ABBERANT_ATXN2_3_TO_MGLUR5_CA2_APOPTOTIC_PATHWAY,0.0811766119092563,1.98830783158622e-46,classical Monocyte
Desulfovibrio,KEGG_MEDICUS_VARIANT_MUTATION_CAUSED_ABERRANT_ABETA_TO_26S_PROTEASOME_MEDIATED_PROTEIN_DEGRADATION,-0.103615761689616,1.18461337750785e-74,classical Monocyte
Desulfovibrio,KEGG_MEDICUS_VARIANT_MUTATION_CAUSED_ABERRANT_ABETA_TO_AGE_RAGE_SIGNALING_PATHWAY,0.0289900520408878,3.36296166128519e-07,classical Monocyte
Desulfovibrio,KEGG_MEDICUS_VARIANT_MUTATION_CAUSED_ABERRANT_ABETA_TO_ANTEROGRADE_AXONAL_TRANSPORT,-0.0574378323660543,4.76186550545928e-24,classical Monocyte
Desulfovibrio,KEGG_MEDICUS_VARIANT_MUTATION_CAUSED_ABERRANT_ABETA_TO_CROSSTALK_BETWEEN_EXTRINSIC_AND_INTRINSIC_APOPTOTIC_PATHWAYS,-0.0285144681110715,5.21717505642312e-07,classical Monocyte
Desulfovibrio,KEGG_MEDICUS_VARIANT_MUTATION_CAUSED_ABERRANT_ABETA_TO_ELECTRON_TRANSFER_IN_COMPLEX_I,-0.0775920793048609,1.47272353677901e-42,classical Monocyte
Desulfovibrio,KEGG_MEDICUS_VARIANT_MUTATION_CAUSED_ABERRANT_ABETA_TO_ELECTRON_TRANSFER_IN_COMPLEX_IV,-0.0198688016553576,0.000471817664663983,classical Monocyte
Desulfovibrio,KEGG_MEDICUS_VARIANT_MUTATION_CAUSED_ABERRANT_ABETA_TO_IRE1A_JNK_SIGNALING_PATHWAY,0.0471150514984976,1.09031450271238e-16,classical Monocyte
Desulfovibrio,KEGG_MEDICUS_VARIANT_MUTATION_CAUSED_ABERRANT_ABETA_TO_MACHR_CA2_APOPTOTIC_PATHWAY,0.0827755478577195,3.27965927329842e-48,classical Monocyte
Desulfovibrio,KEGG_MEDICUS_VARIANT_MUTATION_CAUSED_ABERRANT_ABETA_TO_MGLUR5_CA2_APOPTOTIC_PATHWAY,0.0849297753148189,1.14508554759411e-50,classical Monocyte
Desulfovibrio,KEGG_MEDICUS_VARIANT_MUTATION_CAUSED_ABERRANT_ABETA_TO_TRANSPORT_OF_CALCIUM,0.0227160754528724,6.40378297583989e-05,classical Monocyte
Desulfovibrio,KEGG_MEDICUS_VARIANT_MUTATION_CAUSED_ABERRANT_ABETA_TO_VGCC_CA2_APOPTOTIC_PATHWAY_N01004,0.0228177765969516,5.93659877177502e-05,classical Monocyte
Desulfovibrio,KEGG_MEDICUS_VARIANT_MUTATION_CAUSED_ABERRANT_ABETA_TO_VGCC_CA2_APOPTOTIC_PATHWAY_N01006,0.0142040712863908,0.0124426152722152,classical Monocyte
Desulfovibrio,KEGG_MEDICUS_VARIANT_MUTATION_CAUSED_ABERRANT_ATXN1_TO_RORA_MEDIATED_TRANSCRIPTION,0.033992118560245,2.19534219584701e-09,classical Monocyte
Desulfovibrio,KEGG_MEDICUS_VARIANT_MUTATION_CAUSED_ABERRANT_DCTN1_TO_RETROGRADE_AXONAL_TRANSPORT,-0.0634668809461631,5.20866774299622e-29,classical Monocyte
Desulfovibrio,KEGG_MEDICUS_VARIANT_MUTATION_CAUSED_ABERRANT_HTT_TO_26S_PROTEASOME_MEDIATED_PROTEIN_DEGRADATION,-0.10506897673518,1.01480265888393e-76,classical Monocyte
Desulfovibrio,KEGG_MEDICUS_VARIANT_MUTATION_CAUSED_ABERRANT_HTT_TO_ANTEROGRADE_AXONAL_TRANSPORT,-0.0495927658796485,2.51910533411652e-18,classical Monocyte
Desulfovibrio,KEGG_MEDICUS_VARIANT_MUTATION_CAUSED_ABERRANT_HTT_TO_AUTOPHAGY_VESICLE_NUCLEATION,0.000288182833399322,0.959559914672477,classical Monocyte
Desulfovibrio,KEGG_MEDICUS_VARIANT_MUTATION_CAUSED_ABERRANT_HTT_TO_CREB_MEDIATED_TRANSCRIPTION,0.0376444553518425,3.45137075492619e-11,classical Monocyte
Desulfovibrio,KEGG_MEDICUS_VARIANT_MUTATION_CAUSED_ABERRANT_HTT_TO_ELECTRON_TRANSFER_IN_COMPLEX_II,-0.0375922666687168,3.67285081871108e-11,classical Monocyte
Desulfovibrio,KEGG_MEDICUS_VARIANT_MUTATION_CAUSED_ABERRANT_HTT_TO_ELECTRON_TRANSFER_IN_COMPLEX_III,-0.0490063006462516,6.25126993916965e-18,classical Monocyte
Desulfovibrio,KEGG_MEDICUS_VARIANT_MUTATION_CAUSED_ABERRANT_HTT_TO_EXTRINSIC_APOPTOTIC_PATHWAY,0.00750927530184318,0.186408787777769,classical Monocyte
Desulfovibrio,KEGG_MEDICUS_VARIANT_MUTATION_CAUSED_ABERRANT_HTT_TO_MGLUR5_CA2_APOPTOTIC_PATHWAY,0.0830980099965211,1.41933141961555e-48,classical Monocyte
Desulfovibrio,KEGG_MEDICUS_VARIANT_MUTATION_CAUSED_ABERRANT_HTT_TO_REST_MEDIATED_TRANSCRIPTIONAL_REPRESSION,0.0105660661652917,0.0630052900926755,classical Monocyte
Desulfovibrio,KEGG_MEDICUS_VARIANT_MUTATION_CAUSED_ABERRANT_HTT_TO_RETROGRADE_AXONAL_TRANSPORT,-0.0702038357659696,3.91120866671065e-35,classical Monocyte
Desulfovibrio,KEGG_MEDICUS_VARIANT_MUTATION_CAUSED_ABERRANT_HTT_TO_TNF_JNK_SIGNALING_PATHWAY,0.0203905918987922,0.00033309232076889,classical Monocyte
Desulfovibrio,KEGG_MEDICUS_VARIANT_MUTATION_CAUSED_ABERRANT_HTT_TO_TRANSPORT_OF_CALCIUM,0.0253502817451667,8.15377629734596e-06,classical Monocyte
Desulfovibrio,KEGG_MEDICUS_VARIANT_MUTATION_CAUSED_ABERRANT_PSEN1_TO_ANTEROGRADE_AXONAL_TRANSPORT,0.0469915937155802,1.30899729239348e-16,classical Monocyte
Desulfovibrio,KEGG_MEDICUS_VARIANT_MUTATION_CAUSED_ABERRANT_PSEN1_TO_MGLUR5_CA2_APOPTOTIC_PATHWAY,0.0409788537363001,5.46237862141094e-13,classical Monocyte
Desulfovibrio,KEGG_MEDICUS_VARIANT_MUTATION_CAUSED_ABERRANT_PSEN1_TO_PERK_ATF4_SIGNALING_PATHWAY,0.0317073906549073,2.40066625384577e-08,classical Monocyte
Desulfovibrio,KEGG_MEDICUS_VARIANT_MUTATION_CAUSED_ABERRANT_PSEN_TO_MGLUR5_CA2_APOPTOTIC_PATHWAY,0.0293586208101857,2.3817265470392e-07,classical Monocyte
Desulfovibrio,KEGG_MEDICUS_VARIANT_MUTATION_CAUSED_ABERRANT_SNCA_TO_26S_PROTEASOME_MEDIATED_PROTEIN_DEGRADATION,-0.105565884741789,1.96253338864386e-77,classical Monocyte
Desulfovibrio,KEGG_MEDICUS_VARIANT_MUTATION_CAUSED_ABERRANT_SNCA_TO_ANTEROGRADE_AXONAL_TRANSPORT,-0.0514945969152318,1.22897274496585e-19,classical Monocyte
Desulfovibrio,KEGG_MEDICUS_VARIANT_MUTATION_CAUSED_ABERRANT_SNCA_TO_ELECTRON_TRANSFER_IN_COMPLEX_I,-0.0793211534940827,2.10568314420114e-44,classical Monocyte
Desulfovibrio,KEGG_MEDICUS_VARIANT_MUTATION_CAUSED_ABERRANT_SNCA_TO_PERK_ATF4_SIGNALING_PATHWAY,0.00211652510575811,0.709592377041778,classical Monocyte
Desulfovibrio,KEGG_MEDICUS_VARIANT_MUTATION_CAUSED_ABERRANT_SNCA_TO_VGCC_CA2_APOPTOTIC_PATHWAY,0.0241758399743763,2.09640763078207e-05,classical Monocyte
Desulfovibrio,KEGG_MEDICUS_VARIANT_MUTATION_CAUSED_ABERRANT_SOD1_TO_26S_PROTEASOME_MEDIATED_PROTEIN_DEGRADATION,-0.0592478075195712,1.73733441813865e-25,classical Monocyte
Desulfovibrio,KEGG_MEDICUS_VARIANT_MUTATION_CAUSED_ABERRANT_SOD1_TO_INTRINSIC_APOPTOTIC_PATHWAY,-0.0261514687789275,4.18161533564102e-06,classical Monocyte
Desulfovibrio,KEGG_MEDICUS_VARIANT_MUTATION_CAUSED_ABERRANT_SOD1_TO_PERK_ATF4_SIGNALING_PATHWAY,-0.00801210011161778,0.158612375164355,classical Monocyte
Desulfovibrio,KEGG_MEDICUS_VARIANT_MUTATION_CAUSED_ABERRANT_SOD1_TO_RETROGRADE_AXONAL_TRANSPORT,-0.0326590923949312,9.03535527719298e-09,classical Monocyte
Desulfovibrio,KEGG_MEDICUS_VARIANT_MUTATION_CAUSED_ABERRANT_SPTBN2_TO_MGLUR1_TRPC3_SIGNALING_PATHWAY,0.0930049463254796,1.91867710098892e-60,classical Monocyte
Desulfovibrio,KEGG_MEDICUS_VARIANT_MUTATION_CAUSED_ABERRANT_TDP43_TO_ELECTRON_TRANSFER_IN_COMPLEX_I,-0.0797577266281865,7.09862955218797e-45,classical Monocyte
Desulfovibrio,KEGG_MEDICUS_VARIANT_MUTATION_INACTIVATED_APC_TO_WNT_SIGNALING_PATHWAY,0.0317259507053953,2.35596641645514e-08,classical Monocyte
Desulfovibrio,KEGG_MEDICUS_VARIANT_MUTATION_INACTIVATED_ATP1A1_TO_ANGIOTENSIN_ALDOSTERONE_SIGNALING_PATHWAY,-0.0149638147783423,0.0084625685772426,classical Monocyte
Desulfovibrio,KEGG_MEDICUS_VARIANT_MUTATION_INACTIVATED_ATP2B3_TO_ANGIOTENSIN_ALDOSTERONE_SIGNALING_PATHWAY,-0.0105864331952935,0.0624991302476033,classical Monocyte
Desulfovibrio,KEGG_MEDICUS_VARIANT_MUTATION_INACTIVATED_ATXN3_TO_AUTOPHAGY_VESICLE_NUCLEATION,0.00605529591265168,0.286676519841941,classical Monocyte
Desulfovibrio,KEGG_MEDICUS_VARIANT_MUTATION_INACTIVATED_AXIN_TO_WNT_SIGNALING_PATHWAY,0.0327335355344749,8.36079517118841e-09,classical Monocyte
Desulfovibrio,KEGG_MEDICUS_VARIANT_MUTATION_INACTIVATED_DJ1_TO_FAS_JNK_SIGNALING_PATWHAY,0.00986934506551898,0.08246552097841,classical Monocyte
Desulfovibrio,KEGG_MEDICUS_VARIANT_MUTATION_INACTIVATED_ERBB4_TO_NRG_ERBB4_PI3K_SIGNALING_PATHWAY,0.0242565056503671,1.96732842011555e-05,classical Monocyte
Desulfovibrio,KEGG_MEDICUS_VARIANT_MUTATION_INACTIVATED_FGF17_TO_RAS_ERK_SIGNALING_PATHWAY,0.053164024214019,7.91017551668524e-21,classical Monocyte
Desulfovibrio,KEGG_MEDICUS_VARIANT_MUTATION_INACTIVATED_OPTN_TO_PINK_PARKIN_MEDIATED_AUTOPHAGOSOME_FORMATION,-0.0235870197099247,3.31430936210219e-05,classical Monocyte
Desulfovibrio,KEGG_MEDICUS_VARIANT_MUTATION_INACTIVATED_P62_TO_PINK_PARKIN_MEDIATED_AUTOPHAGOSOME_FORMATION,-0.0276066233177074,1.18386627497648e-06,classical Monocyte
Desulfovibrio,KEGG_MEDICUS_VARIANT_MUTATION_INACTIVATED_PDE11A_PDE8B_TO_ACTH_CORTISOL_SIGNALING_PATHWAY,0.0345217149003524,1.23281798538288e-09,classical Monocyte
Desulfovibrio,KEGG_MEDICUS_VARIANT_MUTATION_INACTIVATED_PINK1_TO_ELECTRON_TRANSFER_IN_COMPLEX_I,-0.0800578421782664,3.35002052508501e-45,classical Monocyte
Desulfovibrio,KEGG_MEDICUS_VARIANT_MUTATION_INACTIVATED_PINK1_TO_INTRINSIC_APOPTOTIC_PATHWAY_N01048,-0.00401753716712344,0.479635068702243,classical Monocyte
Desulfovibrio,KEGG_MEDICUS_VARIANT_MUTATION_INACTIVATED_PINK1_TO_INTRINSIC_APOPTOTIC_PATHWAY_N01050,-0.0118079641284868,0.0377381985390132,classical Monocyte
Desulfovibrio,KEGG_MEDICUS_VARIANT_MUTATION_INACTIVATED_PRKAR1A_TO_ACTH_CORTISOL_SIGNALING_PATHWAY,0.0346088953536273,1.12018883338599e-09,classical Monocyte
Desulfovibrio,KEGG_MEDICUS_VARIANT_MUTATION_INACTIVATED_PRKN_TO_INTRINSIC_APOPTOTIC_PATHWAY,-0.00777018239977667,0.171566892447261,classical Monocyte
Desulfovibrio,KEGG_MEDICUS_VARIANT_MUTATION_INACTIVATED_PRKN_TO_MGLUR1_SIGNALING_PATHWAY,0.0461779126774286,4.31587793670383e-16,classical Monocyte
Desulfovibrio,KEGG_MEDICUS_VARIANT_MUTATION_INACTIVATED_PROK2_TO_PROK_PRKR_GI_ERK_SIGNALING_PATHWAY,0.00280170025445798,0.622040212533666,classical Monocyte
Desulfovibrio,KEGG_MEDICUS_VARIANT_MUTATION_INACTIVATED_PROKR2_TO_PROK_PRKR_GI_ERK_SIGNALING_PATHWAY,0.00280170025445798,0.622040212533666,classical Monocyte
Desulfovibrio,KEGG_MEDICUS_VARIANT_MUTATION_INACTIVATED_PTCH1_TO_HEDGEHOG_SIGNALING_PATHWAY,-0.0101586319707529,0.0738631349196215,classical Monocyte
Desulfovibrio,KEGG_MEDICUS_VARIANT_MUTATION_INACTIVATED_RASD1_TO_CRHR_PKA_ACTH_SIGNALING_PATHWAY,0.0271884885991019,1.71237345867182e-06,classical Monocyte
Desulfovibrio,KEGG_MEDICUS_VARIANT_MUTATION_INACTIVATED_RUNX1_TO_TRANSCRIPTION,0.014723702044246,0.00957587211262385,classical Monocyte
Desulfovibrio,KEGG_MEDICUS_VARIANT_MUTATION_INACTIVATED_SIGMAR1_TO_CA2_APOPTOTIC_PATHWAY,0.0309190307631523,5.28299668686768e-08,classical Monocyte
Desulfovibrio,KEGG_MEDICUS_VARIANT_MUTATION_INACTIVATED_TP53_TO_TRANSCRIPTION,-0.0260813430374018,4.43670427013271e-06,classical Monocyte
Desulfovibrio,KEGG_MEDICUS_VARIANT_MUTATION_INACTIVATED_UBQLN2_TO_26S_PROTEASOME_MEDIATED_PROTEIN_DEGRADATION,-0.0569260974646615,1.19211548247119e-23,classical Monocyte
Desulfovibrio,KEGG_MEDICUS_VARIANT_MUTATION_INACTIVATED_VCP_TO_26S_PROTEASOME_MEDIATED_PROTEIN_DEGRADATION,-0.0570994745687615,8.74351614354589e-24,classical Monocyte
Desulfovibrio,KEGG_MEDICUS_VARIANT_NOTCH_OVEREXPRESSION_TO_NOTCH_SIGNALING_PATHWAY,0.0156803321080018,0.00579557602407584,classical Monocyte
Desulfovibrio,KEGG_MEDICUS_VARIANT_OLIGOMERIC_CONFORMATION_PRPC_TO_ANTEROGRADE_AXONAL_TRANSPORT,0.0199174758376009,0.000456893730853661,classical Monocyte
Desulfovibrio,KEGG_MEDICUS_VARIANT_PAX8_PPARG_FUSION_TO_PPARG_MEDIATED_TRANSCRIPTION,0.00523646170391118,0.356860832989625,classical Monocyte
Desulfovibrio,KEGG_MEDICUS_VARIANT_RET_FUSION_KINASE_TO_RAS_ERK_SIGNALING_PATHWAY,0.02269502515745,6.5047333123756e-05,classical Monocyte
Desulfovibrio,KEGG_MEDICUS_VARIANT_SCRAPIE_CONFORMATION_PRPSC_TO_26S_PROTEASOME_MEDIATED_PROTEIN_DEGRADATION,-0.102357879417694,6.90717122422416e-73,classical Monocyte
Desulfovibrio,KEGG_MEDICUS_VARIANT_SCRAPIE_CONFORMATION_PRPSC_TO_MGLUR5_CA2_APOPTOTIC_PATHWAY,0.038431401197121,1.33756942694676e-11,classical Monocyte
Desulfovibrio,KEGG_MEDICUS_VARIANT_SCRAPIE_CONFORMATION_PRPSC_TO_PERK_ATF4_SIGNALING_PATHWAY,0.00610740659283594,0.282549416177818,classical Monocyte
Desulfovibrio,KEGG_MEDICUS_VARIANT_SCRAPIE_CONFORMATION_PRPSC_TO_TRANSPORT_OF_CALCIUM,0.0261205607326381,4.29226463164499e-06,classical Monocyte
Desulfovibrio,KEGG_MEDICUS_VARIANT_SCRAPIE_CONFORMATION_PRPSC_TO_VGCC_CA2_APOPTOTIC_PATHWAY,0.0121425392528482,0.0326336409554726,classical Monocyte
Desulfovibrio,KEGG_MEDICUS_VARIANT_TEL_AML1_FUSION_TO_TRANSCRIPTIONAL_REPRESSION,0.00480411638753198,0.39794867126546,classical Monocyte
Desulfovibrio,KEGG_MEDICUS_VARIANT_TGFA_OVEREXPRESSION_TO_PI3K_SIGNALING_PATHWAY,0.0182611572040864,0.00131208375579144,classical Monocyte
Desulfovibrio,KEGG_MEDICUS_VARIANT_TMPRSS2_ERG_FUSION_TO_TRANSCRIPTIONAL_ACTIVATION,-0.0242426041665698,1.9890197286201e-05,classical Monocyte
Desulfovibrio,KEGG_MEDICUS_VARIANT_TRK_FUSION_KINASE_TO_RAS_ERK_SIGNALING_PATHWAY,0.0226127007086469,6.9141822003564e-05,classical Monocyte
