species,pathway,cor,pvalue,celltype
Butyricimonas,KEGG_ABC_TRANSPORTERS,0.0161439147449993,0.169476363591839,Non-classical monocytes
Butyricimonas,KEGG_ACUTE_MYELOID_LEUKEMIA,0.0537519631956422,4.70700279952103e-06,Non-classical monocytes
Butyricimonas,KEGG_ADHERENS_JUNCTION,-0.00171305828082425,0.884098038299159,Non-classical monocytes
Butyricimonas,KEGG_ADIPOCYTOKINE_SIGNALING_PATHWAY,0.0949182838596902,5.70089736998536e-16,Non-classical monocytes
Butyricimonas,KEGG_ALANINE_ASPARTATE_AND_GLUTAMATE_METABOLISM,0.0126765844468626,0.280684611646179,Non-classical monocytes
Butyricimonas,KEGG_ALDOSTERONE_REGULATED_SODIUM_REABSORPTION,0.0471014146237195,6.06121093389466e-05,Non-classical monocytes
Butyricimonas,KEGG_ALLOGRAFT_REJECTION,-0.0999950510476725,1.45506890938099e-17,Non-classical monocytes
Butyricimonas,KEGG_ALPHA_LINOLENIC_ACID_METABOLISM,0.033834301853135,0.00397647139582545,Non-classical monocytes
Butyricimonas,KEGG_ALZHEIMERS_DISEASE,-0.171286339332651,8.09104498338527e-49,Non-classical monocytes
Butyricimonas,KEGG_AMINOACYL_TRNA_BIOSYNTHESIS,0.0126312666238915,0.282407941271278,Non-classical monocytes
Butyricimonas,KEGG_AMINO_SUGAR_AND_NUCLEOTIDE_SUGAR_METABOLISM,0.0302101475250413,0.0101294145362232,Non-classical monocytes
Butyricimonas,KEGG_AMYOTROPHIC_LATERAL_SCLEROSIS_ALS,-0.0354936164510413,0.00251648345889947,Non-classical monocytes
Butyricimonas,KEGG_ANTIGEN_PROCESSING_AND_PRESENTATION,-0.105564138404343,2.09139692653495e-19,Non-classical monocytes
Butyricimonas,KEGG_APOPTOSIS,0.0737980580896883,3.2040466174328e-10,Non-classical monocytes
Butyricimonas,KEGG_ARACHIDONIC_ACID_METABOLISM,-0.0434126708425197,0.000218996567994442,Non-classical monocytes
Butyricimonas,KEGG_ARGININE_AND_PROLINE_METABOLISM,-0.0177662812748477,0.130539809441625,Non-classical monocytes
Butyricimonas,KEGG_ARRHYTHMOGENIC_RIGHT_VENTRICULAR_CARDIOMYOPATHY_ARVC,0.0320520123960245,0.00636749751309915,Non-classical monocytes
Butyricimonas,KEGG_ASCORBATE_AND_ALDARATE_METABOLISM,0.00225716568089534,0.847680887648216,Non-classical monocytes
Butyricimonas,KEGG_ASTHMA,-0.0779793013435972,3.01316486063939e-11,Non-classical monocytes
Butyricimonas,KEGG_AUTOIMMUNE_THYROID_DISEASE,-0.0991570851438821,2.70089464331953e-17,Non-classical monocytes
Butyricimonas,KEGG_AXON_GUIDANCE,0.0205356986596573,0.0805141340396679,Non-classical monocytes
Butyricimonas,KEGG_BASAL_CELL_CARCINOMA,0.05368826438914,4.83072810290732e-06,Non-classical monocytes
Butyricimonas,KEGG_BASAL_TRANSCRIPTION_FACTORS,0.00625059663241787,0.594786779778606,Non-classical monocytes
Butyricimonas,KEGG_BASE_EXCISION_REPAIR,-0.0111574993376999,0.34236672116686,Non-classical monocytes
Butyricimonas,KEGG_BETA_ALANINE_METABOLISM,-0.00334077429699676,0.776187631329783,Non-classical monocytes
Butyricimonas,KEGG_BIOSYNTHESIS_OF_UNSATURATED_FATTY_ACIDS,-0.01293920071857,0.270838645338802,Non-classical monocytes
Butyricimonas,KEGG_BLADDER_CANCER,0.0531892721921867,5.91363243183732e-06,Non-classical monocytes
Butyricimonas,KEGG_BUTANOATE_METABOLISM,0.00931732199102789,0.427839937818386,Non-classical monocytes
Butyricimonas,KEGG_B_CELL_RECEPTOR_SIGNALING_PATHWAY,0.00749965436334593,0.523338883593943,Non-classical monocytes
Butyricimonas,KEGG_CALCIUM_SIGNALING_PATHWAY,-0.038005710042229,0.00121497593182598,Non-classical monocytes
Butyricimonas,KEGG_CARDIAC_MUSCLE_CONTRACTION,-0.161872692395349,1.01201990896556e-43,Non-classical monocytes
Butyricimonas,KEGG_CELL_ADHESION_MOLECULES_CAMS,-0.0830468862337959,1.44913691031459e-12,Non-classical monocytes
Butyricimonas,KEGG_CELL_CYCLE,0.00925316793600774,0.431028013402926,Non-classical monocytes
Butyricimonas,KEGG_CHEMOKINE_SIGNALING_PATHWAY,0.025528270028526,0.0298003925129036,Non-classical monocytes
Butyricimonas,KEGG_CHRONIC_MYELOID_LEUKEMIA,0.0684519476883235,5.48008563880365e-09,Non-classical monocytes
Butyricimonas,KEGG_CIRCADIAN_RHYTHM_MAMMAL,0.0217146116531661,0.0645927565564293,Non-classical monocytes
Butyricimonas,KEGG_CITRATE_CYCLE_TCA_CYCLE,-0.0185894278982012,0.113640141898614,Non-classical monocytes
Butyricimonas,KEGG_COLORECTAL_CANCER,0.0177012725969381,0.131953418657702,Non-classical monocytes
Butyricimonas,KEGG_COMPLEMENT_AND_COAGULATION_CASCADES,-0.00140358342081971,0.90492613716125,Non-classical monocytes
Butyricimonas,KEGG_CYSTEINE_AND_METHIONINE_METABOLISM,-0.00311409868259667,0.791008607336423,Non-classical monocytes
Butyricimonas,KEGG_CYTOKINE_CYTOKINE_RECEPTOR_INTERACTION,0.0287274513772091,0.0144802094308328,Non-classical monocytes
Butyricimonas,KEGG_CYTOSOLIC_DNA_SENSING_PATHWAY,-0.0216472849733556,0.0654261704131071,Non-classical monocytes
Butyricimonas,KEGG_DILATED_CARDIOMYOPATHY,-0.0171684376507278,0.143990668269909,Non-classical monocytes
Butyricimonas,KEGG_DNA_REPLICATION,-0.000533480756962082,0.963790380300379,Non-classical monocytes
Butyricimonas,KEGG_DORSO_VENTRAL_AXIS_FORMATION,0.0267192374362239,0.0229579899794881,Non-classical monocytes
Butyricimonas,KEGG_DRUG_METABOLISM_CYTOCHROME_P450,-0.0767882638493344,5.98488683444754e-11,Non-classical monocytes
Butyricimonas,KEGG_DRUG_METABOLISM_OTHER_ENZYMES,0.0047213431589455,0.68785006797543,Non-classical monocytes
Butyricimonas,KEGG_ECM_RECEPTOR_INTERACTION,0.0286332943285292,0.0148052895315554,Non-classical monocytes
Butyricimonas,KEGG_ENDOCYTOSIS,0.0148885804371491,0.20513962738286,Non-classical monocytes
Butyricimonas,KEGG_ENDOMETRIAL_CANCER,0.0912528125950457,7.1624270188886e-15,Non-classical monocytes
Butyricimonas,KEGG_EPITHELIAL_CELL_SIGNALING_IN_HELICOBACTER_PYLORI_INFECTION,-0.0552895806354576,2.49449251866328e-06,Non-classical monocytes
Butyricimonas,KEGG_ERBB_SIGNALING_PATHWAY,0.0878323563443525,6.95346705234138e-14,Non-classical monocytes
Butyricimonas,KEGG_ETHER_LIPID_METABOLISM,0.049897414090803,2.1495037164367e-05,Non-classical monocytes
Butyricimonas,KEGG_FATTY_ACID_METABOLISM,0.0189682140478053,0.106465969600819,Non-classical monocytes
Butyricimonas,KEGG_FC_EPSILON_RI_SIGNALING_PATHWAY,0.0538904626593401,4.44837649031035e-06,Non-classical monocytes
Butyricimonas,KEGG_FC_GAMMA_R_MEDIATED_PHAGOCYTOSIS,-0.0211185973796052,0.0722832803693825,Non-classical monocytes
Butyricimonas,KEGG_FOCAL_ADHESION,0.0224186300133116,0.0563914729857445,Non-classical monocytes
Butyricimonas,KEGG_FOLATE_BIOSYNTHESIS,0.00533957198835163,0.649551879567748,Non-classical monocytes
Butyricimonas,KEGG_FRUCTOSE_AND_MANNOSE_METABOLISM,-0.0359090270055675,0.00223760984409368,Non-classical monocytes
Butyricimonas,KEGG_GALACTOSE_METABOLISM,0.00303122076630328,0.796446733014522,Non-classical monocytes
Butyricimonas,KEGG_GAP_JUNCTION,-0.00449175700643898,0.702285587035334,Non-classical monocytes
Butyricimonas,KEGG_GLIOMA,0.0248814719373687,0.0342033198119998,Non-classical monocytes
Butyricimonas,KEGG_GLUTATHIONE_METABOLISM,-0.0725437312757963,6.35358761258477e-10,Non-classical monocytes
Butyricimonas,KEGG_GLYCEROLIPID_METABOLISM,0.04544297782411,0.000109255783739709,Non-classical monocytes
Butyricimonas,KEGG_GLYCEROPHOSPHOLIPID_METABOLISM,0.0549227883224363,2.90683731077403e-06,Non-classical monocytes
Butyricimonas,KEGG_GLYCINE_SERINE_AND_THREONINE_METABOLISM,0.0229886489103532,0.0504034961579374,Non-classical monocytes
Butyricimonas,KEGG_GLYCOLYSIS_GLUCONEOGENESIS,-0.0844347464377301,6.11021945994378e-13,Non-classical monocytes
Butyricimonas,KEGG_GLYCOSAMINOGLYCAN_BIOSYNTHESIS_CHONDROITIN_SULFATE,0.0463069547682319,8.05700649819266e-05,Non-classical monocytes
Butyricimonas,KEGG_GLYCOSAMINOGLYCAN_BIOSYNTHESIS_HEPARAN_SULFATE,0.0517444698150028,1.05175036406229e-05,Non-classical monocytes
Butyricimonas,KEGG_GLYCOSAMINOGLYCAN_BIOSYNTHESIS_KERATAN_SULFATE,0.0218442318702781,0.0630128961422361,Non-classical monocytes
Butyricimonas,KEGG_GLYCOSAMINOGLYCAN_DEGRADATION,0.0489886939867039,3.02872774913298e-05,Non-classical monocytes
Butyricimonas,KEGG_GLYCOSPHINGOLIPID_BIOSYNTHESIS_GANGLIO_SERIES,0.0327633924584232,0.00529012457332986,Non-classical monocytes
Butyricimonas,KEGG_GLYCOSPHINGOLIPID_BIOSYNTHESIS_GLOBO_SERIES,0.0184565565418645,0.116245043506004,Non-classical monocytes
Butyricimonas,KEGG_GLYCOSPHINGOLIPID_BIOSYNTHESIS_LACTO_AND_NEOLACTO_SERIES,0.0347289403780161,0.00311434394987745,Non-classical monocytes
Butyricimonas,KEGG_GLYCOSYLPHOSPHATIDYLINOSITOL_GPI_ANCHOR_BIOSYNTHESIS,0.0285198654276807,0.0152054318855762,Non-classical monocytes
Butyricimonas,KEGG_GLYOXYLATE_AND_DICARBOXYLATE_METABOLISM,-0.0060018278850547,0.609531608989856,Non-classical monocytes
Butyricimonas,KEGG_GNRH_SIGNALING_PATHWAY,0.0260719659511603,0.0264851358358661,Non-classical monocytes
Butyricimonas,KEGG_GRAFT_VERSUS_HOST_DISEASE,-0.0991118320223516,2.79222465230364e-17,Non-classical monocytes
Butyricimonas,KEGG_HEDGEHOG_SIGNALING_PATHWAY,0.0149717583445184,0.202619765096294,Non-classical monocytes
Butyricimonas,KEGG_HEMATOPOIETIC_CELL_LINEAGE,-0.0113612372032484,0.33362480285983,Non-classical monocytes
Butyricimonas,KEGG_HISTIDINE_METABOLISM,0.0226449134289797,0.0539470627402693,Non-classical monocytes
Butyricimonas,KEGG_HOMOLOGOUS_RECOMBINATION,-0.028285036074447,0.0160642099737837,Non-classical monocytes
Butyricimonas,KEGG_HUNTINGTONS_DISEASE,-0.166183409242515,5.11110061973801e-46,Non-classical monocytes
Butyricimonas,KEGG_HYPERTROPHIC_CARDIOMYOPATHY_HCM,-0.00932391408943712,0.427513129134817,Non-classical monocytes
Butyricimonas,KEGG_INOSITOL_PHOSPHATE_METABOLISM,0.0700793617583539,2.35969688299152e-09,Non-classical monocytes
Butyricimonas,KEGG_INSULIN_SIGNALING_PATHWAY,0.0305062486158557,0.00941529651279085,Non-classical monocytes
Butyricimonas,KEGG_INTESTINAL_IMMUNE_NETWORK_FOR_IGA_PRODUCTION,-0.0719943884113476,8.54446931809309e-10,Non-classical monocytes
Butyricimonas,KEGG_JAK_STAT_SIGNALING_PATHWAY,0.129526435779028,1.77432826054164e-28,Non-classical monocytes
Butyricimonas,KEGG_LEISHMANIA_INFECTION,-0.068746661953664,4.71119183339855e-09,Non-classical monocytes
Butyricimonas,KEGG_LEUKOCYTE_TRANSENDOTHELIAL_MIGRATION,-0.0222837384162367,0.0578919995357569,Non-classical monocytes
Butyricimonas,KEGG_LIMONENE_AND_PINENE_DEGRADATION,-0.00396412801563197,0.735863065715416,Non-classical monocytes
Butyricimonas,KEGG_LINOLEIC_ACID_METABOLISM,0.0299891493971905,0.0106934237436379,Non-classical monocytes
Butyricimonas,KEGG_LONG_TERM_DEPRESSION,0.0362653017796143,0.00202130518311901,Non-classical monocytes
Butyricimonas,KEGG_LONG_TERM_POTENTIATION,0.0423004284103822,0.000316689009428903,Non-classical monocytes
Butyricimonas,KEGG_LYSINE_DEGRADATION,0.0551289152777897,2.66768663912642e-06,Non-classical monocytes
Butyricimonas,KEGG_LYSOSOME,-0.0252063493136791,0.0319268207987372,Non-classical monocytes
Butyricimonas,KEGG_MAPK_SIGNALING_PATHWAY,0.0284331066959788,0.0155178856875648,Non-classical monocytes
Butyricimonas,KEGG_MELANOGENESIS,0.0195664269158388,0.0958721231381865,Non-classical monocytes
Butyricimonas,KEGG_MELANOMA,0.0906060109172974,1.10808579521287e-14,Non-classical monocytes
Butyricimonas,KEGG_METABOLISM_OF_XENOBIOTICS_BY_CYTOCHROME_P450,-0.0770694068446234,5.0945630667824e-11,Non-classical monocytes
Butyricimonas,KEGG_MISMATCH_REPAIR,-0.00953493278991312,0.417128735400866,Non-classical monocytes
Butyricimonas,KEGG_MTOR_SIGNALING_PATHWAY,0.0684404308975921,5.51248696016565e-09,Non-classical monocytes
Butyricimonas,KEGG_NATURAL_KILLER_CELL_MEDIATED_CYTOTOXICITY,-0.0222091344334986,0.0587360421606528,Non-classical monocytes
Butyricimonas,KEGG_NEUROACTIVE_LIGAND_RECEPTOR_INTERACTION,-0.0650451718736367,3.00719371894436e-08,Non-classical monocytes
Butyricimonas,KEGG_NEUROTROPHIN_SIGNALING_PATHWAY,0.013593639618648,0.247341232113997,Non-classical monocytes
Butyricimonas,KEGG_NICOTINATE_AND_NICOTINAMIDE_METABOLISM,0.00365235387383946,0.755948558801201,Non-classical monocytes
Butyricimonas,KEGG_NITROGEN_METABOLISM,0.00927933534746908,0.429725988083544,Non-classical monocytes
Butyricimonas,KEGG_NOD_LIKE_RECEPTOR_SIGNALING_PATHWAY,0.0162159762525845,0.167579957717658,Non-classical monocytes
Butyricimonas,KEGG_NON_HOMOLOGOUS_END_JOINING,0.00936644077653072,0.425408330248635,Non-classical monocytes
Butyricimonas,KEGG_NON_SMALL_CELL_LUNG_CANCER,0.10138963835902,5.13855894196879e-18,Non-classical monocytes
Butyricimonas,KEGG_NOTCH_SIGNALING_PATHWAY,0.0628744475196713,8.52134086940401e-08,Non-classical monocytes
Butyricimonas,KEGG_NUCLEOTIDE_EXCISION_REPAIR,0.0109464940294856,0.351573399417953,Non-classical monocytes
Butyricimonas,KEGG_N_GLYCAN_BIOSYNTHESIS,0.0504277604081739,1.75495742280119e-05,Non-classical monocytes
Butyricimonas,KEGG_ONE_CARBON_POOL_BY_FOLATE,0.0241068332335021,0.0401971336433524,Non-classical monocytes
Butyricimonas,KEGG_OOCYTE_MEIOSIS,-0.0405615670367783,0.000554206522992736,Non-classical monocytes
Butyricimonas,KEGG_OTHER_GLYCAN_DEGRADATION,0.0325880377673353,0.00553919267672,Non-classical monocytes
Butyricimonas,KEGG_OXIDATIVE_PHOSPHORYLATION,-0.191473407021768,8.93022245652002e-61,Non-classical monocytes
Butyricimonas,KEGG_O_GLYCAN_BIOSYNTHESIS,0.0492609347714751,2.73468828266893e-05,Non-classical monocytes
Butyricimonas,KEGG_P53_SIGNALING_PATHWAY,0.0758345043563022,1.02921659599155e-10,Non-classical monocytes
Butyricimonas,KEGG_PANCREATIC_CANCER,0.0228525493279348,0.051782507738554,Non-classical monocytes
Butyricimonas,KEGG_PANTOTHENATE_AND_COA_BIOSYNTHESIS,0.0109919810825668,0.349575546349561,Non-classical monocytes
Butyricimonas,KEGG_PARKINSONS_DISEASE,-0.187431580411222,2.87134479567002e-58,Non-classical monocytes
Butyricimonas,KEGG_PATHOGENIC_ESCHERICHIA_COLI_INFECTION,-0.0893705171647568,2.52860983379795e-14,Non-classical monocytes
Butyricimonas,KEGG_PATHWAYS_IN_CANCER,0.0293567196949621,0.0124647188175293,Non-classical monocytes
Butyricimonas,KEGG_PENTOSE_AND_GLUCURONATE_INTERCONVERSIONS,0.00351950412144843,0.764558432963191,Non-classical monocytes
Butyricimonas,KEGG_PENTOSE_PHOSPHATE_PATHWAY,-0.0541237496250185,4.04323751694237e-06,Non-classical monocytes
Butyricimonas,KEGG_PEROXISOME,-0.0621667718053516,1.18802929758789e-07,Non-classical monocytes
Butyricimonas,KEGG_PHENYLALANINE_METABOLISM,-0.0282452216833922,0.0162139639700468,Non-classical monocytes
Butyricimonas,KEGG_PHOSPHATIDYLINOSITOL_SIGNALING_SYSTEM,0.0741439663654864,2.64753026577267e-10,Non-classical monocytes
Butyricimonas,KEGG_PORPHYRIN_AND_CHLOROPHYLL_METABOLISM,-0.00919224442542097,0.43406826337384,Non-classical monocytes
Butyricimonas,KEGG_PPAR_SIGNALING_PATHWAY,-0.00317342503252634,0.787122063599521,Non-classical monocytes
Butyricimonas,KEGG_PRIMARY_BILE_ACID_BIOSYNTHESIS,-0.00652278264331634,0.578843250902853,Non-classical monocytes
Butyricimonas,KEGG_PRIMARY_IMMUNODEFICIENCY,0.0127616388762871,0.277469502882237,Non-classical monocytes
Butyricimonas,KEGG_PRION_DISEASES,0.0421867767773654,0.00032869546722767,Non-classical monocytes
Butyricimonas,KEGG_PROGESTERONE_MEDIATED_OOCYTE_MATURATION,0.0642033572831048,4.52183009738619e-08,Non-classical monocytes
Butyricimonas,KEGG_PROPANOATE_METABOLISM,-0.00310453421594769,0.791635676914862,Non-classical monocytes
Butyricimonas,KEGG_PROSTATE_CANCER,0.0641174028067742,4.71280173505269e-08,Non-classical monocytes
Butyricimonas,KEGG_PROTEASOME,-0.12205711463214,1.89269292880212e-25,Non-classical monocytes
Butyricimonas,KEGG_PROTEIN_EXPORT,-0.0925350042695257,2.98846073017527e-15,Non-classical monocytes
Butyricimonas,KEGG_PROXIMAL_TUBULE_BICARBONATE_RECLAMATION,-0.0244572200048365,0.0373838239787966,Non-classical monocytes
Butyricimonas,KEGG_PURINE_METABOLISM,0.00817038353008413,0.486875609750022,Non-classical monocytes
Butyricimonas,KEGG_PYRIMIDINE_METABOLISM,-0.00825764191106981,0.482234896958888,Non-classical monocytes
Butyricimonas,KEGG_PYRUVATE_METABOLISM,-0.00036139616027478,0.975465939985257,Non-classical monocytes
Butyricimonas,KEGG_REGULATION_OF_ACTIN_CYTOSKELETON,-0.0174555914264647,0.137403033336943,Non-classical monocytes
Butyricimonas,KEGG_REGULATION_OF_AUTOPHAGY,-0.0510194203968271,1.39638333200208e-05,Non-classical monocytes
Butyricimonas,KEGG_RENAL_CELL_CARCINOMA,0.0226483427435328,0.0539107090368022,Non-classical monocytes
Butyricimonas,KEGG_RENIN_ANGIOTENSIN_SYSTEM,0.0322526159940531,0.00604528143683462,Non-classical monocytes
Butyricimonas,KEGG_RETINOL_METABOLISM,-0.00711868034268132,0.544656839990436,Non-classical monocytes
Butyricimonas,KEGG_RIBOFLAVIN_METABOLISM,-0.0146453013774099,0.212640296378685,Non-classical monocytes
Butyricimonas,KEGG_RIBOSOME,-0.225289674837012,5.06180983987438e-84,Non-classical monocytes
Butyricimonas,KEGG_RIG_I_LIKE_RECEPTOR_SIGNALING_PATHWAY,0.075707676254108,1.10560896401848e-10,Non-classical monocytes
Butyricimonas,KEGG_RNA_DEGRADATION,0.0312608178007978,0.00779431653016668,Non-classical monocytes
Butyricimonas,KEGG_RNA_POLYMERASE,-0.0226979066320647,0.0533875680482677,Non-classical monocytes
Butyricimonas,KEGG_SELENOAMINO_ACID_METABOLISM,0.0316899296773503,0.00698842189773273,Non-classical monocytes
Butyricimonas,KEGG_SMALL_CELL_LUNG_CANCER,0.0974687233993997,9.24528681199276e-17,Non-classical monocytes
Butyricimonas,KEGG_SNARE_INTERACTIONS_IN_VESICULAR_TRANSPORT,-0.00766563098618581,0.514187143019825,Non-classical monocytes
Butyricimonas,KEGG_SPHINGOLIPID_METABOLISM,-0.00902189793340219,0.442634474579617,Non-classical monocytes
Butyricimonas,KEGG_SPLICEOSOME,-0.0871280225230715,1.09866756122435e-13,Non-classical monocytes
Butyricimonas,KEGG_STARCH_AND_SUCROSE_METABOLISM,0.0112312653711471,0.339184824045596,Non-classical monocytes
Butyricimonas,KEGG_STEROID_BIOSYNTHESIS,0.00352397299163184,0.764268329321776,Non-classical monocytes
Butyricimonas,KEGG_STEROID_HORMONE_BIOSYNTHESIS,0.0195050633385771,0.0969184060819154,Non-classical monocytes
Butyricimonas,KEGG_SULFUR_METABOLISM,0.0328344919697723,0.00519205221911591,Non-classical monocytes
Butyricimonas,KEGG_SYSTEMIC_LUPUS_ERYTHEMATOSUS,-0.0868033326128668,1.3549386135925e-13,Non-classical monocytes
Butyricimonas,KEGG_TASTE_TRANSDUCTION,0.0156152067899315,0.183884817177576,Non-classical monocytes
Butyricimonas,KEGG_TAURINE_AND_HYPOTAURINE_METABOLISM,0.0339447602161293,0.00385940916897708,Non-classical monocytes
Butyricimonas,KEGG_TERPENOID_BACKBONE_BIOSYNTHESIS,0.0108568496687856,0.355531821316896,Non-classical monocytes
Butyricimonas,KEGG_TGF_BETA_SIGNALING_PATHWAY,0.0117714702986482,0.316463600425079,Non-classical monocytes
Butyricimonas,KEGG_THYROID_CANCER,0.0320581840092016,0.00635735848317559,Non-classical monocytes
Butyricimonas,KEGG_TIGHT_JUNCTION,-0.0253715450685197,0.0308199200502123,Non-classical monocytes
Butyricimonas,KEGG_TOLL_LIKE_RECEPTOR_SIGNALING_PATHWAY,0.0449329846362999,0.000130456900022525,Non-classical monocytes
Butyricimonas,KEGG_TRYPTOPHAN_METABOLISM,-0.00234987690265305,0.841505796231508,Non-classical monocytes
Butyricimonas,KEGG_TYPE_II_DIABETES_MELLITUS,0.0470233721057977,6.23428757808694e-05,Non-classical monocytes
Butyricimonas,KEGG_TYPE_I_DIABETES_MELLITUS,-0.0977349222190198,7.62546107585802e-17,Non-classical monocytes
Butyricimonas,KEGG_TYROSINE_METABOLISM,-0.000244130762235743,0.983425302754513,Non-classical monocytes
Butyricimonas,KEGG_T_CELL_RECEPTOR_SIGNALING_PATHWAY,0.0533606415721503,5.51788231153942e-06,Non-classical monocytes
Butyricimonas,KEGG_UBIQUITIN_MEDIATED_PROTEOLYSIS,0.0565472484946194,1.46571054970305e-06,Non-classical monocytes
Butyricimonas,KEGG_VALINE_LEUCINE_AND_ISOLEUCINE_BIOSYNTHESIS,0.0127301481828194,0.278656934040965,Non-classical monocytes
Butyricimonas,KEGG_VALINE_LEUCINE_AND_ISOLEUCINE_DEGRADATION,0.0107986627829492,0.35811616156855,Non-classical monocytes
Butyricimonas,KEGG_VASCULAR_SMOOTH_MUSCLE_CONTRACTION,0.00321209230754451,0.784591765808699,Non-classical monocytes
Butyricimonas,KEGG_VASOPRESSIN_REGULATED_WATER_REABSORPTION,-0.0495551053228103,2.44754193138115e-05,Non-classical monocytes
Butyricimonas,KEGG_VEGF_SIGNALING_PATHWAY,0.0268842262678984,0.0221270034887113,Non-classical monocytes
Butyricimonas,KEGG_VIBRIO_CHOLERAE_INFECTION,-0.0701786348952173,2.24009962278225e-09,Non-classical monocytes
Butyricimonas,KEGG_VIRAL_MYOCARDITIS,-0.0923631305545134,3.36230258413661e-15,Non-classical monocytes
Butyricimonas,KEGG_WNT_SIGNALING_PATHWAY,0.0694370308927829,3.29816239959655e-09,Non-classical monocytes
Butyricimonas,KEGG_MEDICUS_ENV_FACTOR_ARSENIC_TO_ELECTRON_TRANSFER_IN_COMPLEX_IV,-0.148791624037189,3.89371886285757e-37,Non-classical monocytes
Butyricimonas,KEGG_MEDICUS_ENV_FACTOR_BENZO_A_PYRENRE_TO_CYP_MEDIATED_METABOLISM,-0.00606916958715416,0.605524160122267,Non-classical monocytes
Butyricimonas,KEGG_MEDICUS_ENV_FACTOR_DCE_TO_DNA_ADDUCTS,-0.0620840593023319,1.23479276883166e-07,Non-classical monocytes
Butyricimonas,KEGG_MEDICUS_ENV_FACTOR_E2_TO_NUCLEAR_INITIATED_ESTROGEN_SIGNALING_PATHWAY,0.0302004267312567,0.0101536549063517,Non-classical monocytes
Butyricimonas,KEGG_MEDICUS_ENV_FACTOR_E2_TO_RAS_ERK_SIGNALING_PATHWAY,0.0114389624321456,0.33032807317279,Non-classical monocytes
Butyricimonas,KEGG_MEDICUS_ENV_FACTOR_IRON_TO_ANTEROGRADE_AXONAL_TRANSPORT,-0.0830988443680078,1.40338839565557e-12,Non-classical monocytes
Butyricimonas,KEGG_MEDICUS_ENV_FACTOR_METALS_TO_JNK_SIGNALING_PATHWAY,0.00277964124698765,0.813013984101175,Non-classical monocytes
Butyricimonas,KEGG_MEDICUS_ENV_FACTOR_METALS_TO_KEAP1_NRF2_SIGNALIG_PATHWAY,-0.01452704307927,0.216357079302335,Non-classical monocytes
Butyricimonas,KEGG_MEDICUS_ENV_FACTOR_METALS_TO_NFKB_SIGNALING_PATHWAY,0.0203346234488891,0.083524122840119,Non-classical monocytes
Butyricimonas,KEGG_MEDICUS_ENV_FACTOR_METALS_TO_RAS_ERK_SIGNALING_PATHWAY,0.00982920976590291,0.402898137305319,Non-classical monocytes
Butyricimonas,KEGG_MEDICUS_ENV_FACTOR_NICOTINE_NNK_TO_PI3K_SIGNALING_PATHWAY,0.0403283358494194,0.000596464197164225,Non-classical monocytes
Butyricimonas,KEGG_MEDICUS_ENV_FACTOR_NICOTINE_TO_JAK_STAT_SIGNALING_PATHWAY,0.0353064841649936,0.00265220493300415,Non-classical monocytes
Butyricimonas,KEGG_MEDICUS_ENV_FACTOR_NNK_NNN_TO_CHRNA7_E2F_SIGNALING_PATHWAY,0.0348594743565037,0.00300389939503696,Non-classical monocytes
Butyricimonas,KEGG_MEDICUS_ENV_FACTOR_NNK_NNN_TO_PI3K_SIGNALING_PATHWAY_N01339,0.0715947936002973,1.05848706425831e-09,Non-classical monocytes
Butyricimonas,KEGG_MEDICUS_ENV_FACTOR_NNK_NNN_TO_PI3K_SIGNALING_PATHWAY_N01350,0.0606948587857233,2.34448842787377e-07,Non-classical monocytes
Butyricimonas,KEGG_MEDICUS_ENV_FACTOR_NNK_NNN_TO_RAS_ERK_SIGNALING_PATHWAY,0.0144425219018878,0.219042024837673,Non-classical monocytes
Butyricimonas,KEGG_MEDICUS_ENV_FACTOR_PARAQUAT_TO_FAS_JNK_SIGNALING_PATHWAY,-0.00378194993481878,0.747578638630975,Non-classical monocytes
Butyricimonas,KEGG_MEDICUS_ENV_FACTOR_PHIP_TO_DNA_ADDUCTS,0.0205252878473229,0.0806677859339283,Non-classical monocytes
Butyricimonas,KEGG_MEDICUS_ENV_FACTOR_TCDD_TO_AHR_SIGNALING_PATHWAY,-0.0629799063723598,8.10716081228788e-08,Non-classical monocytes
Butyricimonas,KEGG_MEDICUS_ENV_FACTOR_ZN_TO_ANTEROGRADE_AXONAL_TRANSPORT,-0.0825958178197942,1.91291898310471e-12,Non-classical monocytes
Butyricimonas,KEGG_MEDICUS_PATHOGEN_ARSENIC_TO_ELECTRON_TRANSFER_IN_COMPLEX_II,-0.0331129708185265,0.00482354658078463,Non-classical monocytes
Butyricimonas,KEGG_MEDICUS_PATHOGEN_EBV_BARF1_TO_INTRINSIC_APOPTOTIC_PATHWAY,0.00883034428114655,0.452381587637398,Non-classical monocytes
Butyricimonas,KEGG_MEDICUS_PATHOGEN_EBV_EBNA1_TO_P53_MEDIATED_TRANSCRIPTION,-0.0035506900855263,0.762534639003432,Non-classical monocytes
Butyricimonas,KEGG_MEDICUS_PATHOGEN_EBV_EBNA2_TO_RBP_JK_MEDIATED_TRANSCRIPTION,0.00422210259047226,0.719378243868071,Non-classical monocytes
Butyricimonas,KEGG_MEDICUS_PATHOGEN_EBV_EBNA3C_TO_CELL_CYCLE_G1_S_N00483,0.115747336714069,4.93413627880591e-23,Non-classical monocytes
Butyricimonas,KEGG_MEDICUS_PATHOGEN_EBV_EBNA3C_TO_CELL_CYCLE_G1_S_N00484,0.0398233844362328,0.0006984280813502,Non-classical monocytes
Butyricimonas,KEGG_MEDICUS_PATHOGEN_EBV_EBNA3C_TO_P27_CELL_CYCLE_G1_S_N00264,0.0146177613214012,0.213501717394632,Non-classical monocytes
Butyricimonas,KEGG_MEDICUS_PATHOGEN_EBV_EBNA3C_TO_P27_CELL_CYCLE_G1_S_N00482,0.0363066244087578,0.00199749948214825,Non-classical monocytes
Butyricimonas,KEGG_MEDICUS_PATHOGEN_EBV_EBNA3C_TO_P53_MEDIATED_TRANSCRIPTION,-0.00315582241031135,0.788274685282576,Non-classical monocytes
Butyricimonas,KEGG_MEDICUS_PATHOGEN_EBV_LMP1_TO_NFKB_SIGNALING_PATHWAY,0.0255067713460872,0.0299385071589557,Non-classical monocytes
Butyricimonas,KEGG_MEDICUS_PATHOGEN_EBV_LMP1_TO_PI3K_SIGNALING_PATHWAY,0.0632940536819803,6.98562062491696e-08,Non-classical monocytes
Butyricimonas,KEGG_MEDICUS_PATHOGEN_EBV_LMP2A_TO_PI3K_SIGNALING_PATHWAY,0.0316520425271761,0.00705643817106332,Non-classical monocytes
Butyricimonas,KEGG_MEDICUS_PATHOGEN_ESCHERICHIA_EAE_TIR_TCCP_TO_ACTIN_SIGNALING_PATHWAY,-0.0821097794778221,2.57581330818981e-12,Non-classical monocytes
Butyricimonas,KEGG_MEDICUS_PATHOGEN_ESCHERICHIA_EAE_TIR_TO_ACTIN_SIGNALING_PATHWAY,-0.0746129048895727,2.04133833861856e-10,Non-classical monocytes
Butyricimonas,KEGG_MEDICUS_PATHOGEN_ESCHERICHIA_ESPG_TO_MICROTUBULE_RHOA_SIGNALING_PATHWAY,-0.0844027078175002,6.23423879024378e-13,Non-classical monocytes
Butyricimonas,KEGG_MEDICUS_PATHOGEN_ESCHERICHIA_ESPJ_TO_IGG_FCGR_RAC_SIGNALING_PATHWAY,-0.0204852936160778,0.0812602713436183,Non-classical monocytes
Butyricimonas,KEGG_MEDICUS_PATHOGEN_ESCHERICHIA_ESPT_TO_RAC_SIGNALING_PATHWAY,-0.0799585878755054,9.4165657971348e-12,Non-classical monocytes
Butyricimonas,KEGG_MEDICUS_PATHOGEN_ESCHERICHIA_MAP_TO_CDC42_SIGNALING_PATHWAY,-0.0837847168729749,9.17226247965111e-13,Non-classical monocytes
Butyricimonas,KEGG_MEDICUS_PATHOGEN_ESCHERICHIA_MAP_TO_LPA_GNA12_13_RHOA_SIGNALING_PATHWAY,0.00932742590792504,0.427339087217747,Non-classical monocytes
Butyricimonas,KEGG_MEDICUS_PATHOGEN_ESCHERICHIA_TIR_TO_TLR2_4_MAPK_SIGNALING_PATHWAY,-0.0159283481549217,0.175245354802604,Non-classical monocytes
Butyricimonas,KEGG_MEDICUS_PATHOGEN_HBV_HBX_TO_CREB_MEDIATED_TRANSCRIPTION,0.0438787491410359,0.000187157090629011,Non-classical monocytes
Butyricimonas,KEGG_MEDICUS_PATHOGEN_HBV_HBX_TO_ERK_SIGNALING_PATHWAY,-0.0097301626617471,0.407655047176076,Non-classical monocytes
Butyricimonas,KEGG_MEDICUS_PATHOGEN_HBV_HBX_TO_RAS_ERK_SIGNALING_PATHWAY,0.023137617663192,0.0489294940777384,Non-classical monocytes
Butyricimonas,KEGG_MEDICUS_PATHOGEN_HBV_LHBS_TO_PKC_ERK_SIGNALING_PATHWAY,0.0210751460958217,0.0728720889432449,Non-classical monocytes
Butyricimonas,KEGG_MEDICUS_PATHOGEN_HCMV_GB_TO_PDGFR_RAS_ERK_SIGNALING_PATHWAY,0.0208822171447172,0.0755340435446633,Non-classical monocytes
Butyricimonas,KEGG_MEDICUS_PATHOGEN_HCMV_GH_TO_ITGA_B_RHOA_SIGNALING_PATHWAY,-0.082528878196075,1.99313778012827e-12,Non-classical monocytes
Butyricimonas,KEGG_MEDICUS_PATHOGEN_HCMV_UL33_TO_GNAI_AC_PKA_SIGNALING_PATHWAY,0.022985185404439,0.0504382042973416,Non-classical monocytes
Butyricimonas,KEGG_MEDICUS_PATHOGEN_HCMV_UL33_TO_GNAQ_PLCB_G_CALCINEURIN_SIGNALING_PATHWAY,0.0462075923850555,8.34641718327985e-05,Non-classical monocytes
Butyricimonas,KEGG_MEDICUS_PATHOGEN_HCMV_UL33_TO_GNB_G_RHO_SIGNALING_PATHWAY,-0.0205094789192162,0.0809015631283319,Non-classical monocytes
Butyricimonas,KEGG_MEDICUS_PATHOGEN_HCMV_US27_TO_CXCR4_GNB_G_PLCB_PKC_SIGNALING_PATHWAY,0.0509625799311187,1.42753543629295e-05,Non-classical monocytes
Butyricimonas,KEGG_MEDICUS_PATHOGEN_HCMV_US28_TO_GNA12_13_RHO_SIGNALING_PATHWAY,0.0314400656733531,0.00744806614989273,Non-classical monocytes
Butyricimonas,KEGG_MEDICUS_PATHOGEN_HCMV_US28_TO_GNAQ_PLCB_G_CALCINEURIN_SIGNALING_PATHWAY,-0.0403728969019595,0.000588165651904037,Non-classical monocytes
Butyricimonas,KEGG_MEDICUS_PATHOGEN_HCMV_US28_TO_GNB_G_PI3K_NFKB_SIGNALING_PATHWAY,-0.00266165938242859,0.820812839863331,Non-classical monocytes
Butyricimonas,KEGG_MEDICUS_PATHOGEN_HCV_CORE_TO_ERK_SIGNALING_PATHWAY,-0.0193245750904465,0.100048819845609,Non-classical monocytes
Butyricimonas,KEGG_MEDICUS_PATHOGEN_HCV_CORE_TO_RXRA_LXRA_MEDIATED_TRANSCRIPTION,0.0497712717496645,2.25507117845802e-05,Non-classical monocytes
Butyricimonas,KEGG_MEDICUS_PATHOGEN_HCV_CORE_TO_RXRA_PPARA_MEDIATED_TRANSCRIPTION,0.0558661013547867,1.95759324155903e-06,Non-classical monocytes
Butyricimonas,KEGG_MEDICUS_PATHOGEN_HIV_GP120_TO_CXCR4_GNAI_PI3K_BAD_SIGNALING_PATHWAY,0.0470124620394497,6.25885252095502e-05,Non-classical monocytes
Butyricimonas,KEGG_MEDICUS_PATHOGEN_HIV_GP120_TO_CXCR4_GNAQ_PLCB_G_CALCINEURIN,-0.0574202514474376,1.00668996188489e-06,Non-classical monocytes
Butyricimonas,KEGG_MEDICUS_PATHOGEN_HIV_GP120_TO_CXCR4_GNB_G_RAC_SIGNALING_PATHWAY,-0.068111256918109,6.52153630188856e-09,Non-classical monocytes
Butyricimonas,KEGG_MEDICUS_PATHOGEN_HIV_GP120_TO_TNF_NFKB_SIGNALING_PATHWAY,0.0362301850411121,0.00204173999925441,Non-classical monocytes
Butyricimonas,KEGG_MEDICUS_PATHOGEN_HIV_NEF_TO_TNF_NFKB_SIGNALING_PATHWAY,0.0344928955824157,0.00332350347968048,Non-classical monocytes
Butyricimonas,KEGG_MEDICUS_PATHOGEN_HIV_TAT_NEF_TO_CROSSTALK_BETWEEN_EXTRINSIC_AND_INTRINSIC_APOPTOTIC_PATHWAYS,-0.00763577284334726,0.515827323201449,Non-classical monocytes
Butyricimonas,KEGG_MEDICUS_PATHOGEN_HIV_VPR_TAT_TO_TNF_JNK_SIGNALING_PATHWAY,-0.00999623679540302,0.394952109172153,Non-classical monocytes
Butyricimonas,KEGG_MEDICUS_PATHOGEN_HIV_VPR_TO_CDC25_CELL_CYCLE_G2M,0.0389442658778996,0.000915454949341846,Non-classical monocytes
Butyricimonas,KEGG_MEDICUS_PATHOGEN_HIV_VPR_TO_WEE1_CELL_CYCLE_G2M,-0.0232320357138533,0.0480141167649654,Non-classical monocytes
Butyricimonas,KEGG_MEDICUS_PATHOGEN_HPV_E5_TO_ANTIGEN_PROCESSING_AND_PRESENTATION_BY_MHC_CLASS_I_MOLECULES,-0.0715608489959246,1.07786098754359e-09,Non-classical monocytes
Butyricimonas,KEGG_MEDICUS_PATHOGEN_HPV_E5_TO_EGFR_RAS_ERK_SIGNALING_PATHWAY,0.0205558897142107,0.0802168142175877,Non-classical monocytes
Butyricimonas,KEGG_MEDICUS_PATHOGEN_HPV_E6_TO_NOTCH_SIGNALING_PATHWAY_N00380,0.0519840373265804,9.56950626677306e-06,Non-classical monocytes
Butyricimonas,KEGG_MEDICUS_PATHOGEN_HPV_E6_TO_NOTCH_SIGNALING_PATHWAY_N00381,0.0547565743189795,3.11452773560599e-06,Non-classical monocytes
Butyricimonas,KEGG_MEDICUS_PATHOGEN_HPV_E6_TO_NOTCH_SIGNALING_PATHWAY_N00382,0.0541827496471492,3.94651957229334e-06,Non-classical monocytes
Butyricimonas,KEGG_MEDICUS_PATHOGEN_HPV_E7_TO_CELL_CYCLE_G1_S,0.0339104059423149,0.00389547755020409,Non-classical monocytes
Butyricimonas,KEGG_MEDICUS_PATHOGEN_HPV_E7_TO_P27_CELL_CYCLE_G1_S,0.0369809696528083,0.00164365567191506,Non-classical monocytes
Butyricimonas,KEGG_MEDICUS_PATHOGEN_HSV_GD_TO_HVEM_NFKB_SIGNALING_PATHWAY,0.00844946636423105,0.472118058857264,Non-classical monocytes
Butyricimonas,KEGG_MEDICUS_PATHOGEN_HTLV_1_P12_TO_ANTIGEN_PROCESSING_AND_PRESENTATION_BY_MHC_CLASS_I_MOLECULES,-0.0727825739549776,5.58192197416252e-10,Non-classical monocytes
Butyricimonas,KEGG_MEDICUS_PATHOGEN_HTLV_1_P12_TO_JAK_STAT_SIGNALING_PATHWAY,-0.0150408951631274,0.200542495180039,Non-classical monocytes
Butyricimonas,KEGG_MEDICUS_PATHOGEN_HTLV_1_TAX_TO_E47_MEDIATED_TRANSCRIPTION,-0.00498903634872578,0.671161332195505,Non-classical monocytes
Butyricimonas,KEGG_MEDICUS_PATHOGEN_HTLV_1_TAX_TO_NFY_MEDIATED_TRANSCRIPTION,-0.0785293728025708,2.18713366405108e-11,Non-classical monocytes
Butyricimonas,KEGG_MEDICUS_PATHOGEN_HTLV_1_TAX_TO_P21_CELL_CYCLE_G1_S_N00497,0.00132124481416748,0.910479279305016,Non-classical monocytes
Butyricimonas,KEGG_MEDICUS_PATHOGEN_HTLV_1_TAX_TO_P21_CELL_CYCLE_G1_S_N00498,-0.00304104493382624,0.795801587314575,Non-classical monocytes
Butyricimonas,KEGG_MEDICUS_PATHOGEN_HTLV_1_TAX_TO_SPINDLE_ASSEMBLY_CHECKPOINT_SIGNALING,-0.00207174504822424,0.860058666646221,Non-classical monocytes
Butyricimonas,KEGG_MEDICUS_PATHOGEN_HTLV_1_TAX_TO_SRF_MEDIATED_TRANSCRIPTION,-0.0138421945966226,0.238802301508873,Non-classical monocytes
Butyricimonas,KEGG_MEDICUS_PATHOGEN_HTLV_1_TAX_TO_TNF_JNK_SIGNALING_PATHWAY,0.00994719498707873,0.397275308208866,Non-classical monocytes
Butyricimonas,KEGG_MEDICUS_PATHOGEN_KSHV_K15_TO_TNF_NFKB_SIGNALING_PATHWAY,0.0139601391487238,0.234823994912045,Non-classical monocytes
Butyricimonas,KEGG_MEDICUS_PATHOGEN_KSHV_LANA_TO_WNT_SIGNALING_PATHWAY,0.0438163251769338,0.000191153635767505,Non-classical monocytes
Butyricimonas,KEGG_MEDICUS_PATHOGEN_KSHV_MIR1_2_TO_ANTIGEN_PROCESSING_AND_PRESENTATION_BY_MHC_CLASS_I_MOLECULES,-0.0723302095886508,7.13085547315215e-10,Non-classical monocytes
Butyricimonas,KEGG_MEDICUS_PATHOGEN_KSHV_MIR2_TO_CELL_SURFACE_MOLECULE_ENDOCYTOSIS,-0.0454501323920127,0.000108982894592829,Non-classical monocytes
Butyricimonas,KEGG_MEDICUS_PATHOGEN_KSHV_VCYCLIN_TO_CELL_CYCLE_G1_S,0.0478881885951221,4.55263177069069e-05,Non-classical monocytes
Butyricimonas,KEGG_MEDICUS_PATHOGEN_KSHV_VFLIP_TO_NFKB_SIGNALING_PATHWAY,0.00924406933414212,0.431481272641367,Non-classical monocytes
Butyricimonas,KEGG_MEDICUS_PATHOGEN_KSHV_VFLIP_TO_TNF_NFKB_SIGNALING_PATHWAY,0.00930640829438566,0.428381312823081,Non-classical monocytes
Butyricimonas,KEGG_MEDICUS_PATHOGEN_KSHV_VGPCR_TO_GNB_G_ERK_SIGNALING_PATHWAY,-0.0137116357578221,0.243261270722219,Non-classical monocytes
Butyricimonas,KEGG_MEDICUS_PATHOGEN_KSHV_VGPCR_TO_GNB_G_PI3K_AKT_SIGNALING_PATHWAY,-0.00164051689066258,0.888973539301372,Non-classical monocytes
Butyricimonas,KEGG_MEDICUS_PATHOGEN_KSHV_VGPCR_TO_GNB_G_PI3K_JNK_SIGNALING_PATHWAY,-0.0120172549716325,0.306464225149731,Non-classical monocytes
Butyricimonas,KEGG_MEDICUS_PATHOGEN_SALMONELLA_AVRA_TO_BETA_CATENIN_SIGNALING_PATHWAY,0.0451038364623417,0.000122956365573766,Non-classical monocytes
Butyricimonas,KEGG_MEDICUS_PATHOGEN_SALMONELLA_SIFA_TO_MICROTUBULE_PLUS_END_DIRECTED_TRANSPORT,-0.0727346118327076,5.72915659949179e-10,Non-classical monocytes
Butyricimonas,KEGG_MEDICUS_PATHOGEN_SALMONELLA_SIFA_TO_TETHERING_OF_LATE_ENDOSOMES_AND_LYSOSOMES,-0.00136792892934154,0.90733021976225,Non-classical monocytes
Butyricimonas,KEGG_MEDICUS_PATHOGEN_SALMONELLA_SOPB_TO_ARNO_ARF_ACTB_G_SIGNALING_PATHWAY,-0.0572907100041099,1.0647632088667e-06,Non-classical monocytes
Butyricimonas,KEGG_MEDICUS_PATHOGEN_SALMONELLA_SOPB_TO_RHOA_SIGNALING_PATHWAY,-0.121103418426875,4.47281548243004e-25,Non-classical monocytes
Butyricimonas,KEGG_MEDICUS_PATHOGEN_SALMONELLA_SOPB_TO_RHOG_SIGNALING_PATHWAY,-0.0792580266093228,1.42590119923718e-11,Non-classical monocytes
Butyricimonas,KEGG_MEDICUS_PATHOGEN_SALMONELLA_SOPE_E2_TO_NOD_NFKB_SIGNALING_PATHWAY,-0.00978114339891402,0.405202441504836,Non-classical monocytes
Butyricimonas,KEGG_MEDICUS_PATHOGEN_SALMONELLA_SOPE_TO_RAC_SIGNALING_PATHWAY,-0.0826694183799731,1.82837069488308e-12,Non-classical monocytes
Butyricimonas,KEGG_MEDICUS_PATHOGEN_SALMONELLA_SPVD_TO_TNF_NFKB_SIGNALING_PATHWAY,0.0411351614067929,0.000461846967101124,Non-classical monocytes
Butyricimonas,KEGG_MEDICUS_PATHOGEN_SARS_COV_2_S_N_TO_LECTIN_PATHWAY_OF_COAGULATION_CASCADE,0.0228263759454741,0.0520512924421025,Non-classical monocytes
Butyricimonas,KEGG_MEDICUS_PATHOGEN_SARS_COV_2_S_TO_ANGII_AT1R_NOX2_SIGNALING_PATHWAY,0.0114136834810731,0.331397963453798,Non-classical monocytes
Butyricimonas,KEGG_MEDICUS_PATHOGEN_SARS_COV_2_S_TO_CLASSICAL_PATHWAY_OF_COMPLEMENT_CASCADE,0.109948217564645,6.30796869941198e-21,Non-classical monocytes
Butyricimonas,KEGG_MEDICUS_PATHOGEN_SHIGELLA_FIMA_TO_CROSSTALK_BETWEEN_EXTRINSIC_AND_INTRINSIC_APOPTOTIC_PATHWAYS,-0.0136713749275264,0.24464802408615,Non-classical monocytes
Butyricimonas,KEGG_MEDICUS_PATHOGEN_SHIGELLA_IPAA_TO_ITGA_B_RHOGEF_RHOA_SIGNALING_PATHWAY,-0.100981776057308,6.97735081369664e-18,Non-classical monocytes
Butyricimonas,KEGG_MEDICUS_PATHOGEN_SHIGELLA_IPAB_C_D_TO_ITGA_B_TALIN_VINCULIN_SIGNALING_PATHWAY,0.00711031121935464,0.545129943811001,Non-classical monocytes
Butyricimonas,KEGG_MEDICUS_PATHOGEN_SHIGELLA_IPAC_TO_ACTIN_SIGNALING_PATHWAY,-0.0821577698201917,2.5014327954705e-12,Non-classical monocytes
Butyricimonas,KEGG_MEDICUS_PATHOGEN_SHIGELLA_IPAH7.8_TO_NLRP3_INFLAMMASOME_SIGNALING_PATHWAY,-0.0780127112897132,2.95527927793722e-11,Non-classical monocytes
Butyricimonas,KEGG_MEDICUS_PATHOGEN_SHIGELLA_IPGB1_TO_ITGA_B_RHOG_RAC_SIGNALING_PATHWAY,-0.0418165280431069,0.000370828908226007,Non-classical monocytes
Butyricimonas,KEGG_MEDICUS_PATHOGEN_SHIGELLA_IPGD_TO_ARNO_ARF_ACTB_G_SIGNALING_PATHWAY,-0.0560511736733221,1.81015837975748e-06,Non-classical monocytes
Butyricimonas,KEGG_MEDICUS_PATHOGEN_SHIGELLA_OSPF_TO_TLR2_4_MAPK_SIGNALING_PATHWAY,0.0117819288614217,0.316033797609014,Non-classical monocytes
Butyricimonas,KEGG_MEDICUS_PATHOGEN_SHIGELLA_OSPG_TO_TNF_NFKB_SIGNALING_PATHWAY,-0.0479941023936091,4.37912197299211e-05,Non-classical monocytes
Butyricimonas,KEGG_MEDICUS_PATHOGEN_YERSINIA_YOPH_TO_TCR_NFAT_SIGNALING_PATHWAY,0.0167482117784364,0.154063970595405,Non-classical monocytes
Butyricimonas,KEGG_MEDICUS_PATHOGEN_YERSINIA_YOPP_J_TO_TLR2_4_MAPK_SIGNALING_PATHWAY,-0.00217724510248128,0.853011577955203,Non-classical monocytes
Butyricimonas,KEGG_MEDICUS_REFERENCE_26S_PROTEASOME_MEDIATED_PROTEIN_DEGRADATION,-0.120220995961911,9.85208933096023e-25,Non-classical monocytes
Butyricimonas,KEGG_MEDICUS_REFERENCE_ACH_CHRN_PI3K_SIGNALING_PATHWAY,0.067930564939177,7.14956353546442e-09,Non-classical monocytes
Butyricimonas,KEGG_MEDICUS_REFERENCE_ACH_CHRN_RAS_ERK_SIGNALING_PATHWAY,0.0430207113325752,0.000249639729255459,Non-classical monocytes
Butyricimonas,KEGG_MEDICUS_REFERENCE_ACTH_CORTISOL_SIGNALING_PATHWAY,0.00981052203337967,0.403793093835935,Non-classical monocytes
Butyricimonas,KEGG_MEDICUS_REFERENCE_ACTIVATION_OF_PRC2.2_BY_UBIQUITINATION_OF_H2AK119,-0.056872686548832,1.27497467275643e-06,Non-classical monocytes
Butyricimonas,KEGG_MEDICUS_REFERENCE_ACTIVATION_OF_PRC2.2_BY_UBIQUITINATION_OF_H2AK119_IN_GERMLINE_GENES,-0.0130058838025804,0.268376711583204,Non-classical monocytes
Butyricimonas,KEGG_MEDICUS_REFERENCE_ACTIVIN_SIGNALING_PATHWAY,0.0458642467435385,9.42390988703623e-05,Non-classical monocytes
Butyricimonas,KEGG_MEDICUS_REFERENCE_ADRB3_UCP1_SIGNALING_PATHWAY,0.042021031837284,0.000346970573739127,Non-classical monocytes
Butyricimonas,KEGG_MEDICUS_REFERENCE_AGE_RAGE_SIGNALING_PATHWAY,0.0421077819863628,0.000337290145387305,Non-classical monocytes
Butyricimonas,KEGG_MEDICUS_REFERENCE_AHR_SIGNALING_PATHWAY,-0.0074597499872318,0.525551555774913,Non-classical monocytes
Butyricimonas,KEGG_MEDICUS_REFERENCE_ALTERNATIVE_PATHWAY_OF_COMPLEMENT_CASCADE_C3B_BREAKDOWN,0.0104735481379429,0.372772535612772,Non-classical monocytes
Butyricimonas,KEGG_MEDICUS_REFERENCE_AMH_SIGNALING_PATHWAY,0.0389685885954003,0.00090869161162533,Non-classical monocytes
Butyricimonas,KEGG_MEDICUS_REFERENCE_ANGII_AT1R_NOX2_SIGNALING_PATHWAY,0.0178918332525157,0.127842972003301,Non-classical monocytes
Butyricimonas,KEGG_MEDICUS_REFERENCE_ANGIOTENSIN_ALDOSTERONE_SIGNALING_PATHWAY,-0.0318675389654054,0.00667735588225878,Non-classical monocytes
Butyricimonas,KEGG_MEDICUS_REFERENCE_ANTEROGRADE_AXONAL_TRANSPORT,-0.0727124613087103,5.79842694059555e-10,Non-classical monocytes
Butyricimonas,KEGG_MEDICUS_REFERENCE_ANTIGEN_PROCESSING_AND_PRESENTATION_BY_MHC_CLASS_II_MOLECULES,-0.0785077261957479,2.21497625015385e-11,Non-classical monocytes
Butyricimonas,KEGG_MEDICUS_REFERENCE_ANTIGEN_PROCESSING_AND_PRESENTATION_BY_MHC_CLASS_I_MOLECULES,-0.0675602948013973,8.62552184821905e-09,Non-classical monocytes
Butyricimonas,KEGG_MEDICUS_REFERENCE_ANXA2_S100A10_REGULATED_ACTIN_CYTOSKELETON,-0.0439830807407233,0.000180652307719266,Non-classical monocytes
Butyricimonas,KEGG_MEDICUS_REFERENCE_AREG_EGFR_PI3K_SIGNALING_PATHWAY,0.0727649481565859,5.63559568344735e-10,Non-classical monocytes
Butyricimonas,KEGG_MEDICUS_REFERENCE_AREG_EGFR_RAS_ERK_SIGNALING_PATHWAY,0.0217675231951335,0.0639439467785214,Non-classical monocytes
Butyricimonas,KEGG_MEDICUS_REFERENCE_ARL8_REGULATED_MICROTUBULE_PLUS_END_DIRECTED_TRANSPORT,-0.0714932836690397,1.1174582062548e-09,Non-classical monocytes
Butyricimonas,KEGG_MEDICUS_REFERENCE_ARNO_ARF_ACTB_G_SIGNALING_PATHWAY,-0.0694178300003061,3.33118769767468e-09,Non-classical monocytes
Butyricimonas,KEGG_MEDICUS_REFERENCE_ASSEMBLY_AND_TRAFFICKING_OF_TELOMERASE,-0.0326532609012571,0.00544534191581167,Non-classical monocytes
Butyricimonas,KEGG_MEDICUS_REFERENCE_ATR_P21_CELL_CYCLE_G2_M,-0.00309314736299178,0.79238240232041,Non-classical monocytes
Butyricimonas,KEGG_MEDICUS_REFERENCE_ATR_SIGNALING,0.0265865304370668,0.0236459222912947,Non-classical monocytes
Butyricimonas,KEGG_MEDICUS_REFERENCE_AUTOPHAGOSOME_AND_LYSOSOME_FUSION_TETHERING_FACTOR,0.0123145365742987,0.294652477062911,Non-classical monocytes
Butyricimonas,KEGG_MEDICUS_REFERENCE_AUTOPHAGOSOME_AND_LYSOSOME_FUSION_TETHERING_FACTOR_GRASP55,-0.0331469731389793,0.00478021180352108,Non-classical monocytes
Butyricimonas,KEGG_MEDICUS_REFERENCE_AUTOPHAGOSOME_AND_LYSOSOME_FUSION_TRANS_SNARE,-0.022615485502805,0.0542598660338501,Non-classical monocytes
Butyricimonas,KEGG_MEDICUS_REFERENCE_AUTOPHAGY_VESICLE_NUCLEATION_ELONGATION_MATURATION_E3_UBIQUITIN_LIGASE_MALIN,0.019537355131126,0.0963666807920322,Non-classical monocytes
Butyricimonas,KEGG_MEDICUS_REFERENCE_AUTOPHAGY_VESICLE_NUCLEATION_ELONGATION_MATURATION_LC3_II_FORMATION,-0.0249930006413287,0.0334066491724847,Non-classical monocytes
Butyricimonas,KEGG_MEDICUS_REFERENCE_AUTOPHAGY_VESICLE_NUCLEATION_ELONGATION_MATURATION_MTORC1_PI3KC3_C1,0.0328415743209052,0.00518237356875989,Non-classical monocytes
Butyricimonas,KEGG_MEDICUS_REFERENCE_AUTOPHAGY_VESICLE_NUCLEATION_ELONGATION_MATURATION_PACER_RUBCN_PI3KC3_C2,0.0342917001985576,0.00351179474094638,Non-classical monocytes
Butyricimonas,KEGG_MEDICUS_REFERENCE_AUTOPHAGY_VESICLE_NUCLEATION_ELONGATION_MATURATION_PI3P_SYNTHESIS_BY_PI3KC3_C1,0.00655969082601059,0.576696870009342,Non-classical monocytes
Butyricimonas,KEGG_MEDICUS_REFERENCE_AUTOPHAGY_VESICLE_NUCLEATION_ELONGATION_MATURATION_SEQUESTOSOME_1_LIKE_RECEPTOR,-0.117075771393385,1.56778124528742e-23,Non-classical monocytes
Butyricimonas,KEGG_MEDICUS_REFERENCE_AVP_V2R_PKA_SIGNALING_PATHWAY,-0.0341544584033302,0.00364574776859867,Non-classical monocytes
Butyricimonas,KEGG_MEDICUS_REFERENCE_BASE_EXCISION_AND_STRAND_CLEAVAGE_BY_BIFUNCTIONAL_GLYCOSYLASE,0.00297517613603562,0.800129789575869,Non-classical monocytes
Butyricimonas,KEGG_MEDICUS_REFERENCE_BASE_EXCISION_AND_STRAND_CLEAVAGE_BY_MONOFUNCTIONAL_GLYCOSYLASE,0.0119708523811517,0.30833583610564,Non-classical monocytes
Butyricimonas,KEGG_MEDICUS_REFERENCE_BASE_EXCISION_AND_STRAND_CLEAVAGE_BY_NEIL_GLYCOSYLASE,0.00397963360400898,0.734868713062049,Non-classical monocytes
Butyricimonas,KEGG_MEDICUS_REFERENCE_BCR_BCAP_CD19_PI3K_SIGNALING_PATHWAY,0.0112158794162927,0.339846926668107,Non-classical monocytes
Butyricimonas,KEGG_MEDICUS_REFERENCE_BCR_PLCG_CALCINEURIN_SIGNALING_PATHWAY,-0.0520642899956172,9.27060592022611e-06,Non-classical monocytes
Butyricimonas,KEGG_MEDICUS_REFERENCE_BCR_PLCG_ITPR_SIGNALING_PATHWAY,0.0322090142227666,0.00611403986095659,Non-classical monocytes
Butyricimonas,KEGG_MEDICUS_REFERENCE_BETA_OXIDATION,0.0011448134318312,0.922392684195902,Non-classical monocytes
Butyricimonas,KEGG_MEDICUS_REFERENCE_BETA_OXIDATION_ACYL_COA_SYNTHESIS,0.0565557410790312,1.46040168022464e-06,Non-classical monocytes
Butyricimonas,KEGG_MEDICUS_REFERENCE_BETA_OXIDATION_PEROXISOME_VLCFA,-0.0247632640804326,0.0350653664604221,Non-classical monocytes
Butyricimonas,KEGG_MEDICUS_REFERENCE_BILE_ACID_BIOSYNTHESIS,-0.0147856434749822,0.208289524337618,Non-classical monocytes
Butyricimonas,KEGG_MEDICUS_REFERENCE_BLOCKING_UBIQUITINATION_OF_H2AK119_BY_CK2,0.0122960093065317,0.295379576388112,Non-classical monocytes
Butyricimonas,KEGG_MEDICUS_REFERENCE_BLOOD_GROUP_H_O_ANTIGEN_TYPE_1_BIOSYNTHESIS,0.0148530961764805,0.206221520829384,Non-classical monocytes
Butyricimonas,KEGG_MEDICUS_REFERENCE_BLOOD_GROUP_H_O_ANTIGEN_TYPE_2_BIOSYNTHESIS,0.0188885091596909,0.10794496454441,Non-classical monocytes
Butyricimonas,KEGG_MEDICUS_REFERENCE_BMP15_SIGNALING_PATHWAY,0.0402853009820241,0.000604581834770292,Non-classical monocytes
Butyricimonas,KEGG_MEDICUS_REFERENCE_BMP9_10_SIGNALING_PATHWAY,0.0538019472967948,4.61204711968303e-06,Non-classical monocytes
Butyricimonas,KEGG_MEDICUS_REFERENCE_BMP_HAMP_SIGNALING_PATHWAY,0.0466909586685813,7.02525794272264e-05,Non-classical monocytes
Butyricimonas,KEGG_MEDICUS_REFERENCE_BMP_HAMP_SIGNALING_PATHWAY_AUXILIARY_FACTOR,0.0456230386325357,0.000102580182315448,Non-classical monocytes
Butyricimonas,KEGG_MEDICUS_REFERENCE_BMP_SIGNALING_PATHWAY,0.0620149792332035,1.27520890885542e-07,Non-classical monocytes
Butyricimonas,KEGG_MEDICUS_REFERENCE_BMP_SIGNALING_PATHWAY_BMP_ANTAGONIST,0.0344252794436884,0.00338573188851141,Non-classical monocytes
Butyricimonas,KEGG_MEDICUS_REFERENCE_BRANCHING_MICROTUBULE_NUCLEATION,-0.0764608851253259,7.21433136499151e-11,Non-classical monocytes
Butyricimonas,KEGG_MEDICUS_REFERENCE_BREAK_INDUCED_REPLICATION,0.0183587081207562,0.118193148167244,Non-classical monocytes
Butyricimonas,KEGG_MEDICUS_REFERENCE_C9ORF72_MEDIATED_AUTOPHAGY_INITIATION,0.0342444623490979,0.00355738673061354,Non-classical monocytes
Butyricimonas,KEGG_MEDICUS_REFERENCE_CA2_CAM_CAMK_SIGNALING_PATHWAY,-0.0728358062132584,5.42283006927633e-10,Non-classical monocytes
Butyricimonas,KEGG_MEDICUS_REFERENCE_CA2_CAM_CN_SIGNALING_PATHWAY,-0.0751306439887121,1.52910691378072e-10,Non-classical monocytes
Butyricimonas,KEGG_MEDICUS_REFERENCE_CA2_CAM_VGCC_RYR_SIGNALING_PATHWAY,-0.0907818936149035,9.84399122246145e-15,Non-classical monocytes
Butyricimonas,KEGG_MEDICUS_REFERENCE_CA2_ENTRY_LIGAND_GATED_CA2_CHANNEL,-0.0305957645609488,0.0092084295922899,Non-classical monocytes
Butyricimonas,KEGG_MEDICUS_REFERENCE_CA2_ENTRY_STORE_OPERATED_CA2_CHANNEL,0.00169114349897313,0.885570475137458,Non-classical monocytes
Butyricimonas,KEGG_MEDICUS_REFERENCE_CA2_ENTRY_VOLTAGE_GATED_CA2_CHANNEL,0.0129896957642897,0.26897295525184,Non-classical monocytes
Butyricimonas,KEGG_MEDICUS_REFERENCE_CA2_PLCD_ITPR_SIGNALING_PATHWAY,0.0669126877534585,1.19485737180647e-08,Non-classical monocytes
Butyricimonas,KEGG_MEDICUS_REFERENCE_CA2_PYK2_RAS_ERK_SIGNALING_PATHWAY,0.0275216299938189,0.0191575023655388,Non-classical monocytes
Butyricimonas,KEGG_MEDICUS_REFERENCE_CARDIAC_TYPE_VGCC_RYR_SIGNALING,0.0217625966441924,0.0640041288662476,Non-classical monocytes
Butyricimonas,KEGG_MEDICUS_REFERENCE_CASR_PTH_SIGNALING_PATHWAY,0.0454252327695031,0.000109935399056315,Non-classical monocytes
Butyricimonas,KEGG_MEDICUS_REFERENCE_CCR2_GNB_G_PI3K_NFKB_SIGNALING_PATHWAY,-0.000906415622747559,0.938517526730293,Non-classical monocytes
Butyricimonas,KEGG_MEDICUS_REFERENCE_CCR5_GNB_G_PLCB_G_PKC_SIGNALING_PATHWAY,0.00638971490019556,0.586612734231155,Non-classical monocytes
Butyricimonas,KEGG_MEDICUS_REFERENCE_CCR_CXCR_GNB_G_PI3K_RAC_SIGNALING_PATHWAY,-0.0176717758336097,0.132598722082162,Non-classical monocytes
Butyricimonas,KEGG_MEDICUS_REFERENCE_CD40_NFKB_SIGNALING_PATHWAY,0.034672877408632,0.00316290503997686,Non-classical monocytes
Butyricimonas,KEGG_MEDICUS_REFERENCE_CD80_CD86_CD28_PI3K_SIGNALING_PATHWAY,0.00986245303398686,0.401309055875211,Non-classical monocytes
Butyricimonas,KEGG_MEDICUS_REFERENCE_CD80_CD86_CTLA4_PP2A_SIGNALING_PATHWAY,0.0265382973663901,0.0239003490351736,Non-classical monocytes
Butyricimonas,KEGG_MEDICUS_REFERENCE_CDC25_CELL_CYCLE_G2_M,0.0274650579078513,0.0194061870715755,Non-classical monocytes
Butyricimonas,KEGG_MEDICUS_REFERENCE_CENPE_INTERACTION_WITH_NDC80_COMPLEX,-0.0322919726461908,0.00598381629101988,Non-classical monocytes
Butyricimonas,KEGG_MEDICUS_REFERENCE_CGAS_STING_SIGNALING_PATHWAY,0.0225513389064021,0.0549469564228941,Non-classical monocytes
Butyricimonas,KEGG_MEDICUS_REFERENCE_CHOLESTEROL_BIOSYNTHESIS,0.0134136304196167,0.253657293094448,Non-classical monocytes
Butyricimonas,KEGG_MEDICUS_REFERENCE_CHONDROITIN_SULFATE_BIOSYNTHESIS,0.0218830025830839,0.0625465963669142,Non-classical monocytes
Butyricimonas,KEGG_MEDICUS_REFERENCE_CHRNA7_E2F_SIGNALING_PATHWAY,0.0321117649623287,0.00626994170655081,Non-classical monocytes
Butyricimonas,KEGG_MEDICUS_REFERENCE_CITRATE_CYCLE_FIRST_CARBON_OXIDATION,-0.0142545409008521,0.225099104086064,Non-classical monocytes
Butyricimonas,KEGG_MEDICUS_REFERENCE_CITRATE_CYCLE_SECOND_CARBON_OXIDATION_2,-0.0253630544543271,0.0308759979861212,Non-classical monocytes
Butyricimonas,KEGG_MEDICUS_REFERENCE_CLASSICAL_PATHWAY_OF_COMPLEMENT_CASCADE_C4_C2_TO_C3_CONVERTASE_FORMATION,0.107226925587829,5.63655822448412e-20,Non-classical monocytes
Butyricimonas,KEGG_MEDICUS_REFERENCE_COHESIN_ACETYLATION,0.0182598890724959,0.120186469434032,Non-classical monocytes
Butyricimonas,KEGG_MEDICUS_REFERENCE_COHESIN_DISSOCIATION_IN_ANAPHASE,0.00274179606459517,0.815513653031361,Non-classical monocytes
Butyricimonas,KEGG_MEDICUS_REFERENCE_COHESIN_DISSOCIATION_IN_PROPHASE,0.048845435194048,3.19528211921643e-05,Non-classical monocytes
Butyricimonas,KEGG_MEDICUS_REFERENCE_COHESIN_LOADING,0.0600089789569457,3.20134722949709e-07,Non-classical monocytes
Butyricimonas,KEGG_MEDICUS_REFERENCE_COMMON_PATHWAY_OF_COMPLEMENT_CASCADE_MAC_FORMATION,0.0147153407006801,0.210460860701503,Non-classical monocytes
Butyricimonas,KEGG_MEDICUS_REFERENCE_CONDENSIN_LOADING,0.0419409428484305,0.000356137785216113,Non-classical monocytes
Butyricimonas,KEGG_MEDICUS_REFERENCE_COPII_VESICLE_FORMATION,0.0313986192003606,0.00752687833596419,Non-classical monocytes
Butyricimonas,KEGG_MEDICUS_REFERENCE_COPI_VESICLE_FORMATION,-0.0197613886620029,0.0926077891427321,Non-classical monocytes
Butyricimonas,KEGG_MEDICUS_REFERENCE_CORE_NER_REACTION,0.0211570944270095,0.0717648660897021,Non-classical monocytes
Butyricimonas,KEGG_MEDICUS_REFERENCE_CREATINE_PATHWAY,-0.0505208664981389,1.69323345366875e-05,Non-classical monocytes
Butyricimonas,KEGG_MEDICUS_REFERENCE_CRHR_PKA_ACTH_SIGNALING_PATHWAY,0.00292313763750192,0.803553562187692,Non-classical monocytes
Butyricimonas,KEGG_MEDICUS_REFERENCE_CROSSTALK_BETWEEN_EXTRINSIC_AND_INTRINSIC_APOPTOTIC_PATHWAYS,-0.00273302244680484,0.816093418377535,Non-classical monocytes
Butyricimonas,KEGG_MEDICUS_REFERENCE_CX3CR1_GNAI_AC_PKA_SIGNALING_PATHWAY,-0.0107304109213318,0.361162550563738,Non-classical monocytes
Butyricimonas,KEGG_MEDICUS_REFERENCE_CXCL12_CXCR4_PKC_ERK_SIGNALING_PATHAWAY,0.078478263386557,2.25343041436226e-11,Non-classical monocytes
Butyricimonas,KEGG_MEDICUS_REFERENCE_CXCR4_GNA12_13_RHO_SIGNALING_PATHWAY,0.0241587150567765,0.0397695701567153,Non-classical monocytes
Butyricimonas,KEGG_MEDICUS_REFERENCE_CXCR4_GNAI_PI3K_BAD_SIGNALING_PATHWAY,0.0503624514958312,1.79952622209016e-05,Non-classical monocytes
Butyricimonas,KEGG_MEDICUS_REFERENCE_CXCR4_GNAQ_PLCB_G_CALCINEURIN_SIGNALING_PATHWAY,-0.0304069156781418,0.00964969252866658,Non-classical monocytes
Butyricimonas,KEGG_MEDICUS_REFERENCE_CXCR4_GNB_G_PLCB_PKC_SIGNALING_PATHWAY,0.0192658940950246,0.101083781026415,Non-classical monocytes
Butyricimonas,KEGG_MEDICUS_REFERENCE_CXCR4_GNB_G_RAC_SIGNALING_PATHWAY,-0.0675005541750942,8.88987982189855e-09,Non-classical monocytes
Butyricimonas,KEGG_MEDICUS_REFERENCE_CXCR_GNB_G_ERK_SIGNALING_PATHWAY,-0.00940627185500617,0.423442444112995,Non-classical monocytes
Butyricimonas,KEGG_MEDICUS_REFERENCE_CXCR_GNB_G_PI3K_AKT_SIGNALING_PATHWAY,-0.00148892117413368,0.899175629068967,Non-classical monocytes
Butyricimonas,KEGG_MEDICUS_REFERENCE_CYTOKINE_JAK_STAT_SIGNALING_PATHWAY,0.052064003181403,9.27165810296752e-06,Non-classical monocytes
Butyricimonas,KEGG_MEDICUS_REFERENCE_DEPHOSPHORYLATION_OF_KINETOCHORE,-0.0314837210230559,0.007365854617724,Non-classical monocytes
Butyricimonas,KEGG_MEDICUS_REFERENCE_DERMATAN_SULFATE_DEGRADATION,0.0239290339564887,0.041692080893098,Non-classical monocytes
Butyricimonas,KEGG_MEDICUS_REFERENCE_DEUBIQUITINATION_OF_H2AK119,0.0576651584115495,9.05119331547115e-07,Non-classical monocytes
Butyricimonas,KEGG_MEDICUS_REFERENCE_DISASSEMBLY_OF_MCC,-0.00740991173608998,0.528321757955478,Non-classical monocytes
Butyricimonas,KEGG_MEDICUS_REFERENCE_DNA_DEGRADATION_BY_EXTRACELLULAR_ENDOLYSOSOMAL_DNASE,0.0298994089231587,0.010930307830532,Non-classical monocytes
Butyricimonas,KEGG_MEDICUS_REFERENCE_DNA_END_RESECTION_AND_RPA_LOADING,-0.000694226855109642,0.952891070859683,Non-classical monocytes
Butyricimonas,KEGG_MEDICUS_REFERENCE_DNA_REPLICATION_LICENSING,0.0355212844977179,0.00249696460435744,Non-classical monocytes
Butyricimonas,KEGG_MEDICUS_REFERENCE_DNA_REPLICATION_TERMINATION,-0.0887846877633564,3.72466282699258e-14,Non-classical monocytes
Butyricimonas,KEGG_MEDICUS_REFERENCE_DOUBLE_HOLLIDAY_JUNCTION_RESOLUTION,0.0138102133044458,0.239889187693113,Non-classical monocytes
Butyricimonas,KEGG_MEDICUS_REFERENCE_DOUBLE_STRAND_BREAK_SIGNALING,-0.00215578485927776,0.854444127247633,Non-classical monocytes
Butyricimonas,KEGG_MEDICUS_REFERENCE_DRD1_GNAS_AC_PKA_SIGNALING_PATHWAY,-0.0105674202241737,0.368503056491961,Non-classical monocytes
Butyricimonas,KEGG_MEDICUS_REFERENCE_DYNEIN_RECRUITMENT_TO_THE_KINETOCHORE,-0.0218407064203321,0.0630554392607135,Non-classical monocytes
Butyricimonas,KEGG_MEDICUS_REFERENCE_E2_ER_RAS_ERK_SIGNALING_PATHWAY,0.0435296465773186,0.000210559094591157,Non-classical monocytes
Butyricimonas,KEGG_MEDICUS_REFERENCE_EARLY_ENDOSOMAL_FUSION,0.00413763835067679,0.724761669139697,Non-classical monocytes
Butyricimonas,KEGG_MEDICUS_REFERENCE_EGF_EGFR_ACTIN_SIGNALING_PATHWAY,-0.0733969137812686,3.99318299786432e-10,Non-classical monocytes
Butyricimonas,KEGG_MEDICUS_REFERENCE_EGF_EGFR_PI3K_NFKB_SIGNALING_PATHWAY,0.0400687613168672,0.000647010445148631,Non-classical monocytes
Butyricimonas,KEGG_MEDICUS_REFERENCE_EGF_EGFR_PI3K_SIGNALING_PATHWAY,0.0735237965120263,3.72502078253456e-10,Non-classical monocytes
Butyricimonas,KEGG_MEDICUS_REFERENCE_EGF_EGFR_PLCG_CALCINEURIN_SIGNALING_PATHWAY,-0.0676268223873778,8.34012136770225e-09,Non-classical monocytes
Butyricimonas,KEGG_MEDICUS_REFERENCE_EGF_EGFR_PLCG_CAMK_SIGNALING_PATHWAY,-0.075674957965475,1.12619864340597e-10,Non-classical monocytes
Butyricimonas,KEGG_MEDICUS_REFERENCE_EGF_EGFR_PLCG_ERK_SIGNALING_PATHWAY,0.054864224431542,2.97845145619093e-06,Non-classical monocytes
Butyricimonas,KEGG_MEDICUS_REFERENCE_EGF_EGFR_RAS_ERK_SIGNALING_PATHWAY,0.0204970199636588,0.0810861892796263,Non-classical monocytes
Butyricimonas,KEGG_MEDICUS_REFERENCE_EGF_EGFR_RAS_JNK_SIGNALING_PATHWAY,0.037933065792717,0.0012415773041464,Non-classical monocytes
Butyricimonas,KEGG_MEDICUS_REFERENCE_EGF_EGFR_RAS_PI3K_SIGNALING_PATHWAY,0.033990664181905,0.00381168827110102,Non-classical monocytes
Butyricimonas,KEGG_MEDICUS_REFERENCE_EGF_EGFR_RAS_RALGDS_SIGNALING_PATHWAY,-0.00356243305978189,0.761773005541446,Non-classical monocytes
Butyricimonas,KEGG_MEDICUS_REFERENCE_EGF_EGFR_RAS_RASSF1_SIGNALING_PATHWAY,0.0146007603460806,0.214034743474813,Non-classical monocytes
Butyricimonas,KEGG_MEDICUS_REFERENCE_EGF_ERBB2_RAS_ERK_SIGNALING_PATHWAY,0.0204714204095835,0.0814666158495043,Non-classical monocytes
Butyricimonas,KEGG_MEDICUS_REFERENCE_EGF_JAK_STAT_SIGNALING_PATHWAY,0.00357468796590903,0.760978414829276,Non-classical monocytes
Butyricimonas,KEGG_MEDICUS_REFERENCE_ELECTRON_TRANSFER_IN_COMPLEX_I,-0.157697964617316,1.47709022013323e-41,Non-classical monocytes
Butyricimonas,KEGG_MEDICUS_REFERENCE_ELECTRON_TRANSFER_IN_COMPLEX_III,-0.122613216741342,1.14267313947465e-25,Non-classical monocytes
Butyricimonas,KEGG_MEDICUS_REFERENCE_ELECTRON_TRANSFER_IN_COMPLEX_IV,-0.145776543249457,1.06365485309142e-35,Non-classical monocytes
Butyricimonas,KEGG_MEDICUS_REFERENCE_EP_NE_ADRB_CAMP_SIGNALING_PATHWAY,-0.0170111977502578,0.14769909522849,Non-classical monocytes
Butyricimonas,KEGG_MEDICUS_REFERENCE_EREG_EGFR_PI3K_SIGNALING_PATHWAY,0.0710708922331336,1.39914231554938e-09,Non-classical monocytes
Butyricimonas,KEGG_MEDICUS_REFERENCE_EREG_EGFR_RAS_ERK_SIGNALING_PATHWAY,0.0217281829101993,0.0644258279006074,Non-classical monocytes
Butyricimonas,KEGG_MEDICUS_REFERENCE_ERK_RSK_SIGNALING,0.0238993926300626,0.0419458280465886,Non-classical monocytes
Butyricimonas,KEGG_MEDICUS_REFERENCE_ESTABLISHMENT_OF_COHESION,0.0468214708481534,6.70401078141023e-05,Non-classical monocytes
Butyricimonas,KEGG_MEDICUS_REFERENCE_EXTRINSIC_APOPTOTIC_PATHWAY,0.0254467059552054,0.0303273063593107,Non-classical monocytes
Butyricimonas,KEGG_MEDICUS_REFERENCE_FANCONI_ANEMIA_PATHWAY,-0.0640728724276379,4.81478895612937e-08,Non-classical monocytes
Butyricimonas,KEGG_MEDICUS_REFERENCE_FASLG_RIPK1_3_SIGNALING_PATHWAY,0.0293143043596655,0.0125923188292643,Non-classical monocytes
Butyricimonas,KEGG_MEDICUS_REFERENCE_FAS_JNK_SIGNALING_PATHWAY,0.031494882435317,0.00734496657614519,Non-classical monocytes
Butyricimonas,KEGG_MEDICUS_REFERENCE_FE3_FERRITIN_TRANSPORT,-0.0550960614874662,2.70449623728082e-06,Non-classical monocytes
Butyricimonas,KEGG_MEDICUS_REFERENCE_FE_TF_TRANSPORT,0.0349145418171813,0.00295838770780486,Non-classical monocytes
Butyricimonas,KEGG_MEDICUS_REFERENCE_FGF_FGFR_PI3K_SIGNALING_PATHWAY,0.0709672795366596,1.47817447242131e-09,Non-classical monocytes
Butyricimonas,KEGG_MEDICUS_REFERENCE_FGF_FGFR_RAS_ERK_SIGNALING_PATHWAY,0.0205847054160944,0.0797940389248575,Non-classical monocytes
Butyricimonas,KEGG_MEDICUS_REFERENCE_FLCN_MTORC1_SIGNALING_PATHWAY,0.00802983884159877,0.494400716952937,Non-classical monocytes
Butyricimonas,KEGG_MEDICUS_REFERENCE_FLT3LG_FLT3_RAS_ERK_SIGNALING_PATHWAY,0.0180875195518786,0.123726284028033,Non-classical monocytes
Butyricimonas,KEGG_MEDICUS_REFERENCE_FLT3LG_FLT3_RAS_PI3K_SIGNALING_PATHWAY,0.0320608544161262,0.00635297591136305,Non-classical monocytes
Butyricimonas,KEGG_MEDICUS_REFERENCE_FSHR_GNAS_PKA_SIGNALING_PATHWAY,-0.0178263814358953,0.129243411674361,Non-classical monocytes
Butyricimonas,KEGG_MEDICUS_REFERENCE_GATOR1_MTORC1_SIGNALING_PATHWAY,0.00255177717641341,0.828092271266607,Non-classical monocytes
Butyricimonas,KEGG_MEDICUS_REFERENCE_GENE_SILENCING_BY_METHYLATION_OF_H3K27_AND_UBIQUITINATION_OF_H2AK119,-0.0947466124960604,6.43242678474107e-16,Non-classical monocytes
Butyricimonas,KEGG_MEDICUS_REFERENCE_GF_RTK_PI3K_SIGNALING_PATHWAY,0.0490246410644822,2.98824877740448e-05,Non-classical monocytes
Butyricimonas,KEGG_MEDICUS_REFERENCE_GF_RTK_RAS_ERK_SIGNALING_PATHWAY,0.0216327106814481,0.0656077428569504,Non-classical monocytes
Butyricimonas,KEGG_MEDICUS_REFERENCE_GF_RTK_RAS_PI3K_SIGNALING_PATHWAY,0.0369823091033666,0.00164301420097423,Non-classical monocytes
Butyricimonas,KEGG_MEDICUS_REFERENCE_GHRHR_PKA_GH_SIGNALING_PATHWAY,0.0037027419649728,0.752690795511993,Non-classical monocytes
Butyricimonas,KEGG_MEDICUS_REFERENCE_GH_JAK_STAT_SIGNALING_PATHWAY,0.0309092091905244,0.00851566724604444,Non-classical monocytes
Butyricimonas,KEGG_MEDICUS_REFERENCE_GLOBAL_GENOME_NER,-0.00289325977092926,0.805521027724564,Non-classical monocytes
Butyricimonas,KEGG_MEDICUS_REFERENCE_GLUCONEOGENESIS,-0.0320407300952645,0.00638607024694175,Non-classical monocytes
Butyricimonas,KEGG_MEDICUS_REFERENCE_GLUTATHIONE_BIOSYNTHESIS,-0.0533555615000897,5.52924036238703e-06,Non-classical monocytes
Butyricimonas,KEGG_MEDICUS_REFERENCE_GLYCOGEN_BIOSYNTHESIS,0.0229847445725425,0.0504426233540266,Non-classical monocytes
Butyricimonas,KEGG_MEDICUS_REFERENCE_GLYCOGEN_DEGRADATION,0.00454729922580526,0.698783200936264,Non-classical monocytes
Butyricimonas,KEGG_MEDICUS_REFERENCE_GLYCOGEN_DEGRADATION_AMYLASE_,0.0227223131442739,0.0531315219182621,Non-classical monocytes
Butyricimonas,KEGG_MEDICUS_REFERENCE_GLYCOLYSIS,-0.0825953222951537,1.91350101120301e-12,Non-classical monocytes
Butyricimonas,KEGG_MEDICUS_REFERENCE_GLYCOSAMINOGLYCAN_BIOSYNTHESIS_LINKAGE_TETRASACCHARIDE,0.0374182409815018,0.00144606212780496,Non-classical monocytes
Butyricimonas,KEGG_MEDICUS_REFERENCE_GNRH_GNRHR_PLCB_PKC_SIGNALING_PATHWAY,0.0665096179725047,1.46132567825124e-08,Non-classical monocytes
Butyricimonas,KEGG_MEDICUS_REFERENCE_GPCR_PI3K_SIGNALING_PATHWAY,-0.00280537187286088,0.811315565219681,Non-classical monocytes
Butyricimonas,KEGG_MEDICUS_REFERENCE_GPCR_PLCB_ITPR_SIGNALING_PATHWAY,0.0484719894266853,3.6713195431506e-05,Non-classical monocytes
Butyricimonas,KEGG_MEDICUS_REFERENCE_GPI_ANCHOR_BIOSYNTHESIS,0.0256882671414171,0.0287896196755057,Non-classical monocytes
Butyricimonas,KEGG_MEDICUS_REFERENCE_HEDGEHOG_SIGNALING_PATHWAY,0.0078257553252439,0.505437610489646,Non-classical monocytes
Butyricimonas,KEGG_MEDICUS_REFERENCE_HEDGEHOG_SIGNALING_PATHWAY_HH_LIGAND_SECRETION,0.0158727913344349,0.17675564036839,Non-classical monocytes
Butyricimonas,KEGG_MEDICUS_REFERENCE_HEDGEHOG_SIGNALING_PATHWAY_PTCH_CORECEPTOR,-0.00139487535737721,0.905513217973236,Non-classical monocytes
Butyricimonas,KEGG_MEDICUS_REFERENCE_HEME_BIOSYNTHESIS,0.00476057149171563,0.68539469768356,Non-classical monocytes
Butyricimonas,KEGG_MEDICUS_REFERENCE_HEPARAN_SULFATE_BIOSYNTHESIS,0.0335095749399529,0.00433951840731833,Non-classical monocytes
Butyricimonas,KEGG_MEDICUS_REFERENCE_HEPARAN_SULFATE_DEGRADATION,0.0400343607334332,0.000654000396354585,Non-classical monocytes
Butyricimonas,KEGG_MEDICUS_REFERENCE_HGF_MET_PI3K_SIGNALING_PATHWAY,0.069322454324697,3.50006193325215e-09,Non-classical monocytes
Butyricimonas,KEGG_MEDICUS_REFERENCE_HGF_MET_RAS_ERK_SIGNALING_PATHWAY,0.0175437793670496,0.13542725314525,Non-classical monocytes
Butyricimonas,KEGG_MEDICUS_REFERENCE_HIF_1_SIGNALING_PATHWAY,-0.0323588370179489,0.00588068067147156,Non-classical monocytes
Butyricimonas,KEGG_MEDICUS_REFERENCE_HOMOLOGOUS_RECOMBINATION,-0.000314166866495999,0.978671368625431,Non-classical monocytes
Butyricimonas,KEGG_MEDICUS_REFERENCE_HOMOLOGOUS_RECOMBINATION_IN_ICLR,-0.074690102623241,1.95550484072922e-10,Non-classical monocytes
Butyricimonas,KEGG_MEDICUS_REFERENCE_HORMONE_LIKE_CYTOKINE_TO_JAK_STAT_SIGNALING_PATHWAY,0.0503323353740169,1.82043968057761e-05,Non-classical monocytes
Butyricimonas,KEGG_MEDICUS_REFERENCE_HYDROLYSIS_OF_SPHINGOMYELIN,-0.0266751131786079,0.0231847691900759,Non-classical monocytes
Butyricimonas,KEGG_MEDICUS_REFERENCE_ICOSLG_ICOS_PI3K_SIGNALING_PATHWAY,0.0634037648536541,6.63056068107829e-08,Non-classical monocytes
Butyricimonas,KEGG_MEDICUS_REFERENCE_IFN_RIPK1_3_SIGNALING_PATHWAY,0.0476476814474871,4.97115257824159e-05,Non-classical monocytes
Butyricimonas,KEGG_MEDICUS_REFERENCE_IGF2_IGF1R_PI3K_SIGNALING_PATHWAY,0.0699262051812923,2.55649923205442e-09,Non-classical monocytes
Butyricimonas,KEGG_MEDICUS_REFERENCE_IGF_IGF1R_PI3K_SIGNALING_PATHWAY,0.0460788136594691,8.73613965553338e-05,Non-classical monocytes
Butyricimonas,KEGG_MEDICUS_REFERENCE_IGF_IGF1R_RAS_ERK_SIGNALING_PATHWAY,0.0216609504031157,0.0652562974558811,Non-classical monocytes
Butyricimonas,KEGG_MEDICUS_REFERENCE_IGF_IGFR_PI3K_NFKB_SIGNALING_PATHWAY,0.0408414945522249,0.000507172362438369,Non-classical monocytes
Butyricimonas,KEGG_MEDICUS_REFERENCE_IGG_FCGR_RAC_SIGNALING_PATHWAY,-0.0739052783134177,3.02033851147377e-10,Non-classical monocytes
Butyricimonas,KEGG_MEDICUS_REFERENCE_II_BLOOD_GROUP_ANTIGEN_BIOSYNTHESIS,0.0263374417088257,0.0249855420797731,Non-classical monocytes
Butyricimonas,KEGG_MEDICUS_REFERENCE_IL10_FAMILY_TO_JAK_STAT_SIGNALING_PATHWAY,0.0352063751478086,0.00272752663002798,Non-classical monocytes
Butyricimonas,KEGG_MEDICUS_REFERENCE_IL12_23_TO_JAK_STAT_SIGNALING_PATHWAY,0.0484378089085225,3.71810269721166e-05,Non-classical monocytes
Butyricimonas,KEGG_MEDICUS_REFERENCE_IL1_IL1R_JNK_SIGNALING_PATHWAY,-0.00140604259540512,0.90476035375519,Non-classical monocytes
Butyricimonas,KEGG_MEDICUS_REFERENCE_IL1_IL1R_P38_SIGNALING_PATHWAY,-0.0314590885167584,0.00741214180875985,Non-classical monocytes
Butyricimonas,KEGG_MEDICUS_REFERENCE_IL2_FAMILY_TO_JAK_STAT_SIGNALING_PATHWAY,0.0155660330793804,0.185269669957018,Non-classical monocytes
Butyricimonas,KEGG_MEDICUS_REFERENCE_IL6_FAMILY_TO_JAK_STAT_SIGNALING_PATHWAY,0.0361348687187621,0.00209816461335687,Non-classical monocytes
Butyricimonas,KEGG_MEDICUS_REFERENCE_INACTIVATION_OF_CONDENSIN_I,0.0228369565875741,0.0519424955227479,Non-classical monocytes
Butyricimonas,KEGG_MEDICUS_REFERENCE_INTRINSIC_APOPTOTIC_PATHWAY,0.0123141760512919,0.294666614273012,Non-classical monocytes
Butyricimonas,KEGG_MEDICUS_REFERENCE_IRE1A_JNK_SIGNALING_PATHWAY,0.0451683180697,0.000120232711815053,Non-classical monocytes
Butyricimonas,KEGG_MEDICUS_REFERENCE_ISOLEUCINE_DEGRADATION,-0.0197336223287508,0.0930671702863096,Non-classical monocytes
Butyricimonas,KEGG_MEDICUS_REFERENCE_ITGA_B_FAK_CDC42_SIGNALING_PATHWAY,0.01180040433977,0.31527547006165,Non-classical monocytes
Butyricimonas,KEGG_MEDICUS_REFERENCE_ITGA_B_FAK_RAC_SIGNALING_PATHWAY,-0.0375912640235299,0.00137410946098601,Non-classical monocytes
Butyricimonas,KEGG_MEDICUS_REFERENCE_ITGA_B_RHOGAP_RHOA_SIGNALING_PATHWAY,-0.00128645532845217,0.912826908446221,Non-classical monocytes
Butyricimonas,KEGG_MEDICUS_REFERENCE_ITGA_B_RHOGEF_RHOA_SIGNALING_PATHWAY,-0.00380641439030833,0.746001908663661,Non-classical monocytes
Butyricimonas,KEGG_MEDICUS_REFERENCE_ITGA_B_RHOG_RAC_SIGNALING_PATHWAY,-0.0751855340916056,1.48281067652038e-10,Non-classical monocytes
Butyricimonas,KEGG_MEDICUS_REFERENCE_ITGA_B_TALIN_VINCULIN_SIGNALING_PATHWAY,0.0191112529405118,0.103852072048203,Non-classical monocytes
Butyricimonas,KEGG_MEDICUS_REFERENCE_KEAP1_NRF2_SIGNALING_PATHWAY,-0.0578087007434862,8.50252450546575e-07,Non-classical monocytes
Butyricimonas,KEGG_MEDICUS_REFERENCE_KERATAN_SULFATE_DEGRADATION,0.0354416600178149,0.00255351443785869,Non-classical monocytes
Butyricimonas,KEGG_MEDICUS_REFERENCE_KINETOCHORE_FIBER_ORGANIZATION,-0.071681538669952,1.01050653121264e-09,Non-classical monocytes
Butyricimonas,KEGG_MEDICUS_REFERENCE_KINETOCHORE_MICROTUBULE_ATTACHMENT,-0.0824115033121858,2.14183475775208e-12,Non-classical monocytes
Butyricimonas,KEGG_MEDICUS_REFERENCE_KISS1_KISS1R_PLCB_PKC_SIGNALING_PATHWAY,0.0638973334127726,5.23806137350554e-08,Non-classical monocytes
Butyricimonas,KEGG_MEDICUS_REFERENCE_KITLG_KIT_PI3K_SIGNALING_PATHWAY,0.0692599203703382,3.61527808448245e-09,Non-classical monocytes
Butyricimonas,KEGG_MEDICUS_REFERENCE_KITLG_KIT_RAS_ERK_SIGNALING_PATHWAY,0.0202050725841567,0.0855112412460889,Non-classical monocytes
Butyricimonas,KEGG_MEDICUS_REFERENCE_LECTIN_PATHWAY_OF_COAGULATION_CASCADE_PROTHROMBIN_TO_THROMBIN,0.0228263759454741,0.0520512924421025,Non-classical monocytes
Butyricimonas,KEGG_MEDICUS_REFERENCE_LECTIN_PATHWAY_OF_COMPLEMENT_CASCADE_C4_C2_TO_C3_CONVERTASE_FORMATION,0.0221012768550813,0.0599743443082045,Non-classical monocytes
Butyricimonas,KEGG_MEDICUS_REFERENCE_LESION_BYPASS_BY_TLS_AND_DSB_FORMATION,-0.0662740574300315,1.64289425736991e-08,Non-classical monocytes
Butyricimonas,KEGG_MEDICUS_REFERENCE_LEUCINE_DEGRADATION,0.00421681245659352,0.719715011646858,Non-classical monocytes
Butyricimonas,KEGG_MEDICUS_REFERENCE_LHCGR_GNAS_PKA_SIGNALING_PATHWAY,-0.0178263814358953,0.129243411674361,Non-classical monocytes
Butyricimonas,KEGG_MEDICUS_REFERENCE_LIGHT_HVEM_NFKB_SIGNALING_PATHWAY,0.00490870245612934,0.6761530274157,Non-classical monocytes
Butyricimonas,KEGG_MEDICUS_REFERENCE_LOADING_OF_THE_SMC5_SMC6_COMPLEX,-0.0494724171193681,2.52521807999567e-05,Non-classical monocytes
Butyricimonas,KEGG_MEDICUS_REFERENCE_LONG_PATCH_BER,-0.00812248651475005,0.489433162673882,Non-classical monocytes
Butyricimonas,KEGG_MEDICUS_REFERENCE_LPAR_GNB_G_RHO_SIGNALING_PATHWAY,-0.041942516278646,0.000355955525465075,Non-classical monocytes
Butyricimonas,KEGG_MEDICUS_REFERENCE_LPA_GNA12_13_RHOA_SIGNALING_PATHWAY,0.023299573163413,0.0473682077167845,Non-classical monocytes
Butyricimonas,KEGG_MEDICUS_REFERENCE_LPA_GNAQ_11_RHOA_SIGNALING_PATHWAY,-0.00213399341869862,0.855899276225558,Non-classical monocytes
Butyricimonas,KEGG_MEDICUS_REFERENCE_LYSOSOMAL_CA2_RELEASE,-0.0760739279481625,8.98812887121949e-11,Non-classical monocytes
Butyricimonas,KEGG_MEDICUS_REFERENCE_MACHR_CA2_APOPTOTIC_PATHWAY,-0.0401155655782967,0.00063761167331388,Non-classical monocytes
Butyricimonas,KEGG_MEDICUS_REFERENCE_MAGI_PTEN_SIGNALING_PATHWAY,0.0425717528893831,0.000289664817438155,Non-classical monocytes
Butyricimonas,KEGG_MEDICUS_REFERENCE_MANNOSE_TYPE_O_GLYCAN_BIOSYNTHESIS_FKTN_TO_LARGE,0.0178590286528793,0.128543393618495,Non-classical monocytes
Butyricimonas,KEGG_MEDICUS_REFERENCE_MANNOSE_TYPE_O_GLYCAN_BIOSYNTHESIS_POMT_TO_POMK,0.0339489746338259,0.00385500542402013,Non-classical monocytes
Butyricimonas,KEGG_MEDICUS_REFERENCE_MDA5_IRF7_3_SIGNALING_PATHWAY,0.0282492996717927,0.0161985692382802,Non-classical monocytes
Butyricimonas,KEGG_MEDICUS_REFERENCE_MDM2_P21_CELL_CYCLE_G1_S_N00066,0.0955773899418269,3.57904559674184e-16,Non-classical monocytes
Butyricimonas,KEGG_MEDICUS_REFERENCE_MDM2_P21_CELL_CYCLE_G1_S_N00536,0.0161883511471048,0.168305061151768,Non-classical monocytes
Butyricimonas,KEGG_MEDICUS_REFERENCE_MEMBRANE_INITIATED_PROGESTERONE_SIGNALING_PATHWAY,0.0706935034952153,1.70851969896693e-09,Non-classical monocytes
Butyricimonas,KEGG_MEDICUS_REFERENCE_METHIONINE_DEGRADATION,0.0149068494826743,0.204584226718761,Non-classical monocytes
Butyricimonas,KEGG_MEDICUS_REFERENCE_MEVALONATE_PATHWAY,0.00385666898984044,0.742766348659317,Non-classical monocytes
Butyricimonas,KEGG_MEDICUS_REFERENCE_MGLUR1_TRPC3_SIGNALING_PATHWAY,0.0785185862620957,2.20096457939277e-11,Non-classical monocytes
Butyricimonas,KEGG_MEDICUS_REFERENCE_MGLUR5_CA2_APOPTOTIC_PATHWAY,-0.0307623466859841,0.0088342360669627,Non-classical monocytes
Butyricimonas,KEGG_MEDICUS_REFERENCE_MICROTUBULE_DEPOLYMERIZATION,-0.0800968322744293,8.67263873932907e-12,Non-classical monocytes
Butyricimonas,KEGG_MEDICUS_REFERENCE_MICROTUBULE_DEPOLYMERIZATION_AT_THE_MINUS_ENDS,-0.0799894257851087,9.24538530413497e-12,Non-classical monocytes
Butyricimonas,KEGG_MEDICUS_REFERENCE_MICROTUBULE_NUCLEATION,-0.0749006027417363,1.73897488494947e-10,Non-classical monocytes
Butyricimonas,KEGG_MEDICUS_REFERENCE_MICROTUBULE_RHOA_SIGNALING_PATHWAY,-0.0613202529159207,1.75966413021585e-07,Non-classical monocytes
Butyricimonas,KEGG_MEDICUS_REFERENCE_MISMATCH_REPAIR,0.00736519959496473,0.530813343996135,Non-classical monocytes
Butyricimonas,KEGG_MEDICUS_REFERENCE_MITOCHONDRIAL_COMPLEX_UCP1_IN_THERMOGENESIS,-0.157219465508497,2.59242148296926e-41,Non-classical monocytes
Butyricimonas,KEGG_MEDICUS_REFERENCE_MLK_JNK_SIGNALING_PATHWAY,0.0415122428409789,0.000409180474402043,Non-classical monocytes
Butyricimonas,KEGG_MEDICUS_REFERENCE_MODIFYING_OF_CONDENSIN_II_SUBUNITS,0.0180857408194192,0.1237632320065,Non-classical monocytes
Butyricimonas,KEGG_MEDICUS_REFERENCE_MODIFYING_OF_CONDENSIN_I_SUBUNITS,0.0116054040772814,0.323339586936692,Non-classical monocytes
Butyricimonas,KEGG_MEDICUS_REFERENCE_MYOSTATIN_SIGNALING_PATHWAY,0.0419644697453975,0.000353421605714338,Non-classical monocytes
Butyricimonas,KEGG_MEDICUS_REFERENCE_NAD_BIOSYNTHESIS,0.109304920390701,1.06386150805679e-20,Non-classical monocytes
Butyricimonas,KEGG_MEDICUS_REFERENCE_NALP12_INFLAMMASOME_SIGNALING_PATHWAY,-0.078677076277505,2.00608801692052e-11,Non-classical monocytes
Butyricimonas,KEGG_MEDICUS_REFERENCE_NLRC4_INFLAMMASOME_SIGNALING_PATHWAY,-0.0778063057966259,3.33110184398034e-11,Non-classical monocytes
Butyricimonas,KEGG_MEDICUS_REFERENCE_NLRP1_INFLAMMASOME_SIGNALING_PATHWAY,-0.0655360752049787,2.36505588483621e-08,Non-classical monocytes
Butyricimonas,KEGG_MEDICUS_REFERENCE_NLRP3_INFLAMMASOME_SIGNALING_PATHWAY,-0.0811354893307819,4.65260918909857e-12,Non-classical monocytes
Butyricimonas,KEGG_MEDICUS_REFERENCE_NODAL_SIGNALING_PATHWAY,0.045803483335782,9.62778039496389e-05,Non-classical monocytes
Butyricimonas,KEGG_MEDICUS_REFERENCE_NOD_NFKB_SIGNALING_PATHWAY,0.0137397458010207,0.242296322133201,Non-classical monocytes
Butyricimonas,KEGG_MEDICUS_REFERENCE_NON_CANONICAL_INFLAMMASOME_SIGNALING_PATHWAY,-0.0679082150734822,7.23121687206433e-09,Non-classical monocytes
Butyricimonas,KEGG_MEDICUS_REFERENCE_NON_HOMOLOGOUS_END_JOINING,0.018134148677558,0.122760767141942,Non-classical monocytes
Butyricimonas,KEGG_MEDICUS_REFERENCE_NOTCH_LIGAND_UBIQUITYLATION,0.017634393316164,0.133420050199708,Non-classical monocytes
Butyricimonas,KEGG_MEDICUS_REFERENCE_NOTCH_MESP2_SIGNALING,0.000825850861704096,0.94397283382715,Non-classical monocytes
Butyricimonas,KEGG_MEDICUS_REFERENCE_NOTCH_PROTEOLYTIC_ACTIVATION,0.0262583729166117,0.0254242969455381,Non-classical monocytes
Butyricimonas,KEGG_MEDICUS_REFERENCE_NOTCH_SIGNALING_PATHWAY,0.0394077333364567,0.000794272353264099,Non-classical monocytes
Butyricimonas,KEGG_MEDICUS_REFERENCE_NRG_ERBB4_PI3K_SIGNALING_PATHWAY,0.072030946730849,8.37821959798828e-10,Non-classical monocytes
Butyricimonas,KEGG_MEDICUS_REFERENCE_NUCLEAR_EXPORT_OF_MRNA,0.0214494471439677,0.0679265642553922,Non-classical monocytes
Butyricimonas,KEGG_MEDICUS_REFERENCE_NUCLEAR_INITIATED_ESTROGEN_SIGNALING_PATHWAY,0.0437799561043146,0.00019351890595952,Non-classical monocytes
Butyricimonas,KEGG_MEDICUS_REFERENCE_NUCLEAR_INITIATED_PROGESTERONE_SIGNALING_PATHWAY,0.0190148629151811,0.105607837228794,Non-classical monocytes
Butyricimonas,KEGG_MEDICUS_REFERENCE_N_GLYCAN_BIOSYNTHESIS,0.0545188135628287,3.43651328029602e-06,Non-classical monocytes
Butyricimonas,KEGG_MEDICUS_REFERENCE_N_GLYCAN_PRECURSOR_BIOSYNTHESIS_ALG6_TO_OST,0.00217077015123635,0.853443753672117,Non-classical monocytes
Butyricimonas,KEGG_MEDICUS_REFERENCE_N_GLYCAN_PRECURSOR_BIOSYNTHESIS_ALG7_TO_ALG11,0.0286355604231948,0.0147973908744859,Non-classical monocytes
Butyricimonas,KEGG_MEDICUS_REFERENCE_N_GLYCAN_PRECURSOR_BIOSYNTHESIS_GLC_6P_TO_MAN_P_DOL,-0.00177488079419725,0.879946405656099,Non-classical monocytes
Butyricimonas,KEGG_MEDICUS_REFERENCE_OKAZAKI_FRAGMENT_MATURATION,0.00382511161606922,0.744797591784129,Non-classical monocytes
Butyricimonas,KEGG_MEDICUS_REFERENCE_ORGANIZATION_OF_THE_INNER_KINETOCHORE,0.0188545553866662,0.108579925594952,Non-classical monocytes
Butyricimonas,KEGG_MEDICUS_REFERENCE_ORGANIZATION_OF_THE_OUTER_KINETOCHORE,0.0140795307806261,0.230844900365956,Non-classical monocytes
Butyricimonas,KEGG_MEDICUS_REFERENCE_ORIGIN_UNWINDING_AND_ELONGATION,0.00641485869883883,0.585140954855075,Non-classical monocytes
Butyricimonas,KEGG_MEDICUS_REFERENCE_P15_CELL_CYCLE_G1_S,0.111155757832667,2.34523277981951e-21,Non-classical monocytes
Butyricimonas,KEGG_MEDICUS_REFERENCE_P16_CELL_CYCLE_G1_S,0.116740323468527,2.09681023581618e-23,Non-classical monocytes
Butyricimonas,KEGG_MEDICUS_REFERENCE_P27_CELL_CYCLE_G1_S,-0.047299641795797,5.64181900144845e-05,Non-classical monocytes
Butyricimonas,KEGG_MEDICUS_REFERENCE_P300_P21_CELL_CYCLE_G1_S,0.108140063141998,2.71971091781651e-20,Non-classical monocytes
Butyricimonas,KEGG_MEDICUS_REFERENCE_P4_PR_PI3K_SIGNALING_PATHWAY,0.0698166422680406,2.7069983985598e-09,Non-classical monocytes
Butyricimonas,KEGG_MEDICUS_REFERENCE_P4_PR_RAS_ERK_SIGNALING_PATHWAY,0.0221875667113389,0.0589819466822969,Non-classical monocytes
Butyricimonas,KEGG_MEDICUS_REFERENCE_PDGF_PDGFR_PI3K_SIGNALING_PATHWAY,0.0706435024292945,1.75420945274408e-09,Non-classical monocytes
Butyricimonas,KEGG_MEDICUS_REFERENCE_PDGF_PDGFR_PLCG_CAMK_SIGNALING_PATHWAY,-0.0755179499370552,1.23033436035305e-10,Non-classical monocytes
Butyricimonas,KEGG_MEDICUS_REFERENCE_PDGF_PDGFR_RAS_ERK_SIGNALING_PATHWAY,0.0206661249412137,0.078609254599718,Non-classical monocytes
Butyricimonas,KEGG_MEDICUS_REFERENCE_PDL_PD1_SHP_PI3K_SIGNALING_PATHWAY,-0.0101436270939277,0.388019555638907,Non-classical monocytes
Butyricimonas,KEGG_MEDICUS_REFERENCE_PINK_PARKIN_MEDIATED_AUTOPHAGOSOME_FORMATION,-0.00815737566359359,0.487569474854033,Non-classical monocytes
Butyricimonas,KEGG_MEDICUS_REFERENCE_PKA_HOLOENZYME,0.0185366198512609,0.114669869466305,Non-classical monocytes
Butyricimonas,KEGG_MEDICUS_REFERENCE_PKR_EIF2ALPHA_SIGNALING_PATHWAY,0.0251403958450801,0.0323781686151854,Non-classical monocytes
Butyricimonas,KEGG_MEDICUS_REFERENCE_PLASMIN_MEDIATED_ACTIVATION_OF_LATENT_TGF_BETA,-0.0305955459348301,0.00920892984618693,Non-classical monocytes
Butyricimonas,KEGG_MEDICUS_REFERENCE_PP2A_AKT_SIGNALING_PATHWAY,0.0576054972555219,9.28912931840252e-07,Non-classical monocytes
Butyricimonas,KEGG_MEDICUS_REFERENCE_PRE_IC_FORMATION,0.0244230365655784,0.0376507039359835,Non-classical monocytes
Butyricimonas,KEGG_MEDICUS_REFERENCE_PRL_JAK_STAT_SIGNALING_PATHWAY,0.0310379217998347,0.00824495516927659,Non-classical monocytes
Butyricimonas,KEGG_MEDICUS_REFERENCE_PRNP_PI3K_NOX2_SIGNALING_PATHWAY,-0.0277542053228402,0.0181641566331325,Non-classical monocytes
Butyricimonas,KEGG_MEDICUS_REFERENCE_PROK_PRKR_GI_ERK_SIGNALING_PATHWAY,0.00548970274363949,0.640384855921141,Non-classical monocytes
Butyricimonas,KEGG_MEDICUS_REFERENCE_PROMOTION_OF_MICROTUBULE_GROWTH,-0.0696260758792491,2.98956509828375e-09,Non-classical monocytes
Butyricimonas,KEGG_MEDICUS_REFERENCE_PTH_PTH1R_PKA_SIGNALING_PATHWAY,-0.0178263814358953,0.129243411674361,Non-classical monocytes
Butyricimonas,KEGG_MEDICUS_REFERENCE_PURINE_SALVAGE_PATHWAY_ADENINE_TO_AMP,-0.0137194063439335,0.242994255988583,Non-classical monocytes
Butyricimonas,KEGG_MEDICUS_REFERENCE_PURINE_SALVAGE_PATHWAY_HYPOXANTHINE_GUANINE_TO_IMP_GMP,-0.0101105922846124,0.389566879151806,Non-classical monocytes
Butyricimonas,KEGG_MEDICUS_REFERENCE_PYRIN_INFLAMMASOME_SIGNALING_PATHWAY,-0.0677374664654898,7.88566940657824e-09,Non-classical monocytes
Butyricimonas,KEGG_MEDICUS_REFERENCE_RAB7_REGULATED_MICROTUBULE_MINUS_END_DIRECTED_TRANSPORT,-0.0881266478466322,5.73756852231475e-14,Non-classical monocytes
Butyricimonas,KEGG_MEDICUS_REFERENCE_RAC_CDC42_PAK_ERK_SIGNALING_PATHWAY,-0.0151964405566976,0.195925912760317,Non-classical monocytes
Butyricimonas,KEGG_MEDICUS_REFERENCE_RAD51_DSDNA_DESTABILIZATION,0.0173852918481153,0.13899389880029,Non-classical monocytes
Butyricimonas,KEGG_MEDICUS_REFERENCE_RECRUITMENT_AND_FORMATION_OF_THE_MCC,-0.0100694608918829,0.391498676186005,Non-classical monocytes
Butyricimonas,KEGG_MEDICUS_REFERENCE_REGULATION_OF_COMPLEMENT_CASCADE_MAC_INHIBITION,-0.00912051631493352,0.437663523389726,Non-classical monocytes
Butyricimonas,KEGG_MEDICUS_REFERENCE_REGULATION_OF_EXTRINSIC_APOPTOTIC_PATHWAY_XIAP,0.031990074596839,0.00647006052707103,Non-classical monocytes
Butyricimonas,KEGG_MEDICUS_REFERENCE_REGULATION_OF_FIBRINOLYTIC_SYSTEM_C1INH,0.000504696447383282,0.965742859512182,Non-classical monocytes
Butyricimonas,KEGG_MEDICUS_REFERENCE_REGULATION_OF_FIBRINOLYTIC_SYSTEM_PAI,0.0251153010556198,0.032551332721397,Non-classical monocytes
Butyricimonas,KEGG_MEDICUS_REFERENCE_REGULATION_OF_GF_RTK_RAS_ERK_SIGNALING_MRAS_SHOC2_PP1_HOLOPHOSPHATASE,-0.00436111406159502,0.710548524992045,Non-classical monocytes
Butyricimonas,KEGG_MEDICUS_REFERENCE_REGULATION_OF_GF_RTK_RAS_ERK_SIGNALING_PATHWAY_ADAPTOR_PROTEINS,0.00711290198481778,0.5449834668864,Non-classical monocytes
Butyricimonas,KEGG_MEDICUS_REFERENCE_REGULATION_OF_GF_RTK_RAS_ERK_SIGNALING_PTP,-0.0161955955510932,0.168114682736354,Non-classical monocytes
Butyricimonas,KEGG_MEDICUS_REFERENCE_REGULATION_OF_GF_RTK_RAS_ERK_SIGNALING_RASGAP,0.0513786907487095,1.21397869082981e-05,Non-classical monocytes
Butyricimonas,KEGG_MEDICUS_REFERENCE_REGULATION_OF_GF_RTK_RAS_ERK_SIGNALING_RAS_UBIQUITINATION_BY_CUL3_COMPLEX,0.0416521558835168,0.000391107727435078,Non-classical monocytes
Butyricimonas,KEGG_MEDICUS_REFERENCE_REGULATION_OF_GF_RTK_RAS_ERK_SIGNALING_SPRED_AND_NF1,0.0433392009447737,0.000224457140097011,Non-classical monocytes
Butyricimonas,KEGG_MEDICUS_REFERENCE_REGULATION_OF_GF_RTK_RAS_ERK_SIGNALING_UBIQUITINATION_OF_RTK_BY_CBL,0.0169236762284872,0.149794624999448,Non-classical monocytes
Butyricimonas,KEGG_MEDICUS_REFERENCE_REGULATION_OF_NLRP3_INFLAMMASOME_SIGNALING_PATHWAY_NLRP3_INHIBITION,-0.0805752776374169,6.51615274612509e-12,Non-classical monocytes
Butyricimonas,KEGG_MEDICUS_REFERENCE_REGULATION_OF_SERCA,-0.0297202263312599,0.011417279082754,Non-classical monocytes
Butyricimonas,KEGG_MEDICUS_REFERENCE_REGULATION_OF_TNF_NFKB_SIGNALING_PATHWAY_LUBAC_MEDIATED_LINEAR_UBIQUITINATION,0.0103989410954783,0.376187562069661,Non-classical monocytes
Butyricimonas,KEGG_MEDICUS_REFERENCE_RELN_VLDLR_PI3K_SIGNALING_PATHWAY,0.0663460589948145,1.58518953174481e-08,Non-classical monocytes
Butyricimonas,KEGG_MEDICUS_REFERENCE_RETROGRADE_AXONAL_TRANSPORT,-0.0773553240891039,4.32230863203508e-11,Non-classical monocytes
Butyricimonas,KEGG_MEDICUS_REFERENCE_RIG_I_IRF7_3_SIGNALING_PATHWAY,0.0125205330080883,0.286649000785441,Non-classical monocytes
Butyricimonas,KEGG_MEDICUS_REFERENCE_RIG_I_NFKB_SIGNALING_PATHWAY,0.0138791177617471,0.237551791749602,Non-classical monocytes
Butyricimonas,KEGG_MEDICUS_REFERENCE_RORA_MEDIATED_TRANSCRIPTION,0.0307008499419671,0.00897076481738811,Non-classical monocytes
Butyricimonas,KEGG_MEDICUS_REFERENCE_RTK_PLCG_ITPR_SIGNALING_PATHWAY,0.0708086368406508,1.60767774263912e-09,Non-classical monocytes
Butyricimonas,KEGG_MEDICUS_REFERENCE_SIALYL_LEWIS_X_ANTIGEN_BIOSYNTHESIS,0.0148375238264172,0.206697618114355,Non-classical monocytes
Butyricimonas,KEGG_MEDICUS_REFERENCE_SKELETAL_TYPE_VGCC_RYR_SIGNALING,0.0207788301422308,0.0769928719966006,Non-classical monocytes
Butyricimonas,KEGG_MEDICUS_REFERENCE_SPINDLE_ASSEMBLY_CHECKPOINT_SIGNALING,-0.005229748941518,0.656291564919567,Non-classical monocytes
Butyricimonas,KEGG_MEDICUS_REFERENCE_STRAD_STK11_TSC_SIGNALING_PATHWAY,0.035961192875624,0.0022046663876911,Non-classical monocytes
Butyricimonas,KEGG_MEDICUS_REFERENCE_TAC3_TACR3_PLC_PKC_SIGNALING_PATHWAY,0.0635397009436992,6.21482027695715e-08,Non-classical monocytes
Butyricimonas,KEGG_MEDICUS_REFERENCE_TBK1_MEDIATED_AUTOPHAGOSOME_FORMATION,-0.0167509729184845,0.153996078824883,Non-classical monocytes
Butyricimonas,KEGG_MEDICUS_REFERENCE_TCR_PLCG_ITPR_SIGNALING_PATHWAY,0.0556933078550673,2.10560778250864e-06,Non-classical monocytes
Butyricimonas,KEGG_MEDICUS_REFERENCE_TELOMERASE_RNA_MATURATION,0.0140168707500215,0.23292722509911,Non-classical monocytes
Butyricimonas,KEGG_MEDICUS_REFERENCE_TELOMERE_ELONGATION,-0.00291275026108075,0.804237433292361,Non-classical monocytes
Butyricimonas,KEGG_MEDICUS_REFERENCE_TESTOSTERONE_BIOSYNTHESIS,0.00371535951785128,0.751875713718615,Non-classical monocytes
Butyricimonas,KEGG_MEDICUS_REFERENCE_TETHERING_OF_LATE_ENDOSOMES_AND_LYSOSOMES,0.00695386960112392,0.554010896624086,Non-classical monocytes
Butyricimonas,KEGG_MEDICUS_REFERENCE_TGFA_EGFR_PI3K_SIGNALING_PATHWAY,0.0715793313749025,1.067269677917e-09,Non-classical monocytes
Butyricimonas,KEGG_MEDICUS_REFERENCE_TGFA_EGFR_PLCG_PKC_SIGNALING_PATHWAY,0.045869044894666,9.40798620495662e-05,Non-classical monocytes
Butyricimonas,KEGG_MEDICUS_REFERENCE_TGFA_EGFR_RAS_ERK_SIGNALING_PATHWAY,0.0200869262975922,0.0873565762240082,Non-classical monocytes
Butyricimonas,KEGG_MEDICUS_REFERENCE_TGF_BETA_SIGNALING_PATHWAY,0.00480121621940297,0.682854172528027,Non-classical monocytes
Butyricimonas,KEGG_MEDICUS_REFERENCE_THYROID_HORMONE_SIGNALING_PATHWAY,0.0379581428525926,0.00123233423275097,Non-classical monocytes
Butyricimonas,KEGG_MEDICUS_REFERENCE_TIGHT_JUNCTION_ACTIN_SIGNALING_PATHWAY,-0.0831772045803665,1.33706045958996e-12,Non-classical monocytes
Butyricimonas,KEGG_MEDICUS_REFERENCE_TLR1_2_4_NFKB_SIGNALING_PATHWAY,0.0317796037200728,0.00682977599544705,Non-classical monocytes
Butyricimonas,KEGG_MEDICUS_REFERENCE_TLR2_4_MAPK_SIGNALING_PATHWAY,0.0164594381962999,0.161290714926366,Non-classical monocytes
Butyricimonas,KEGG_MEDICUS_REFERENCE_TLR3_IRF3_SIGNALING_PATHWAY,0.0705501839223563,1.84268654278483e-09,Non-classical monocytes
Butyricimonas,KEGG_MEDICUS_REFERENCE_TLR3_IRF7_SIGNALING_PATHWAY,0.00488566349133833,0.677587238070135,Non-classical monocytes
Butyricimonas,KEGG_MEDICUS_REFERENCE_TLR3_NFKB_SIGNALING_PATHWAY,0.0146468609914708,0.212591588650026,Non-classical monocytes
Butyricimonas,KEGG_MEDICUS_REFERENCE_TLR4_IRF3_7_SIGNALING_PATHWAY,0.0276742343402042,0.0185005100686667,Non-classical monocytes
Butyricimonas,KEGG_MEDICUS_REFERENCE_TLR5_NFKB_SIGNALING_PATHWAY,0.00617024408907869,0.599531554238486,Non-classical monocytes
Butyricimonas,KEGG_MEDICUS_REFERENCE_TLR7_8_9_IRF5_SIGNALING_PATHWAY,-0.0200744638834444,0.0875530865943604,Non-classical monocytes
Butyricimonas,KEGG_MEDICUS_REFERENCE_TLR7_9_IRF7_SIGNALING_PATHWAY,-0.0291818405010193,0.0129982909470761,Non-classical monocytes
Butyricimonas,KEGG_MEDICUS_REFERENCE_TNFSF10_RIPK1_3_SIGNALING_PATHWAY,-0.000837806489594068,0.94316310636095,Non-classical monocytes
Butyricimonas,KEGG_MEDICUS_REFERENCE_TNF_JNK_SIGNALING_PATHWAY,0.0133780822289831,0.254917745884388,Non-classical monocytes
Butyricimonas,KEGG_MEDICUS_REFERENCE_TNF_NFKB_SIGNALING_PATHWAY,0.0328486818653979,0.00517267687916417,Non-classical monocytes
Butyricimonas,KEGG_MEDICUS_REFERENCE_TNF_P38_SIGNALING_PATHWAY,0.035849677492885,0.00227563789423392,Non-classical monocytes
Butyricimonas,KEGG_MEDICUS_REFERENCE_TNF_RIPK1_3_SIGNALING_PATHWAY,0.0176548621789684,0.132969844341039,Non-classical monocytes
Butyricimonas,KEGG_MEDICUS_REFERENCE_TRAIP_DEPENDENT_REPLISOME_DISASSEMBLY,-0.0686366549832571,4.98505309441082e-09,Non-classical monocytes
Butyricimonas,KEGG_MEDICUS_REFERENCE_TRANSCRIPTIONAL_ACTIVATION_BY_ACETYLATION_OF_H3K27,-0.040372178591866,0.000588298565415373,Non-classical monocytes
Butyricimonas,KEGG_MEDICUS_REFERENCE_TRANSCRIPTION_COUPLED_NER,-0.0163204415265277,0.164859156522298,Non-classical monocytes
Butyricimonas,KEGG_MEDICUS_REFERENCE_TRANSLATION_INITIATION,-0.220990823476443,7.72184063737838e-81,Non-classical monocytes
Butyricimonas,KEGG_MEDICUS_REFERENCE_TRAPPI_RAB1_SIGNALING_PATHWAY,-0.0345581355657035,0.00326445089473297,Non-classical monocytes
Butyricimonas,KEGG_MEDICUS_REFERENCE_TRH_TRHR_PLCB_PKC_SIGNALING_PATHWAY,0.0639523416387241,5.10168549868721e-08,Non-classical monocytes
Butyricimonas,KEGG_MEDICUS_REFERENCE_TSC1_2_MTORC1_SIGNALING_PATHWAY,0.0255894636452742,0.0294102588948229,Non-classical monocytes
Butyricimonas,KEGG_MEDICUS_REFERENCE_TSH_DUOX2_TG_SIGNALING_PATHWAY,0.0632835179849964,7.02067064371326e-08,Non-classical monocytes
Butyricimonas,KEGG_MEDICUS_REFERENCE_TSH_TG_SIGNALING_PATHWAY,0.00109579419659965,0.925705882097748,Non-classical monocytes
Butyricimonas,KEGG_MEDICUS_REFERENCE_TYPE_II_INTERFERON_TO_JAK_STAT_SIGNALING_PATHWAY,0.0143917236233909,0.220667175345032,Non-classical monocytes
Butyricimonas,KEGG_MEDICUS_REFERENCE_TYPE_I_IFN_SIGNALING_PATHWAY,0.01927268145401,0.10096363750159,Non-classical monocytes
Butyricimonas,KEGG_MEDICUS_REFERENCE_TYPE_I_INTERFERON_TO_JAK_STAT_SIGNALING_PATHWAY,0.020437396518528,0.0819744735999497,Non-classical monocytes
Butyricimonas,KEGG_MEDICUS_REFERENCE_TYROSINE_DEGRADATION,0.0276257833623649,0.0187069324594355,Non-classical monocytes
Butyricimonas,KEGG_MEDICUS_REFERENCE_UCHL1_MEDIATED_HYDROLYSIS,-0.147643136259277,1.38389260047995e-36,Non-classical monocytes
Butyricimonas,KEGG_MEDICUS_REFERENCE_UREA_CYCLE,-0.00115441613270654,0.921743795891433,Non-classical monocytes
Butyricimonas,KEGG_MEDICUS_REFERENCE_VALINE_DEGRADATION,-0.0104616286106154,0.37331684176424,Non-classical monocytes
Butyricimonas,KEGG_MEDICUS_REFERENCE_VGCC_CA2_APOPTOTIC_PATHWAY,-0.0721134364500599,8.01460010397767e-10,Non-classical monocytes
Butyricimonas,KEGG_MEDICUS_REFERENCE_V_D_J_RECOMBINATION,0.00684233666847676,0.560385393000972,Non-classical monocytes
Butyricimonas,KEGG_MEDICUS_REFERENCE_WEE1_CELL_CYCLE_G2_M,0.0119715719035853,0.308306757176999,Non-classical monocytes
Butyricimonas,KEGG_MEDICUS_REFERENCE_WNT5A_ROR_SIGNALING_PATHWAY,0.00436669995126404,0.71019452199274,Non-classical monocytes
Butyricimonas,KEGG_MEDICUS_REFERENCE_WNT_SIGNALING_MODULATION_LGR_RSPO,0.00321709634861556,0.78426447850846,Non-classical monocytes
Butyricimonas,KEGG_MEDICUS_REFERENCE_WNT_SIGNALING_MODULATION_SOST_LRP4,0.00664131030803068,0.571963690180514,Non-classical monocytes
Butyricimonas,KEGG_MEDICUS_REFERENCE_WNT_SIGNALING_MODULATION_WNT_ACYLATION,0.026773645541169,0.0226810104791114,Non-classical monocytes
Butyricimonas,KEGG_MEDICUS_REFERENCE_WNT_SIGNALING_MODULATION_WNT_INHIBITOR,0.020924891090524,0.0749385119179299,Non-classical monocytes
Butyricimonas,KEGG_MEDICUS_REFERENCE_WNT_SIGNALING_PATHWAY,0.0482145603495818,4.0378683405984e-05,Non-classical monocytes
Butyricimonas,KEGG_MEDICUS_VARIANT_AML1_ETO_FUSION_TO_PU.1_MEDIATED_TRANSCRIPTION,-0.040180699987628,0.000624743195112692,Non-classical monocytes
Butyricimonas,KEGG_MEDICUS_VARIANT_AMPLIFIED_CCND1_TO_CELL_CYCLE_G1_S,0.0413912350045718,0.000425437150296371,Non-classical monocytes
Butyricimonas,KEGG_MEDICUS_VARIANT_AMPLIFIED_CCNE_TO_CELL_CYCLE_G1_S,0.0357672637911823,0.00232942631082788,Non-classical monocytes
Butyricimonas,KEGG_MEDICUS_VARIANT_AMPLIFIED_CDK4_TO_CELL_CYCLE_G1_S,0.112416904833568,8.24852634539334e-22,Non-classical monocytes
Butyricimonas,KEGG_MEDICUS_VARIANT_AMPLIFIED_EGFR_TO_PI3K_SIGNALING_PATHWAY,0.0718183081007506,9.3913256476394e-10,Non-classical monocytes
Butyricimonas,KEGG_MEDICUS_VARIANT_AMPLIFIED_EGFR_TO_PLCG_CAMK_SIGNALING_PATHWAY,-0.0757229159484438,1.096144629822e-10,Non-classical monocytes
Butyricimonas,KEGG_MEDICUS_VARIANT_AMPLIFIED_FGFR_TO_PI3K_SIGNALING_PATHWAY,0.0732782971778357,4.2608609822991e-10,Non-classical monocytes
Butyricimonas,KEGG_MEDICUS_VARIANT_AMPLIFIED_FGFR_TO_RAS_ERK_SIGNALING_PATHWAY,0.0205045514886022,0.0809745406592937,Non-classical monocytes
Butyricimonas,KEGG_MEDICUS_VARIANT_AMPLIFIED_MDM2_TO_P21_CELL_CYCLE_G1_S,0.0945710788706118,7.27593779892821e-16,Non-classical monocytes
Butyricimonas,KEGG_MEDICUS_VARIANT_AMPLIFIED_MET_TO_PI3K_SIGNALING_PATHWAY,0.075237977483306,1.43985882087077e-10,Non-classical monocytes
Butyricimonas,KEGG_MEDICUS_VARIANT_AMPLIFIED_MYCN_TO_TRANSCRIPTIONAL_ACTIVATION,0.0297588835062556,0.0113106195581695,Non-classical monocytes
Butyricimonas,KEGG_MEDICUS_VARIANT_AMPLIFIED_MYCN_TO_TRANSCRIPTIONAL_REPRESSION,0.0125799021811316,0.284369864084542,Non-classical monocytes
Butyricimonas,KEGG_MEDICUS_VARIANT_AMPLIFIED_MYC_TO_CELL_CYCLE_G1_S,0.111334483621374,2.02388654296018e-21,Non-classical monocytes
Butyricimonas,KEGG_MEDICUS_VARIANT_AMPLIFIED_MYC_TO_P27_CELL_CYCLE_G1_S,-0.0433510513040642,0.000223567816198573,Non-classical monocytes
Butyricimonas,KEGG_MEDICUS_VARIANT_AMPLIFIED_PDGFR_TO_PI3K_SIGNALING_PATHWAY,0.0718183081007506,9.3913256476394e-10,Non-classical monocytes
Butyricimonas,KEGG_MEDICUS_VARIANT_AMPLIFIED_PDGFR_TO_PLCG_CAMK_SIGNALING_PATHWAY,-0.0757229159484438,1.096144629822e-10,Non-classical monocytes
Butyricimonas,KEGG_MEDICUS_VARIANT_AMPLIFIED_PDGFR_TO_RAS_ERK_SIGNALING_PATHWAY,0.0203188636587536,0.0837638387150007,Non-classical monocytes
Butyricimonas,KEGG_MEDICUS_VARIANT_AMPLIFIED_REL_TO_TRANSCRIPTION,-0.0620251401025464,1.26918491072027e-07,Non-classical monocytes
Butyricimonas,KEGG_MEDICUS_VARIANT_BCL2_OVEREXPRESSION_TO_INTRINSIC_APOPTOTIC_PATHWAY,0.00808727693779816,0.491317847740989,Non-classical monocytes
Butyricimonas,KEGG_MEDICUS_VARIANT_BCR_ABL_FUSION_KINASE_TO_PI3K_SIGNALING_PATHWAY,0.0789485392812096,1.71081756170873e-11,Non-classical monocytes
Butyricimonas,KEGG_MEDICUS_VARIANT_BCR_ABL_FUSION_KINASE_TO_RAS_ERK_SIGNALING_PATHWAY,0.0213907991034518,0.0686827155128801,Non-classical monocytes
Butyricimonas,KEGG_MEDICUS_VARIANT_CDH1_REDUCED_EXPRESSION_TO_BETA_CATENIN_SIGNALING_PATHWAY,0.0453471524478978,0.000112973437279145,Non-classical monocytes
Butyricimonas,KEGG_MEDICUS_VARIANT_CDX2_OVEREXPRESSION_TO_TRANSCRIPTIONAL_ACTIVATION,0.0240910616676669,0.040327878809725,Non-classical monocytes
Butyricimonas,KEGG_MEDICUS_VARIANT_CYP11B1_CYP11B2_FUSION_TO_ACTH_CORTISOL_SIGNALING_PATHWAY,0.00981052203337967,0.403793093835935,Non-classical monocytes
Butyricimonas,KEGG_MEDICUS_VARIANT_DELETED_DMD_TO_DYSTROPHIN_ASSOCIATED_PROTEIN_COMPLEX,0.0188211956742867,0.109206651104357,Non-classical monocytes
Butyricimonas,KEGG_MEDICUS_VARIANT_DUPLICATION_OR_MUTATION_ACTIVATED_FLT3_TO_JAK_STAT_SIGNALING_PATHWAY,0.0109107989464692,0.353146229239558,Non-classical monocytes
Butyricimonas,KEGG_MEDICUS_VARIANT_DUPLICATION_OR_MUTATION_ACTIVATED_FLT3_TO_RAS_ERK_SIGNALING_PATHWAY,0.0191421241803174,0.103294674747795,Non-classical monocytes
Butyricimonas,KEGG_MEDICUS_VARIANT_DUPLICATION_OR_MUTATION_ACTIVATED_FLT3_TO_RAS_PI3K_SIGNALING_PATHWAY,0.0317109243907167,0.00695098551275692,Non-classical monocytes
Butyricimonas,KEGG_MEDICUS_VARIANT_EGFR_OVEREXPRESSION_TO_PI3K_SIGNALING_PATHWAY,0.0695093991184841,3.1765301925379e-09,Non-classical monocytes
Butyricimonas,KEGG_MEDICUS_VARIANT_EGF_OVEREXPRESSION_TO_PI3K_SIGNALING_PATHWAY,0.0683809117012517,5.68293071657959e-09,Non-classical monocytes
Butyricimonas,KEGG_MEDICUS_VARIANT_EGF_OVEREXPRESSION_TO_RAS_ERK_SIGNALING_PATHWAY,0.0204209009142173,0.082221617756861,Non-classical monocytes
Butyricimonas,KEGG_MEDICUS_VARIANT_EML4_ALK_FUSION_KINASE_TO_JAK_STAT_SIGNALING_PATHWAY,0.0297136177096142,0.0114356020942873,Non-classical monocytes
Butyricimonas,KEGG_MEDICUS_VARIANT_EML4_ALK_FUSION_KINASE_TO_PI3K_SIGNALING_PATHWAY,0.0730856793673479,4.73327019898959e-10,Non-classical monocytes
Butyricimonas,KEGG_MEDICUS_VARIANT_EML4_ALK_FUSION_KINASE_TO_PLCG_ERK_SIGNALING_PATHWAY,0.0547033467416379,3.18399416915654e-06,Non-classical monocytes
Butyricimonas,KEGG_MEDICUS_VARIANT_EML4_ALK_FUSION_KINASE_TO_RAS_ERK_SIGNALING_PATHWAY,0.0369663010668894,0.00165069563995253,Non-classical monocytes
Butyricimonas,KEGG_MEDICUS_VARIANT_ERBB2_OVEREXPRESSION_TO_EGF_JAK_STAT_SIGNALING_PATHWAY,-0.000490935874896549,0.96667633129904,Non-classical monocytes
Butyricimonas,KEGG_MEDICUS_VARIANT_ERBB2_OVEREXPRESSION_TO_PI3K_SIGNALING_PATHWAY,0.0702084189837923,2.20538385030378e-09,Non-classical monocytes
Butyricimonas,KEGG_MEDICUS_VARIANT_ESR1_POSITIVE_TO_NUCLEAR_INITIATED_ESTROGEN_SIGNALING_PATHWAY,0.0560300809856758,1.82640683064999e-06,Non-classical monocytes
Butyricimonas,KEGG_MEDICUS_VARIANT_EWSR1_WT1_FUSION_TO_TRANSCRIPTIONAL_ACTIVATION,0.0302976627910325,0.00991349023836223,Non-classical monocytes
Butyricimonas,KEGG_MEDICUS_VARIANT_FUS_DDIT3_FUSION_TO_NFKB_MEDIATED_TRANSCRIPTION,0.00144520326963627,0.902120930383347,Non-classical monocytes
Butyricimonas,KEGG_MEDICUS_VARIANT_FZD7_OVEREXPRESSION_TO_WNT_SIGNALING_PATHWAY,0.049471896961316,2.52571404922515e-05,Non-classical monocytes
Butyricimonas,KEGG_MEDICUS_VARIANT_HRAS_OVEREXPRESSION_TO_ERK_SIGNALING_PATHWAY,0.0333931929121672,0.00447677846731423,Non-classical monocytes
Butyricimonas,KEGG_MEDICUS_VARIANT_IGF2_OVEREXPRESSION_TO_RAS_ERK_SIGNALING_PATHWAY,0.0216721078165325,0.0651178711067047,Non-classical monocytes
Butyricimonas,KEGG_MEDICUS_VARIANT_IGH_MMSET_FUSION_TO_TRANSCRIPTIONAL_ACTIVATION,-0.11096166021853,2.75152412022085e-21,Non-classical monocytes
Butyricimonas,KEGG_MEDICUS_VARIANT_LMO2_REARRANGEMENT_TO_TRANSCRIPTIONAL_ACTIVATION,-0.0459040045812168,9.29272961058743e-05,Non-classical monocytes
Butyricimonas,KEGG_MEDICUS_VARIANT_LMO2_REARRANGEMENT_TO_TRANSCRIPTIONAL_REPRESSION,-0.0353908943130965,0.00259017735467357,Non-classical monocytes
Butyricimonas,KEGG_MEDICUS_VARIANT_LOSS_OF_CDKN1B_TO_P27_CELL_CYCLE_G1_S,0.0131635446847993,0.262617151750354,Non-classical monocytes
Butyricimonas,KEGG_MEDICUS_VARIANT_LOSS_OF_NKX3_1_TO_PI3K_SIGNALING_PATHWAY,0.0479172781787569,4.50433824675857e-05,Non-classical monocytes
Butyricimonas,KEGG_MEDICUS_VARIANT_LOSS_OF_RASSF1_TO_RAS_RASSF1_SIGNALING_PATHWAY,0.0225288540360462,0.0551895078219335,Non-classical monocytes
Butyricimonas,KEGG_MEDICUS_VARIANT_LOSS_OF_VHL_TO_HIF_1_SIGNALING_PATHWAY,-0.0620145457657762,1.27546650953558e-07,Non-classical monocytes
Butyricimonas,KEGG_MEDICUS_VARIANT_LRP6_OVEREXPRESSION_TO_WNT_SIGNALING_PATHWAY,0.048085839319157,4.23392313469033e-05,Non-classical monocytes
Butyricimonas,KEGG_MEDICUS_VARIANT_MET_OVEREXPRESSION_TO_RAS_ERK_SIGNALING_PATHWAY,0.0203842019597482,0.0827736242336656,Non-classical monocytes
Butyricimonas,KEGG_MEDICUS_VARIANT_MLL_AF4_FUSION_TO_TRANSCRIPTIONAL_ACTIVATION,0.0129563273810505,0.270204858523722,Non-classical monocytes
Butyricimonas,KEGG_MEDICUS_VARIANT_MLL_ENL_FUSION_TO_TRANSCRIPTIONAL_ACTIVATION,0.0537620821480733,4.68762975510785e-06,Non-classical monocytes
Butyricimonas,KEGG_MEDICUS_VARIANT_MUTATION_ACTIVATED_BRAF_TO_ERK_SIGNALING_PATHWAY,0.0147972038820254,0.207934035510443,Non-classical monocytes
Butyricimonas,KEGG_MEDICUS_VARIANT_MUTATION_ACTIVATED_CACNA1D_H_TO_ANGIOTENSIN_ALDOSTERONE_SIGNALING_PATHWAY,-0.0614129475721307,1.68599565914896e-07,Non-classical monocytes
Butyricimonas,KEGG_MEDICUS_VARIANT_MUTATION_ACTIVATED_EGFR_TO_PI3K_SIGNALING_PATHWAY,0.0730856793673479,4.73327019898959e-10,Non-classical monocytes
Butyricimonas,KEGG_MEDICUS_VARIANT_MUTATION_ACTIVATED_EGFR_TO_PLCG_ERK_SIGNALING_PATHWAY,0.0547033467416379,3.18399416915654e-06,Non-classical monocytes
Butyricimonas,KEGG_MEDICUS_VARIANT_MUTATION_ACTIVATED_EGFR_TO_RAS_ERK_SIGNALING_PATHWAY,0.0203949593596851,0.0826115068264577,Non-classical monocytes
Butyricimonas,KEGG_MEDICUS_VARIANT_MUTATION_ACTIVATED_FGFR3_TO_RAS_ERK_SIGNALING_PATHWAY,0.025652770801541,0.0290112816734251,Non-classical monocytes
Butyricimonas,KEGG_MEDICUS_VARIANT_MUTATION_ACTIVATED_GNAS_TO_ACTH_CORTISOL_SIGNALING_PATHWAY,0.0103485709026069,0.378504063456077,Non-classical monocytes
Butyricimonas,KEGG_MEDICUS_VARIANT_MUTATION_ACTIVATED_GNAS_TO_CRHR_PKA_ACTH_SIGNALING_PATHWAY,0.00292313763750192,0.803553562187692,Non-classical monocytes
Butyricimonas,KEGG_MEDICUS_VARIANT_MUTATION_ACTIVATED_KCNJ5_TO_ANGIOTENSIN_ALDOSTERONE_SIGNALING_PATHWAY,-0.0614129475721307,1.68599565914896e-07,Non-classical monocytes
Butyricimonas,KEGG_MEDICUS_VARIANT_MUTATION_ACTIVATED_KIT_TO_PI3K_SIGNALING_PATHWAY,0.0724358589116984,6.73533259611247e-10,Non-classical monocytes
Butyricimonas,KEGG_MEDICUS_VARIANT_MUTATION_ACTIVATED_KIT_TO_RAS_ERK_SIGNALING_PATHWAY,0.0202050725841567,0.0855112412460889,Non-classical monocytes
Butyricimonas,KEGG_MEDICUS_VARIANT_MUTATION_ACTIVATED_KRAS_NRAS_TO_ERK_SIGNALING_PATHWAY,0.0339034796147024,0.00390278644236313,Non-classical monocytes
Butyricimonas,KEGG_MEDICUS_VARIANT_MUTATION_ACTIVATED_KRAS_NRAS_TO_PI3K_SIGNALING_PATHWAY,0.0759198226059551,9.80755446280144e-11,Non-classical monocytes
Butyricimonas,KEGG_MEDICUS_VARIANT_MUTATION_ACTIVATED_LRRK2_TO_INTRINSIC_APOPTOTIC_PATHWAY,0.0549984591707733,2.81674719718984e-06,Non-classical monocytes
Butyricimonas,KEGG_MEDICUS_VARIANT_MUTATION_ACTIVATED_MET_TO_PI3K_SIGNALING_PATHWAY,0.0771847078912793,4.76813000768338e-11,Non-classical monocytes
Butyricimonas,KEGG_MEDICUS_VARIANT_MUTATION_ACTIVATED_MET_TO_RAS_ERK_SIGNALING_PATHWAY,0.0204602969712236,0.0816323682975599,Non-classical monocytes
Butyricimonas,KEGG_MEDICUS_VARIANT_MUTATION_ACTIVATED_PI3K_TO_PI3K_SIGNALING_PATHWAY,0.0511374888786939,1.33373367537129e-05,Non-classical monocytes
Butyricimonas,KEGG_MEDICUS_VARIANT_MUTATION_ACTIVATED_PRKACA_TO_ACTH_CORTISOL_SIGNALING_PATHWAY,0.0250080417681612,0.0333004318479659,Non-classical monocytes
Butyricimonas,KEGG_MEDICUS_VARIANT_MUTATION_ACTIVATED_PRKCG_TO_MGLUR1_TRPC3_SIGNALING_PATHWAY,0.0671119714358053,1.08119132643234e-08,Non-classical monocytes
Butyricimonas,KEGG_MEDICUS_VARIANT_MUTATION_ACTIVATED_RET_TO_PI3K_SIGNALING_PATHWAY,0.0713413008728048,1.21178159612057e-09,Non-classical monocytes
Butyricimonas,KEGG_MEDICUS_VARIANT_MUTATION_ACTIVATED_SMO_TO_HEDGEHOG_SIGNALING_PATHWAY,0.0133603262953072,0.255548956424264,Non-classical monocytes
Butyricimonas,KEGG_MEDICUS_VARIANT_MUTATION_ACTIVATED_USP8_TO_EGFR_ERK_ACTH_SIGNALING_PATHWAY,0.0191267746540042,0.103571520975157,Non-classical monocytes
Butyricimonas,KEGG_MEDICUS_VARIANT_MUTATION_CAUSED_ABBERANT_ATXN2_3_TO_MGLUR5_CA2_APOPTOTIC_PATHWAY,-0.0427395869746714,0.000274046126347381,Non-classical monocytes
Butyricimonas,KEGG_MEDICUS_VARIANT_MUTATION_CAUSED_ABERRANT_ABETA_TO_26S_PROTEASOME_MEDIATED_PROTEIN_DEGRADATION,-0.0622400910463057,1.14801271538652e-07,Non-classical monocytes
Butyricimonas,KEGG_MEDICUS_VARIANT_MUTATION_CAUSED_ABERRANT_ABETA_TO_AGE_RAGE_SIGNALING_PATHWAY,0.0435482955472096,0.000209242489811037,Non-classical monocytes
Butyricimonas,KEGG_MEDICUS_VARIANT_MUTATION_CAUSED_ABERRANT_ABETA_TO_ANTEROGRADE_AXONAL_TRANSPORT,-0.0740060944297532,2.85700661788689e-10,Non-classical monocytes
Butyricimonas,KEGG_MEDICUS_VARIANT_MUTATION_CAUSED_ABERRANT_ABETA_TO_CROSSTALK_BETWEEN_EXTRINSIC_AND_INTRINSIC_APOPTOTIC_PATHWAYS,0.00210253703227148,0.85800067621411,Non-classical monocytes
Butyricimonas,KEGG_MEDICUS_VARIANT_MUTATION_CAUSED_ABERRANT_ABETA_TO_ELECTRON_TRANSFER_IN_COMPLEX_I,-0.152737784962544,4.617576558025e-39,Non-classical monocytes
Butyricimonas,KEGG_MEDICUS_VARIANT_MUTATION_CAUSED_ABERRANT_ABETA_TO_ELECTRON_TRANSFER_IN_COMPLEX_IV,-0.143638000167569,1.06479358124907e-34,Non-classical monocytes
Butyricimonas,KEGG_MEDICUS_VARIANT_MUTATION_CAUSED_ABERRANT_ABETA_TO_IRE1A_JNK_SIGNALING_PATHWAY,0.0473903430833112,5.45922460862244e-05,Non-classical monocytes
Butyricimonas,KEGG_MEDICUS_VARIANT_MUTATION_CAUSED_ABERRANT_ABETA_TO_MACHR_CA2_APOPTOTIC_PATHWAY,-0.0363816707978068,0.00195492252015877,Non-classical monocytes
Butyricimonas,KEGG_MEDICUS_VARIANT_MUTATION_CAUSED_ABERRANT_ABETA_TO_MGLUR5_CA2_APOPTOTIC_PATHWAY,-0.0274426532049826,0.0195054525571618,Non-classical monocytes
Butyricimonas,KEGG_MEDICUS_VARIANT_MUTATION_CAUSED_ABERRANT_ABETA_TO_TRANSPORT_OF_CALCIUM,-0.0811951826514996,4.48796950932489e-12,Non-classical monocytes
Butyricimonas,KEGG_MEDICUS_VARIANT_MUTATION_CAUSED_ABERRANT_ABETA_TO_VGCC_CA2_APOPTOTIC_PATHWAY_N01004,-0.0814060328410054,3.95086783344419e-12,Non-classical monocytes
Butyricimonas,KEGG_MEDICUS_VARIANT_MUTATION_CAUSED_ABERRANT_ABETA_TO_VGCC_CA2_APOPTOTIC_PATHWAY_N01006,-0.0872269271159774,1.03053800286183e-13,Non-classical monocytes
Butyricimonas,KEGG_MEDICUS_VARIANT_MUTATION_CAUSED_ABERRANT_ATXN1_TO_RORA_MEDIATED_TRANSCRIPTION,0.0377885002721561,0.00129612203704498,Non-classical monocytes
Butyricimonas,KEGG_MEDICUS_VARIANT_MUTATION_CAUSED_ABERRANT_DCTN1_TO_RETROGRADE_AXONAL_TRANSPORT,-0.081607640155548,3.49647801652494e-12,Non-classical monocytes
Butyricimonas,KEGG_MEDICUS_VARIANT_MUTATION_CAUSED_ABERRANT_HTT_TO_26S_PROTEASOME_MEDIATED_PROTEIN_DEGRADATION,-0.0626125523893253,9.64045751455467e-08,Non-classical monocytes
Butyricimonas,KEGG_MEDICUS_VARIANT_MUTATION_CAUSED_ABERRANT_HTT_TO_ANTEROGRADE_AXONAL_TRANSPORT,-0.0698095565826013,2.71702304682995e-09,Non-classical monocytes
Butyricimonas,KEGG_MEDICUS_VARIANT_MUTATION_CAUSED_ABERRANT_HTT_TO_AUTOPHAGY_VESICLE_NUCLEATION,0.0272246695751502,0.0204946220867416,Non-classical monocytes
Butyricimonas,KEGG_MEDICUS_VARIANT_MUTATION_CAUSED_ABERRANT_HTT_TO_CREB_MEDIATED_TRANSCRIPTION,0.0349793957521089,0.00290559494816085,Non-classical monocytes
Butyricimonas,KEGG_MEDICUS_VARIANT_MUTATION_CAUSED_ABERRANT_HTT_TO_ELECTRON_TRANSFER_IN_COMPLEX_II,-0.000969568876436785,0.934243213747017,Non-classical monocytes
Butyricimonas,KEGG_MEDICUS_VARIANT_MUTATION_CAUSED_ABERRANT_HTT_TO_ELECTRON_TRANSFER_IN_COMPLEX_III,-0.120245208008428,9.64167168799554e-25,Non-classical monocytes
Butyricimonas,KEGG_MEDICUS_VARIANT_MUTATION_CAUSED_ABERRANT_HTT_TO_EXTRINSIC_APOPTOTIC_PATHWAY,0.0380689698283369,0.00119224080519534,Non-classical monocytes
Butyricimonas,KEGG_MEDICUS_VARIANT_MUTATION_CAUSED_ABERRANT_HTT_TO_MGLUR5_CA2_APOPTOTIC_PATHWAY,-0.0281196965164894,0.0166941618725201,Non-classical monocytes
Butyricimonas,KEGG_MEDICUS_VARIANT_MUTATION_CAUSED_ABERRANT_HTT_TO_REST_MEDIATED_TRANSCRIPTIONAL_REPRESSION,0.0159123697641621,0.175678730117148,Non-classical monocytes
Butyricimonas,KEGG_MEDICUS_VARIANT_MUTATION_CAUSED_ABERRANT_HTT_TO_RETROGRADE_AXONAL_TRANSPORT,-0.0742363876933082,2.51558633418009e-10,Non-classical monocytes
Butyricimonas,KEGG_MEDICUS_VARIANT_MUTATION_CAUSED_ABERRANT_HTT_TO_TNF_JNK_SIGNALING_PATHWAY,0.0447828627691867,0.000137401172284415,Non-classical monocytes
Butyricimonas,KEGG_MEDICUS_VARIANT_MUTATION_CAUSED_ABERRANT_HTT_TO_TRANSPORT_OF_CALCIUM,-0.0710631255693031,1.40492082523695e-09,Non-classical monocytes
Butyricimonas,KEGG_MEDICUS_VARIANT_MUTATION_CAUSED_ABERRANT_PSEN1_TO_ANTEROGRADE_AXONAL_TRANSPORT,0.0363788854741491,0.0019564877489053,Non-classical monocytes
Butyricimonas,KEGG_MEDICUS_VARIANT_MUTATION_CAUSED_ABERRANT_PSEN1_TO_MGLUR5_CA2_APOPTOTIC_PATHWAY,-0.0646115429330843,3.71269342999097e-08,Non-classical monocytes
Butyricimonas,KEGG_MEDICUS_VARIANT_MUTATION_CAUSED_ABERRANT_PSEN1_TO_PERK_ATF4_SIGNALING_PATHWAY,0.000645012196408248,0.956227205392696,Non-classical monocytes
Butyricimonas,KEGG_MEDICUS_VARIANT_MUTATION_CAUSED_ABERRANT_PSEN_TO_MGLUR5_CA2_APOPTOTIC_PATHWAY,-0.0659211604145217,1.95652546852628e-08,Non-classical monocytes
Butyricimonas,KEGG_MEDICUS_VARIANT_MUTATION_CAUSED_ABERRANT_SNCA_TO_26S_PROTEASOME_MEDIATED_PROTEIN_DEGRADATION,-0.0628059692155786,8.80117436249653e-08,Non-classical monocytes
Butyricimonas,KEGG_MEDICUS_VARIANT_MUTATION_CAUSED_ABERRANT_SNCA_TO_ANTEROGRADE_AXONAL_TRANSPORT,-0.0711055728327194,1.3736208278468e-09,Non-classical monocytes
Butyricimonas,KEGG_MEDICUS_VARIANT_MUTATION_CAUSED_ABERRANT_SNCA_TO_ELECTRON_TRANSFER_IN_COMPLEX_I,-0.157174985735376,2.73133910719953e-41,Non-classical monocytes
Butyricimonas,KEGG_MEDICUS_VARIANT_MUTATION_CAUSED_ABERRANT_SNCA_TO_PERK_ATF4_SIGNALING_PATHWAY,-0.0156357535045496,0.183308446881204,Non-classical monocytes
Butyricimonas,KEGG_MEDICUS_VARIANT_MUTATION_CAUSED_ABERRANT_SNCA_TO_VGCC_CA2_APOPTOTIC_PATHWAY,-0.0711947687387252,1.3100474679827e-09,Non-classical monocytes
Butyricimonas,KEGG_MEDICUS_VARIANT_MUTATION_CAUSED_ABERRANT_SOD1_TO_26S_PROTEASOME_MEDIATED_PROTEIN_DEGRADATION,-0.130130518058118,9.91174984633571e-29,Non-classical monocytes
Butyricimonas,KEGG_MEDICUS_VARIANT_MUTATION_CAUSED_ABERRANT_SOD1_TO_INTRINSIC_APOPTOTIC_PATHWAY,-0.0357623756339548,0.00233265291137596,Non-classical monocytes
Butyricimonas,KEGG_MEDICUS_VARIANT_MUTATION_CAUSED_ABERRANT_SOD1_TO_PERK_ATF4_SIGNALING_PATHWAY,-0.0610697334661457,1.97466765871501e-07,Non-classical monocytes
Butyricimonas,KEGG_MEDICUS_VARIANT_MUTATION_CAUSED_ABERRANT_SOD1_TO_RETROGRADE_AXONAL_TRANSPORT,-0.0463533684966806,7.92509219877251e-05,Non-classical monocytes
Butyricimonas,KEGG_MEDICUS_VARIANT_MUTATION_CAUSED_ABERRANT_SPTBN2_TO_MGLUR1_TRPC3_SIGNALING_PATHWAY,0.0665567637055889,1.42740283041585e-08,Non-classical monocytes
Butyricimonas,KEGG_MEDICUS_VARIANT_MUTATION_CAUSED_ABERRANT_TDP43_TO_ELECTRON_TRANSFER_IN_COMPLEX_I,-0.155459535034904,2.02117326889938e-40,Non-classical monocytes
Butyricimonas,KEGG_MEDICUS_VARIANT_MUTATION_INACTIVATED_APC_TO_WNT_SIGNALING_PATHWAY,0.0534173774165916,5.39253995248853e-06,Non-classical monocytes
Butyricimonas,KEGG_MEDICUS_VARIANT_MUTATION_INACTIVATED_ATP1A1_TO_ANGIOTENSIN_ALDOSTERONE_SIGNALING_PATHWAY,-0.058265516921984,6.96142089892999e-07,Non-classical monocytes
Butyricimonas,KEGG_MEDICUS_VARIANT_MUTATION_INACTIVATED_ATP2B3_TO_ANGIOTENSIN_ALDOSTERONE_SIGNALING_PATHWAY,-0.0614767588321328,1.63702425331596e-07,Non-classical monocytes
Butyricimonas,KEGG_MEDICUS_VARIANT_MUTATION_INACTIVATED_ATXN3_TO_AUTOPHAGY_VESICLE_NUCLEATION,0.0158212535307837,0.178165321423226,Non-classical monocytes
Butyricimonas,KEGG_MEDICUS_VARIANT_MUTATION_INACTIVATED_AXIN_TO_WNT_SIGNALING_PATHWAY,0.0533441454253436,5.55484618074521e-06,Non-classical monocytes
Butyricimonas,KEGG_MEDICUS_VARIANT_MUTATION_INACTIVATED_DJ1_TO_FAS_JNK_SIGNALING_PATWHAY,-0.0128564441972214,0.273915468106304,Non-classical monocytes
Butyricimonas,KEGG_MEDICUS_VARIANT_MUTATION_INACTIVATED_ERBB4_TO_NRG_ERBB4_PI3K_SIGNALING_PATHWAY,0.0310223795968641,0.0082772300914907,Non-classical monocytes
Butyricimonas,KEGG_MEDICUS_VARIANT_MUTATION_INACTIVATED_FGF17_TO_RAS_ERK_SIGNALING_PATHWAY,0.0203897199883791,0.0826904336309988,Non-classical monocytes
Butyricimonas,KEGG_MEDICUS_VARIANT_MUTATION_INACTIVATED_OPTN_TO_PINK_PARKIN_MEDIATED_AUTOPHAGOSOME_FORMATION,0.0236737437515473,0.0439206817223262,Non-classical monocytes
Butyricimonas,KEGG_MEDICUS_VARIANT_MUTATION_INACTIVATED_P62_TO_PINK_PARKIN_MEDIATED_AUTOPHAGOSOME_FORMATION,-0.0113715860870017,0.333184632477779,Non-classical monocytes
Butyricimonas,KEGG_MEDICUS_VARIANT_MUTATION_INACTIVATED_PDE11A_PDE8B_TO_ACTH_CORTISOL_SIGNALING_PATHWAY,0.0258037201272046,0.0280787108870692,Non-classical monocytes
Butyricimonas,KEGG_MEDICUS_VARIANT_MUTATION_INACTIVATED_PINK1_TO_ELECTRON_TRANSFER_IN_COMPLEX_I,-0.157352429956189,2.21767465689512e-41,Non-classical monocytes
Butyricimonas,KEGG_MEDICUS_VARIANT_MUTATION_INACTIVATED_PINK1_TO_INTRINSIC_APOPTOTIC_PATHWAY_N01048,0.0232263570572894,0.0480687614548846,Non-classical monocytes
Butyricimonas,KEGG_MEDICUS_VARIANT_MUTATION_INACTIVATED_PINK1_TO_INTRINSIC_APOPTOTIC_PATHWAY_N01050,0.00896343132599088,0.445596716785106,Non-classical monocytes
Butyricimonas,KEGG_MEDICUS_VARIANT_MUTATION_INACTIVATED_PRKAR1A_TO_ACTH_CORTISOL_SIGNALING_PATHWAY,0.0258617452256379,0.0277271655338481,Non-classical monocytes
Butyricimonas,KEGG_MEDICUS_VARIANT_MUTATION_INACTIVATED_PRKN_TO_INTRINSIC_APOPTOTIC_PATHWAY,0.0084786249239278,0.470590536202032,Non-classical monocytes
Butyricimonas,KEGG_MEDICUS_VARIANT_MUTATION_INACTIVATED_PRKN_TO_MGLUR1_SIGNALING_PATHWAY,0.0684888795388805,5.37742622683775e-09,Non-classical monocytes
Butyricimonas,KEGG_MEDICUS_VARIANT_MUTATION_INACTIVATED_PROK2_TO_PROK_PRKR_GI_ERK_SIGNALING_PATHWAY,0.00548970274363949,0.640384855921141,Non-classical monocytes
Butyricimonas,KEGG_MEDICUS_VARIANT_MUTATION_INACTIVATED_PROKR2_TO_PROK_PRKR_GI_ERK_SIGNALING_PATHWAY,0.00548970274363949,0.640384855921141,Non-classical monocytes
Butyricimonas,KEGG_MEDICUS_VARIANT_MUTATION_INACTIVATED_PTCH1_TO_HEDGEHOG_SIGNALING_PATHWAY,0.0133603262953072,0.255548956424264,Non-classical monocytes
Butyricimonas,KEGG_MEDICUS_VARIANT_MUTATION_INACTIVATED_RASD1_TO_CRHR_PKA_ACTH_SIGNALING_PATHWAY,0.0238675503008683,0.0422198717577389,Non-classical monocytes
Butyricimonas,KEGG_MEDICUS_VARIANT_MUTATION_INACTIVATED_RUNX1_TO_TRANSCRIPTION,0.0163091298260044,0.165152154704933,Non-classical monocytes
Butyricimonas,KEGG_MEDICUS_VARIANT_MUTATION_INACTIVATED_SIGMAR1_TO_CA2_APOPTOTIC_PATHWAY,-0.0707673112683434,1.64318785030726e-09,Non-classical monocytes
Butyricimonas,KEGG_MEDICUS_VARIANT_MUTATION_INACTIVATED_TP53_TO_TRANSCRIPTION,-0.0100424263057056,0.392771556114784,Non-classical monocytes
Butyricimonas,KEGG_MEDICUS_VARIANT_MUTATION_INACTIVATED_UBQLN2_TO_26S_PROTEASOME_MEDIATED_PROTEIN_DEGRADATION,-0.119946015014952,1.25857610176875e-24,Non-classical monocytes
Butyricimonas,KEGG_MEDICUS_VARIANT_MUTATION_INACTIVATED_VCP_TO_26S_PROTEASOME_MEDIATED_PROTEIN_DEGRADATION,-0.118638578074386,4.0010559905301e-24,Non-classical monocytes
Butyricimonas,KEGG_MEDICUS_VARIANT_NOTCH_OVEREXPRESSION_TO_NOTCH_SIGNALING_PATHWAY,0.00956318717870774,0.415749690990728,Non-classical monocytes
Butyricimonas,KEGG_MEDICUS_VARIANT_OLIGOMERIC_CONFORMATION_PRPC_TO_ANTEROGRADE_AXONAL_TRANSPORT,0.0100863168275534,0.390706310093961,Non-classical monocytes
Butyricimonas,KEGG_MEDICUS_VARIANT_PAX8_PPARG_FUSION_TO_PPARG_MEDIATED_TRANSCRIPTION,0.0403802184900856,0.00058681248499546,Non-classical monocytes
Butyricimonas,KEGG_MEDICUS_VARIANT_RET_FUSION_KINASE_TO_RAS_ERK_SIGNALING_PATHWAY,0.0367100127662087,0.00177826014765008,Non-classical monocytes
Butyricimonas,KEGG_MEDICUS_VARIANT_SCRAPIE_CONFORMATION_PRPSC_TO_26S_PROTEASOME_MEDIATED_PROTEIN_DEGRADATION,-0.0624237795685212,1.05340026265031e-07,Non-classical monocytes
Butyricimonas,KEGG_MEDICUS_VARIANT_SCRAPIE_CONFORMATION_PRPSC_TO_MGLUR5_CA2_APOPTOTIC_PATHWAY,-0.0561600860684581,1.72844496088289e-06,Non-classical monocytes
Butyricimonas,KEGG_MEDICUS_VARIANT_SCRAPIE_CONFORMATION_PRPSC_TO_PERK_ATF4_SIGNALING_PATHWAY,-0.0153730524109378,0.19077903471875,Non-classical monocytes
Butyricimonas,KEGG_MEDICUS_VARIANT_SCRAPIE_CONFORMATION_PRPSC_TO_TRANSPORT_OF_CALCIUM,-0.0708380239275618,1.58288214717187e-09,Non-classical monocytes
Butyricimonas,KEGG_MEDICUS_VARIANT_SCRAPIE_CONFORMATION_PRPSC_TO_VGCC_CA2_APOPTOTIC_PATHWAY,-0.00124532808000797,0.91560319588237,Non-classical monocytes
Butyricimonas,KEGG_MEDICUS_VARIANT_TEL_AML1_FUSION_TO_TRANSCRIPTIONAL_REPRESSION,0.0330671919048185,0.0048824515347774,Non-classical monocytes
Butyricimonas,KEGG_MEDICUS_VARIANT_TGFA_OVEREXPRESSION_TO_PI3K_SIGNALING_PATHWAY,0.0676920762052452,8.06911282379046e-09,Non-classical monocytes
Butyricimonas,KEGG_MEDICUS_VARIANT_TMPRSS2_ERG_FUSION_TO_TRANSCRIPTIONAL_ACTIVATION,-0.00828091795064716,0.481001068445768,Non-classical monocytes
Butyricimonas,KEGG_MEDICUS_VARIANT_TRK_FUSION_KINASE_TO_RAS_ERK_SIGNALING_PATHWAY,0.0371044172024409,0.00158549416935539,Non-classical monocytes
